Accession,Genes,Description,Peptides,PD_Detected_Peptides,LFQ.Intensity.TID25_1,LFQ.Intensity.TID25_2,LFQ.Intensity.TID25_3,LFQ.Intensity.CT25_1,LFQ.Intensity.CT25_2,LFQ.Intensity.CT25_3,LFQ.Intensity.CTF25_1,LFQ.Intensity.CTF25_2,LFQ.Intensity.CTF25_3,LFQ.Intensity.TID37_1,LFQ.Intensity.TID37_2,LFQ.Intensity.TID37_3,LFQ.Intensity.CT37_1,LFQ.Intensity.CT37_2,LFQ.Intensity.CT37_3,LFQ.Intensity.CTF37_1,LFQ.Intensity.CTF37_2,LFQ.Intensity.CTF37_3
H6VMG1,Mbs1,Mbp1 and Swi4-like APSES protein 1 OS=Cryptococcus neoformans var. grubii serotype A (strain H99 / ATCC 208821 / CBS 10515 / FGSC 9487) GN=Mbs1 PE=2 SV=1,1,1.-.1.-.-.-.-.-.-.-.1.-.-.1.1.1.1.1.1.1.1.-,6107.164349,5625.141199,4750.166382,1675.654311,10063.52113,6858.01536,3651.501635,5544.975301,8951.601431,1010.825458,2919.266634,988.0886066,5347.007719,5947.933224,3662.222668,10273.93013,4742.969258,4907.016695
J9VD30,CNAG_00044,Ribosome assembly protein 1 OS=Cryptococcus neoformans var. grubii serotype A (strain H99 / ATCC 208821 / CBS 10515 / FGSC 9487) GN=CNAG_00044 PE=4 SV=1,2,1.1.2.2.1.1.1.1.1.1.1.2.1.2.2.2.2.2.2.1.2.2,59762.32295,387994.3345,31279.27839,372722.0639,1007637.211,280554.198,28350.20784,32447.76128,198629.053,409383.4864,342298.7087,124421.9418,345736.7289,120965.6942,56902.51507,196917.6531,90293.6106,129736.7821
J9VD54,CNAG_00075,Uncharacterized protein OS=Cryptococcus neoformans var. grubii serotype A (strain H99 / ATCC 208821 / CBS 10515 / FGSC 9487) GN=CNAG_00075 PE=4 SV=1,4,2.1.3.2.1.1.3.1.2.3.2.4.3.4.4.4.3.4.4.4.4.4,94456.42733,78343.06155,77386.21508,62372.3527,372941.5992,219923.4519,111866.6931,149403.7669,228419.9347,150495.9912,172828.5801,129278.5928,392665.1131,428989.0665,142078.5652,206349.3874,457306.1685,751006.3302
J9VD75,CNAG_00100,Stress-induced-phosphoprotein 1 OS=Cryptococcus neoformans var. grubii serotype A (strain H99 / ATCC 208821 / CBS 10515 / FGSC 9487) GN=CNAG_00100 PE=4 SV=1,33,14.6.23.9.9.10.10.9.9.20.20.25.25.26.31.32.27.30.24.23.23.24,1807951.646,3737932.941,2711133.299,2894371.605,5038522.44,3871522.16,2062487.947,2608042.055,3063426.067,5149196.955,4589073.357,4396204.499,3360064.859,3519279.775,4212972.588,7192927.752,4876821.348,5601146.694
J9VD88,CNAG_00116,Small subunit ribosomal protein S3 OS=Cryptococcus neoformans var. grubii serotype A (strain H99 / ATCC 208821 / CBS 10515 / FGSC 9487) GN=CNAG_00116 PE=3 SV=1,25,20.15.25.17.11.16.19.15.16.18.18.19.22.22.23.20.20.21.21.22.20.19,8084965.36,8535988.614,16797823.43,5714638.534,5421751.719,6817704.036,5969639.99,4019233.085,5557698.138,5228682.154,5938796.873,5749223.239,4557005.764,5889204.277,5844757.062,5843824.259,3445286.574,4675700.518
J9VD92,CNAG_00121,Glycerol-3-phosphate dehydrogenase [NAD(+)] OS=Cryptococcus neoformans var. grubii serotype A (strain H99 / ATCC 208821 / CBS 10515 / FGSC 9487) GN=CNAG_00121 PE=3 SV=1,4,-.-.3.-.-.-.1.1.-.3.-.3.3.3.4.4.3.4.2.3.2.2,13111.25182,21595.14605,30640.64938,24954.42318,25048.32174,25009.48544,36979.28698,59861.62711,60104.59304,62055.97072,103223.4713,101559.8516,87046.32009,105133.1844,124969.407,164218.7282,99507.03617,103049.9971
J9VD96,CNAG_00126,2-deoxy-D-gluconate 3-dehydrogenase OS=Cryptococcus neoformans var. grubii serotype A (strain H99 / ATCC 208821 / CBS 10515 / FGSC 9487) GN=CNAG_00126 PE=3 SV=1,3,2.-.3.1.-.-.-.1.-.2.1.2.2.3.3.3.2.3.2.2.2.2,42955.82394,37327.68372,57743.73288,29509.61137,13688.71518,8541.030173,21048.97431,17463.76484,23749.69619,44314.66713,66909.48954,59083.17218,143169.5631,91798.75121,130448.6424,226404.9494,198904.3725,109920.3015
J9VDA1,CNAG_00130,CAMK/CAMK1/CAMK1-RCK protein kinase OS=Cryptococcus neoformans var. grubii serotype A (strain H99 / ATCC 208821 / CBS 10515 / FGSC 9487) GN=CNAG_00130 PE=4 SV=2,7,-.-.5.-.-.-.1.1.-.3.-.4.6.4.7.6.5.6.6.4.4.5,35128.99283,39162.06357,107348.487,38065.94801,28038.91197,36689.06391,86359.46083,86630.52407,38855.75227,77795.24144,58366.25781,132181.5935,309662.1481,318914.2645,268000.195,339677.7895,344062.9263,266737.299
J9VDD8,CNAG_00165,S-methyl-5'-thioadenosine phosphorylase OS=Cryptococcus neoformans var. grubii serotype A (strain H99 / ATCC 208821 / CBS 10515 / FGSC 9487) GN=CNAG_00165 PE=3 SV=1,10,2.3.10.4.2.4.4.1.2.8.7.7.7.7.10.7.7.7.8.9.6.6,1413269.652,476749.4118,844226.3581,472668.4294,441720.5569,325170.0906,1036418.925,1429867.706,2205356.912,422484.679,539014.9523,620859.4382,363941.2877,371717.5088,350869.2727,383257.8666,185240.9046,380956.2458
J9VDE9,CNAG_00176,Glutamate carboxypeptidase OS=Cryptococcus neoformans var. grubii serotype A (strain H99 / ATCC 208821 / CBS 10515 / FGSC 9487) GN=CNAG_00176 PE=4 SV=1,5,1.1.4.1.1.2.1.1.2.3.2.2.5.4.5.5.4.5.3.1.3.3,328591.4629,213048.8304,77792.71858,200291.9791,377300.3292,432414.2724,215011.6132,295819.75,273354.7829,128628.8965,214499.5879,125349.6023,257718.4918,289384.9806,220554.9956,380814.5916,305957.2425,312027.5045
J9VDL3,CNAG_00238,Isoleucine-tRNA ligase OS=Cryptococcus neoformans var. grubii serotype A (strain H99 / ATCC 208821 / CBS 10515 / FGSC 9487) GN=CNAG_00238 PE=3 SV=1,2,1.-.2.1.-.1.1.1.-.1.1.1.1.1.2.2.1.2.1.1.1.1,53574.74847,186571.1298,66560.74261,85330.49358,60621.10071,31035.90757,58340.2383,37600.58253,43974.36548,39808.02183,29680.61746,59231.26493,32578.37056,60983.47529,92724.28204,89667.08182,91302.08833,73200.80765
J9VDQ8,CNAG_00264,Nuclease I OS=Cryptococcus neoformans var. grubii serotype A (strain H99 / ATCC 208821 / CBS 10515 / FGSC 9487) GN=CNAG_00264 PE=4 SV=1,1,-.-.1.-.1.-.-.-.-.-.-.1.-.1.1.1.-.1.-.1.-.-,9043.262627,3477.561708,9305.051284,3503.37298,32872.63002,6442.377829,6594.840723,5583.491055,5576.390706,4102.040737,1889.052688,32561.61663,11641.80759,8129.612896,23077.8656,21252.9916,30493.87246,12598.73391
J9VDR3,CNAG_00034,Large subunit ribosomal protein L9e OS=Cryptococcus neoformans var. grubii serotype A (strain H99 / ATCC 208821 / CBS 10515 / FGSC 9487) GN=CNAG_00034 PE=4 SV=1,14,11.8.14.11.8.11.11.9.9.10.13.13.14.11.13.10.11.11.11.11.12.12,8182822.181,6662709.069,14019774.09,6171198.944,4410582.171,5988290.529,6224648.671,4376815.268,6881183.049,4640544.908,5287318.3,4662318.647,3322638.063,3855224.878,3778934.194,3015745.128,2394792.035,2873351.899
J9VDS7,CNAG_00293,Ras-like protein OS=Cryptococcus neoformans var. grubii serotype A (strain H99 / ATCC 208821 / CBS 10515 / FGSC 9487) GN=CNAG_00293 PE=4 SV=1,7,5.5.6.5.2.1.1.4.2.5.3.6.4.5.7.6.2.6.4.5.5.5,738238.0763,763518.939,328322.6583,149683.8334,164563.1615,83515.12611,103621.8578,244336.0346,122119.2319,102967.2617,119783.8709,161262.6219,119721.7021,190903.79,140531.3273,147808.0111,279718.7635,136559.1254
J9VDT9,CNAG_00065,Ran-binding protein 1 OS=Cryptococcus neoformans var. grubii serotype A (strain H99 / ATCC 208821 / CBS 10515 / FGSC 9487) GN=CNAG_00065 PE=4 SV=1,4,4.1.4.2.2.2.2.2.2.4.3.4.4.4.4.4.3.4.3.3.3.3,409273.943,940701.8365,586825.2506,355337.5705,193721.8887,180975.1272,218260.4359,185524.5877,274725.6054,631598.3258,440316.2249,591808.0874,493864.3696,520755.111,691518.4678,1106264.665,789094.0119,753459.8689
J9VDW0,CNAG_07352,MICOS complex subunit OS=Cryptococcus neoformans var. grubii serotype A (strain H99 / ATCC 208821 / CBS 10515 / FGSC 9487) GN=CNAG_07352 PE=4 SV=1,4,1.-.3.-.-.-.1.1.-.1.1.1.4.3.4.4.2.4.4.3.3.3,50037.26557,110345.9042,73988.3811,31471.27048,19576.60106,15801.28678,34528.4421,45447.73993,32515.86296,44419.21918,123261.0806,55652.2817,179780.2307,168507.2515,222669.6761,328803.1984,280029.8451,180202.9106
J9VDW3,CNAG_00091,Uncharacterized protein OS=Cryptococcus neoformans var. grubii serotype A (strain H99 / ATCC 208821 / CBS 10515 / FGSC 9487) GN=CNAG_00091 PE=4 SV=1,18,3.4.14.2.2.1.3.3.1.18.15.17.18.18.18.14.17.18.16.17.16.15,248621.5251,249785.7997,799779.0978,76485.60078,118575.031,118671.3759,171291.326,204883.4562,149793.5578,5331513.753,4108926.566,6940108.302,9634174.774,5770300.358,4035158.172,1402966.313,3860062.791,9103289.351
J9VDY5,CNAG_00111,Splicing factor 3A subunit 1 OS=Cryptococcus neoformans var. grubii serotype A (strain H99 / ATCC 208821 / CBS 10515 / FGSC 9487) GN=CNAG_00111 PE=4 SV=1,3,-.-.2.-.-.-.-.-.-.1.-.1.2.-.3.3.1.2.-.-.1.-,16618.61733,13673.71088,35619.37475,13908.80881,24196.33594,7894.605507,11264.76944,24304.47418,16294.14872,21300.80662,25436.39926,16393.56181,44053.80299,87373.11908,60224.14483,94684.21085,86688.85419,45015.04223
J9VE11,CNAG_00136,Ubiquitin-activating enzyme E1 OS=Cryptococcus neoformans var. grubii serotype A (strain H99 / ATCC 208821 / CBS 10515 / FGSC 9487) GN=CNAG_00136 PE=4 SV=1,14,4.2.11.4.2.1.6.3.3.9.6.11.11.11.12.12.10.13.10.10.12.9,182502.6543,2823839.633,337949.6326,1177918.586,906397.7866,899460.7488,267516.008,814119.729,235740.0602,875151.2566,1487416.931,637828.993,558475.1904,570827.2448,585676.5358,1129730.59,765419.2998,822536.1656
J9VE17,CNAG_00409,Uncharacterized protein OS=Cryptococcus neoformans var. grubii serotype A (strain H99 / ATCC 208821 / CBS 10515 / FGSC 9487) GN=CNAG_00409 PE=4 SV=2,2,1.1.2.1.1.1.1.1.1.1.1.2.2.2.2.2.2.2.2.2.2.1,1796709.233,7246640.963,4462308.039,6927501.477,7274457.349,9874406.571,7748477.711,6295411.846,7078364.423,4754191.037,5864011.797,2693275.332,2194585.962,2703317.605,1763320.109,1984243.5,6579362.44,2578920.356
J9VE28,CNAG_00151,Transcription elongation regulator 1 OS=Cryptococcus neoformans var. grubii serotype A (strain H99 / ATCC 208821 / CBS 10515 / FGSC 9487) GN=CNAG_00151 PE=4 SV=2,2,-.-.2.-.-.-.-.-.-.-.-.-.-.1.2.1.-.1.1.-.-.-,9014.708172,8695.299881,23284.19104,6927.695474,12448.59062,6308.935065,9523.597478,21904.90169,8082.323754,6249.841987,3606.432478,6694.481161,9334.762626,9636.302639,9551.095715,9001.841442,11972.69069,9032.44091
J9VE48,CNAG_00450,3-isopropylmalate dehydrogenase OS=Cryptococcus neoformans var. grubii serotype A (strain H99 / ATCC 208821 / CBS 10515 / FGSC 9487) GN=CNAG_00450 PE=3 SV=1,10,2.1.10.1.-.4.4.-.2.8.6.8.7.6.10.8.5.9.8.6.5.7,150773.4427,144350.6798,395295.9418,90417.0941,83044.62268,138314.6338,143018.4174,170347.6178,136441.2889,295121.049,247061.4193,250059.2082,255883.3871,235751.3023,278623.772,287525.8106,226776.4875,242394.9713
J9VE53,CNAG_00455,Ubiquitin carboxyl-terminal hydrolase Ubp16 OS=Cryptococcus neoformans var. grubii serotype A (strain H99 / ATCC 208821 / CBS 10515 / FGSC 9487) GN=CNAG_00455 PE=3 SV=2,4,3.3.3.3.3.3.3.3.2.3.3.2.3.3.3.3.2.4.3.3.3.3,1128411.414,1131554.125,848024.8102,564887.565,1976818.851,2518754.363,1424758.759,1513099.965,1160325.872,425577.8134,929004.2251,450860.0501,604308.6429,621513.8429,267432.9146,70019.71519,336819.6187,313834.7541
J9VE80,CNAG_00485,Uncharacterized protein OS=Cryptococcus neoformans var. grubii serotype A (strain H99 / ATCC 208821 / CBS 10515 / FGSC 9487) GN=CNAG_00485 PE=4 SV=1,2,1.-.2.-.-.-.1.1.-.2.-.1.2.1.2.2.2.2.2.1.2.-,48843.70436,54162.07293,58643.03458,10637.64066,15084.10118,7846.356015,8236.292559,30065.28277,11443.53276,67969.66042,34415.75935,45582.09604,102278.1338,79725.64598,66642.654,47926.22381,47501.13735,70718.79124
J9VE82,CNAG_07322,Uncharacterized protein OS=Cryptococcus neoformans var. grubii serotype A (strain H99 / ATCC 208821 / CBS 10515 / FGSC 9487) GN=CNAG_07322 PE=4 SV=1,9,2.2.3.-.1.1.-.3.1.2.1.4.5.6.6.9.4.6.4.4.-.3,137973.0766,104785.6432,40258.3147,35989.91864,129829.1263,74827.93808,54963.95193,97377.69815,52389.39971,94461.71886,131238.3185,121688.4035,201967.598,201205.3242,204159.8051,273488.8827,371529.5731,232121.4869
J9VE95,CNAG_00506,Uncharacterized protein OS=Cryptococcus neoformans var. grubii serotype A (strain H99 / ATCC 208821 / CBS 10515 / FGSC 9487) GN=CNAG_00506 PE=4 SV=1,2,1.2.2.2.1.2.2.1.2.-.-.1.-.-.1.-.-.-.2.1.2.1,165042.8798,299340.1687,52399.24405,183496.5407,233099.2342,194720.1065,137063.4412,191977.2777,184071.0758,4498.803143,2605.384544,9121.274675,3407.327057,2890.984806,3923.182757,2124.081886,4444.560015,2561.518393
J9VEC2,yap1 CNAG_00239,Uncharacterized protein OS=Cryptococcus neoformans var. grubii serotype A (strain H99 / ATCC 208821 / CBS 10515 / FGSC 9487) GN=CNAG_00239 PE=4 SV=2,1,-.-.1.-.-.-.1.1.-.1.-.1.1.1.1.-.1.1.1.1.1.1,2804.034239,1856.151472,7086.312224,2889.877312,11813.72996,5688.505656,8286.144163,10094.68851,7061.225619,18269.66684,27404.0664,13369.31332,23971.31248,22750.36014,16069.44159,6391.64909,11389.29588,24491.48586
J9VED5,CNAG_00556,CK1/CK1/CK1-G protein kinase OS=Cryptococcus neoformans var. grubii serotype A (strain H99 / ATCC 208821 / CBS 10515 / FGSC 9487) GN=CNAG_00556 PE=3 SV=1,1,-.1.1.-.-.-.-.-.-.1.1.-.-.1.-.-.-.-.1.-.1.-,3963.20523,3314.173777,5546.244526,3547.239099,5582.416874,4008.876906,1905.574369,11596.05168,2625.586774,1774.414785,1929.297073,1531.630793,2840.93577,4557.370637,1706.289037,832.6150411,761.2432689,1368.401452
J9VEG9,TIF34 CNAG_00602,Eukaryotic translation initiation factor 3 subunit I OS=Cryptococcus neoformans var. grubii serotype A (strain H99 / ATCC 208821 / CBS 10515 / FGSC 9487) GN=TIF34 PE=3 SV=1,3,1.-.2.2.-.1.2.1.1.3.1.3.2.2.3.3.3.2.2.2.3.2,31977.11467,31081.32943,42062.73763,75193.0307,37868.22549,26040.4111,39434.76661,25981.02843,28000.6788,96351.94363,83621.69524,73432.05361,74274.34638,70112.37756,92364.76962,187716.2412,92990.35628,135395.1633
J9VEI4,CNAG_00280,"Complement component 1 Q subcomponent-binding protein, mitochondrial OS=Cryptococcus neoformans var. grubii serotype A (strain H99 / ATCC 208821 / CBS 10515 / FGSC 9487) GN=CNAG_00280 PE=4 SV=1",2,1.1.1.1.1.1.1.1.1.1.1.1.1.1.2.2.1.1.1.1.1.1,227709.6545,706837.7249,148460.7007,754191.407,1368577.237,1648043.884,189908.4365,535292.1522,874730.0277,809811.3177,1081958.315,81261.96931,570925.7323,294374.2263,92455.20004,439122.9331,134552.8165,268838.2488
J9VEL7,CNAG_00334,Hsp75-like protein OS=Cryptococcus neoformans var. grubii serotype A (strain H99 / ATCC 208821 / CBS 10515 / FGSC 9487) GN=CNAG_00334 PE=3 SV=1,29,18.8.27.17.5.13.13.13.11.21.13.25.22.26.29.26.24.26.21.22.22.21,6342342.381,5691502.836,3982297.55,3804351.807,2480344.044,1659048.587,2334909.922,2605435.352,2399268.588,3529257.88,3459567.949,3808689.797,3225381.701,3741290.473,4243885.35,5939693.212,3375146.171,4218793.358
J9VEN6,CNAG_00678,Urease accessory protein UreG OS=Cryptococcus neoformans var. grubii serotype A (strain H99 / ATCC 208821 / CBS 10515 / FGSC 9487) GN=CNAG_00678 PE=3 SV=1,1,-.-.1.-.-.-.-.-.-.1.1.1.1.1.1.1.1.1.1.1.1.-,1733.33534,1930.562057,1601.602247,2071.848001,6289.632763,3046.500494,6180.351948,2359.073988,3298.693218,18708.24373,31184.2085,61538.12758,31651.90084,39322.43044,38549.9996,99753.04556,29148.02628,32975.63902
J9VEP5,CNAG_00385,Proteasome subunit beta type OS=Cryptococcus neoformans var. grubii serotype A (strain H99 / ATCC 208821 / CBS 10515 / FGSC 9487) GN=CNAG_00385 PE=3 SV=1,2,1.1.2.1.1.1.1.1.1.1.1.2.1.1.2.2.2.2.1.1.1.1,51400.82523,147428.5163,32679.97443,256972.4842,261129.2739,64793.06446,27763.11501,100439.8855,61138.998,8388.54247,99640.85499,36660.22696,65082.52067,10334.75724,56339.0247,19799.12436,71325.97252,17534.78493
J9VEQ6,CNAG_00400,Secondary thiamine-phosphate synthase enzyme OS=Cryptococcus neoformans var. grubii serotype A (strain H99 / ATCC 208821 / CBS 10515 / FGSC 9487) GN=CNAG_00400 PE=4 SV=2,1,-.-.1.-.-.-.-.-.-.1.1.1.1.1.1.1.1.1.1.1.1.-,2009.211204,7259.744216,1257.16648,2386.179592,3793.30328,5721.767386,2567.321033,3937.098691,4249.527111,41223.67964,29960.22982,35758.35799,39773.50139,34768.34103,48498.97299,94686.83669,24854.09733,56019.42096
J9VER4,CNAG_00410,Uncharacterized protein OS=Cryptococcus neoformans var. grubii serotype A (strain H99 / ATCC 208821 / CBS 10515 / FGSC 9487) GN=CNAG_00410 PE=4 SV=2,1,1.-.1.1.-.1.1.1.1.1.1.1.1.1.1.1.1.1.1.1.1.1,342066.1299,281040.1506,363176.1577,202899.1901,378828.9623,197575.5204,209273.9878,145439.2571,166376.005,252895.4439,201451.9996,217420.7367,219469.1776,246660.8688,280227.8088,494258.4502,209072.9644,260930.527
J9VER8,CNAG_00415,CMGC/CDK protein kinase OS=Cryptococcus neoformans var. grubii serotype A (strain H99 / ATCC 208821 / CBS 10515 / FGSC 9487) GN=CNAG_00415 PE=4 SV=2,2,1.1.1.1.1.2.1.1.2.2.2.1.2.1.1.2.1.1.2.1.1.1,101929.7832,106036.4415,22873.18574,152329.6524,72688.49738,71146.02697,94659.61539,211802.4732,177753.0772,57859.26775,102485.2223,89842.66725,39061.96186,26023.77819,10800.03041,33431.04234,27114.96912,22698.62301
J9VES3,CNAG_00717,Uncharacterized protein OS=Cryptococcus neoformans var. grubii serotype A (strain H99 / ATCC 208821 / CBS 10515 / FGSC 9487) GN=CNAG_00717 PE=4 SV=1,5,-.-.3.-.-.1.1.-.1.3.2.3.4.3.5.3.3.5.3.3.3.2,15517.06727,31558.75064,30801.18776,26946.29463,29070.15408,19829.84325,17210.63448,15388.81903,25754.67569,38950.58068,21756.65727,51589.05606,104595.176,129183.797,115537.4926,106029.0455,72976.32349,97748.22134
J9VET5,CNAG_00441,Inosine-5'-monophosphate dehydrogenase OS=Cryptococcus neoformans var. grubii serotype A (strain H99 / ATCC 208821 / CBS 10515 / FGSC 9487) GN=CNAG_00441 PE=3 SV=1,18,7.7.18.8.3.8.6.6.5.15.9.18.15.17.18.15.14.18.14.12.13.11,587518.1272,646120.3009,943949.0363,425927.9982,510947.5971,502183.1571,277015.9101,362753.945,272704.3936,1097662.003,1011496.431,1098684.487,1111441.57,969330.2989,1296638.488,1240581.281,683587.1172,975706.719
J9VEU9,CNAG_00461,Protein kinase C substrate 80K-H OS=Cryptococcus neoformans var. grubii serotype A (strain H99 / ATCC 208821 / CBS 10515 / FGSC 9487) GN=CNAG_00461 PE=4 SV=1,3,-.-.1.-.-.-.-.-.-.1.-.3.2.2.3.3.2.2.1.2.1.-,9536.236608,14857.52965,3199.075354,9647.716526,18757.59815,9398.075487,11571.88638,16913.16547,19343.99624,32641.41327,50857.48921,52379.38821,59492.44466,40854.71539,63119.8464,103823.4808,39008.28758,53297.42644
J9VEV6,CNAG_00471,Mitochondrial protein OS=Cryptococcus neoformans var. grubii serotype A (strain H99 / ATCC 208821 / CBS 10515 / FGSC 9487) GN=CNAG_00471 PE=4 SV=1,2,-.-.1.-.-.-.-.-.-.1.1.1.1.1.2.1.-.1.2.1.1.-,14599.73371,6989.926725,3014.842799,15239.72626,12341.48682,4260.516725,5596.943179,4033.233259,10726.71389,26683.9999,33539.50514,45834.99356,14597.78763,20406.13048,31198.3158,72264.5362,45906.38592,24339.59692
J9VEX3,CNAG_00747,"Succinate--CoA ligase [ADP-forming] subunit beta, mitochondrial OS=Cryptococcus neoformans var. grubii serotype A (strain H99 / ATCC 208821 / CBS 10515 / FGSC 9487) GN=CNAG_00747 PE=3 SV=1",7,3.3.7.4.3.4.3.3.3.4.4.7.7.7.7.7.7.7.6.5.6.5,1889548.201,869448.4011,334779.8852,1767575.324,1285955.538,1093952.906,1380237.066,2980515.039,1402461.415,636498.4642,567645.3469,803077.3,445619.0335,426327.4893,479339.4158,840017.9256,433308.9775,505741.6514
J9VEX9,CNAG_00502,Large subunit ribosomal protein L35 OS=Cryptococcus neoformans var. grubii serotype A (strain H99 / ATCC 208821 / CBS 10515 / FGSC 9487) GN=CNAG_00502 PE=3 SV=1,13,12.12.9.11.12.10.9.12.12.11.11.11.12.13.12.10.13.12.13.12.12.11,73926608.28,170390667.1,17800800.28,77018047.87,107898408.5,44045123.83,32166352.73,53927533.87,46046172.74,47704682.29,42812128.72,58165687.41,24058221.22,39769031.06,31186095.11,35948847.08,70262646.88,41596930.19
J9VF13,CNAG_00771,Large subunit ribosomal protein L29 OS=Cryptococcus neoformans var. grubii serotype A (strain H99 / ATCC 208821 / CBS 10515 / FGSC 9487) GN=CNAG_00771 PE=3 SV=1,19,14.14.18.16.17.17.16.14.15.17.19.16.19.19.19.17.17.19.17.18.14.16,14119862.86,11309679.15,18965847.94,14982958.96,30398331.08,52406170.78,24215935.2,20274313.92,20440690.59,15407472.87,29704447.2,9988563.439,18256901.1,23394901.2,8478390.783,8110836.472,14526394.64,19037843.88
J9VF18,CNAG_00776,Immunoreactive mannoprotein MP88 OS=Cryptococcus neoformans var. grubii serotype A (strain H99 / ATCC 208821 / CBS 10515 / FGSC 9487) GN=CNAG_00776 PE=4 SV=1,1,1.1.1.1.1.1.1.1.1.1.1.1.1.1.1.1.1.1.1.1.1.1,1491575.577,704700.3798,1859343.377,1503513.897,709623.0862,625750.5129,754607.8203,708994.647,1133931.864,1530266.109,1056337.36,1849761.86,1247059.492,1307118.906,1743433.531,940695.845,848044.9095,1482818.381
J9VF41,CNAG_00806,Uncharacterized protein OS=Cryptococcus neoformans var. grubii serotype A (strain H99 / ATCC 208821 / CBS 10515 / FGSC 9487) GN=CNAG_00806 PE=4 SV=1,1,1.-.1.-.-.-.-.-.-.1.1.1.-.-.-.1.-.1.1.1.1.1,21857.00939,85120.52155,36072.57975,6645.156168,2498.656359,1733.669642,3501.047541,1817.057646,3104.393623,49731.48901,25668.89446,47991.2564,2124.000302,766.5661432,1442.66443,16602.33955,15161.26903,11755.55399
J9VF45,CNAG_00577,Uncharacterized protein OS=Cryptococcus neoformans var. grubii serotype A (strain H99 / ATCC 208821 / CBS 10515 / FGSC 9487) GN=CNAG_00577 PE=4 SV=2,2,1.-.2.1.1.-.2.2.1.2.1.2.2.2.2.1.2.2.2.2.2.2,49620.45875,154851.6033,76174.76637,42387.19417,69231.47153,46472.02944,71224.68117,92035.9933,77480.91956,44735.94512,61759.58234,84112.90379,54044.09511,112957.5843,60801.9444,60421.97075,102657.3929,120751.1715
J9VF50,CNAG_00816,Autophagy-related protein OS=Cryptococcus neoformans var. grubii serotype A (strain H99 / ATCC 208821 / CBS 10515 / FGSC 9487) GN=CNAG_00816 PE=3 SV=1,2,-.-.1.-.-.-.-.-.-.-.-.1.1.1.2.1.-.1.-.-.-.-,7655.57518,11381.79241,8187.626977,9411.296216,9683.125102,10071.13135,8046.405303,12905.28091,18244.29133,9330.683925,9271.638852,13897.42733,22216.68495,16385.57701,22068.80286,21930.7233,36490.9026,15611.68463
J9VF52,CNAG_00821,Large subunit ribosomal protein L34e OS=Cryptococcus neoformans var. grubii serotype A (strain H99 / ATCC 208821 / CBS 10515 / FGSC 9487) GN=CNAG_00821 PE=3 SV=1,9,4.6.9.6.3.5.5.4.5.7.6.8.7.7.9.7.7.7.6.7.7.5,2300190.165,1838969.705,4078043.376,1374303.701,2367901.429,3316046.138,1674062.981,1678834.88,1226675.33,1615287.585,1894676.172,1161692.509,1149423.156,1365973.687,1237395.317,734382.8888,1531835.195,1147740.901
J9VF55,CNAG_00588,Uncharacterized protein OS=Cryptococcus neoformans var. grubii serotype A (strain H99 / ATCC 208821 / CBS 10515 / FGSC 9487) GN=CNAG_00588 PE=4 SV=1,4,1.-.3.2.3.2.1.2.1.4.4.3.2.3.4.3.4.4.3.3.3.4,156972.4317,77846.63167,151203.876,768042.5248,1273054.281,507103.2987,340326.4689,605696.9548,260090.0365,517960.4708,2517671.543,379869.8147,303751.2098,284233.1979,145205.834,243334.5131,836887.5354,1728035.154
J9VF80,CNAG_07373,"Carbamoyl-phosphate synthase, large subunit OS=Cryptococcus neoformans var. grubii serotype A (strain H99 / ATCC 208821 / CBS 10515 / FGSC 9487) GN=CNAG_07373 PE=3 SV=1",22,16.5.18.11.4.8.8.6.8.12.9.15.18.17.22.19.14.19.14.17.15.13,1413631.82,1445310.546,884560.5783,1066961.861,1039806.625,690730.7679,998898.9185,1042280.288,797172.7073,720197.999,813304.8528,669047.9748,698808.7711,761054.3024,769814.8042,1411853.434,906550.8224,886428.7075
J9VF99,CNAG_00640,40S ribosomal protein S4 OS=Cryptococcus neoformans var. grubii serotype A (strain H99 / ATCC 208821 / CBS 10515 / FGSC 9487) GN=CNAG_00640 PE=3 SV=1,26,20.15.26.12.12.16.15.13.13.20.20.18.21.22.25.19.15.21.21.20.22.17,8041268.626,12103245.86,20214049.06,4554800.723,6555609.063,7160264.887,4786209.241,3004369.746,4080359.558,5819578.816,5346154.645,5653924.845,5795442.364,5714994.016,7017481.71,4858522.759,3768393.518,4371773.04
J9VFA5,CNAG_06778,Serine-threonine kinase receptor-associated protein OS=Cryptococcus neoformans var. grubii serotype A (strain H99 / ATCC 208821 / CBS 10515 / FGSC 9487) GN=CNAG_06778 PE=4 SV=1,2,-.-.2.-.1.-.-.-.-.-.1.-.1.1.2.2.1.2.-.1.-.2,8202.673207,17917.59412,23503.7741,11994.90872,14657.95729,7682.072893,8429.230734,7996.838099,10647.96627,2213.082739,24007.77252,3000.473563,8833.608092,10506.97187,16046.89619,68418.03713,68087.29753,18225.40816
J9VFA7,CNAG_00649,Tryptophan synthase OS=Cryptococcus neoformans var. grubii serotype A (strain H99 / ATCC 208821 / CBS 10515 / FGSC 9487) GN=CNAG_00649 PE=3 SV=1,4,1.-.2.-.-.-.-.-.-.-.-.2.3.1.4.3.1.3.2.-.1.-,34934.53833,70322.91901,48353.23833,13240.61357,23015.27663,24429.99934,28613.40662,41105.20415,18541.49027,6379.939559,11437.9786,36136.29977,114279.5923,238871.331,105639.9381,128151.9057,204511.1458,101500.7531
J9VFC5,CNAG_06753,Nuclear cap-binding protein subunit 1 OS=Cryptococcus neoformans var. grubii serotype A (strain H99 / ATCC 208821 / CBS 10515 / FGSC 9487) GN=CNAG_06753 PE=4 SV=2,2,-.-.1.-.-.-.-.-.-.-.-.-.1.-.2.1.-.1.1.-.-.-,11400.43871,12512.59049,32920.36231,9967.304872,11836.19474,13902.0336,9498.275166,10903.0525,9180.007705,2576.413963,8307.388399,6691.070231,14605.89468,25108.36621,24208.25998,1675.194538,2357.563229,16918.55308
J9VFE2,CNAG_00684,Ribulose-phosphate 3-epimerase OS=Cryptococcus neoformans var. grubii serotype A (strain H99 / ATCC 208821 / CBS 10515 / FGSC 9487) GN=CNAG_00684 PE=3 SV=1,4,1.-.4.-.1.-.-.-.-.3.1.1.3.3.3.4.1.4.4.2.4.2,131239.2284,115339.7853,78361.23426,21413.1407,22563.17645,23613.17999,21507.06283,21937.36902,21918.81278,111388.93,106886.041,85329.26233,301186.4321,225057.0658,335410.6752,503540.4213,524490.8463,284532.792
J9VFG4,CNAG_00703,Large subunit ribosomal protein L31e OS=Cryptococcus neoformans var. grubii serotype A (strain H99 / ATCC 208821 / CBS 10515 / FGSC 9487) GN=CNAG_00703 PE=4 SV=1,8,4.6.8.5.3.5.5.4.3.5.6.5.7.7.8.6.5.6.6.7.7.5,2827705.362,1427673.161,7832378.256,2226583.52,3378700.314,3999960.025,1894700.107,1306940.499,1327247.278,2052925.968,2227029.968,2014886.399,2052494.147,2064377.793,2296990.973,2836678.158,1136366.011,1755805.729
J9VFK3,CNAG_03629,"NADH dehydrogenase (Quinone), G subunit OS=Cryptococcus neoformans var. grubii serotype A (strain H99 / ATCC 208821 / CBS 10515 / FGSC 9487) GN=CNAG_03629 PE=3 SV=1",17,9.1.15.4.-.-.6.6.5.9.5.9.13.12.17.16.13.15.10.11.9.10,802105.2728,747622.4834,620545.6762,365332.334,114023.9448,82201.72074,307012.5828,396096.0331,397492.9935,343369.6488,351450.6611,547904.9479,689342.9988,787540.3781,1047581.923,1182078.113,851848.1155,904052.3569
J9VFP1,CNAG_03677,Uncharacterized protein OS=Cryptococcus neoformans var. grubii serotype A (strain H99 / ATCC 208821 / CBS 10515 / FGSC 9487) GN=CNAG_03677 PE=4 SV=1,7,1.1.6.1.-.1.2.-.2.7.3.6.6.4.6.6.5.5.6.5.5.5,122054.4362,343048.7203,227786.9119,61412.68128,30051.70078,46895.16825,190644.4607,77918.67489,58915.23486,369457.8424,462334.3845,664295.2764,394718.4786,483787.6271,705298.345,900119.8491,281176.8395,380778.534
J9VFR1,CNAG_00772,UV excision repair protein Rad23 OS=Cryptococcus neoformans var. grubii serotype A (strain H99 / ATCC 208821 / CBS 10515 / FGSC 9487) GN=CNAG_00772 PE=4 SV=2,4,-.-.3.-.1.2.1.-.-.2.3.3.3.2.4.4.2.2.2.2.2.2,23974.45623,13988.10395,7582.339901,58985.68716,58390.87792,135515.3546,97659.94166,23233.93031,21188.64084,151987.1881,142253.9096,168551.316,117595.9159,132945.5966,136544.2292,159727.2976,190672.6569,122224.5256
J9VFR3,CNAG_03702,Tubulin-folding cofactor B OS=Cryptococcus neoformans var. grubii serotype A (strain H99 / ATCC 208821 / CBS 10515 / FGSC 9487) GN=CNAG_03702 PE=4 SV=1,1,-.-.-.-.-.-.-.-.-.-.-.-.1.-.-.-.-.1.-.-.-.-,1625.00503,1596.384574,1387.551396,3831.830321,4103.177987,2801.323395,11885.97646,8049.985462,3559.016392,4775.109882,4781.118237,1060.76062,6717.874,1671.910914,299.6082628,903.3906169,4229.795441,20759.47986
J9VFR5,CNAG_00058,T-complex protein 1 subunit epsilon OS=Cryptococcus neoformans var. grubii serotype A (strain H99 / ATCC 208821 / CBS 10515 / FGSC 9487) GN=CNAG_00058 PE=3 SV=1,6,3.-.5.3.1.1.4.2.2.3.3.4.3.3.5.6.5.5.5.3.3.3,113445.6269,181699.8777,78021.10292,156918.3449,271735.697,98867.41163,112377.611,122016.5386,236986.1742,120513.3873,243424.3107,85164.09907,93703.78935,128138.1059,120599.566,238981.2751,114326.0237,230644.0242
J9VFR6,CNAG_00777,CCR4-NOT transcriptional complex subunit CAF120 OS=Cryptococcus neoformans var. grubii serotype A (strain H99 / ATCC 208821 / CBS 10515 / FGSC 9487) GN=CNAG_00777 PE=4 SV=2,2,1.1.2.1.1.1.1.1.1.2.1.1.2.2.2.2.1.2.2.2.1.2,1636199.138,1074587.131,1049359.512,877790.3178,4107382.738,1183215.524,1592803.103,794302.7422,914755.0242,644597.8459,877424.1529,1679188.365,447434.9292,2527498.652,570432.0866,357935.4885,782227.0935,549343.7829
J9VFT0,CNAG_03721,26S proteasome regulatory subunit N12 OS=Cryptococcus neoformans var. grubii serotype A (strain H99 / ATCC 208821 / CBS 10515 / FGSC 9487) GN=CNAG_03721 PE=4 SV=1,1,-.-.1.-.-.-.-.-.-.-.-.1.1.1.1.1.1.1.1.1.1.-,4116.43506,1624.039656,12258.07297,3769.226872,6546.88067,5902.295638,1623.794539,6572.202398,2514.974149,1301.084239,2599.755141,14097.84434,17383.50682,15309.0795,23487.72713,44487.73353,13860.80184,24587.68633
J9VFT1,CNAG_00797,Acetyl-coenzyme A synthetase OS=Cryptococcus neoformans var. grubii serotype A (strain H99 / ATCC 208821 / CBS 10515 / FGSC 9487) GN=CNAG_00797 PE=1 SV=1,5,4.3.4.4.2.3.3.4.4.2.2.3.4.4.5.4.4.5.5.4.3.4,636412.1265,365665.2106,199480.5433,443345.301,148134.1693,163196.3756,199709.6583,404552.4221,338005.4348,95926.48022,111175.4648,170755.3808,164408.3418,176667.8217,232839.2052,248373.4537,200145.7682,172531.1951
J9VFU1,CNAG_00084,Glutamine-tRNA ligase OS=Cryptococcus neoformans var. grubii serotype A (strain H99 / ATCC 208821 / CBS 10515 / FGSC 9487) GN=CNAG_00084 PE=3 SV=1,2,1.1.2.-.-.1.1.1.2.2.1.2.2.1.2.2.1.2.2.1.2.1,15903.43807,11160.95743,33326.72016,11659.04335,17443.84848,13380.61524,15525.48872,10520.10561,9717.60586,23427.00084,27679.53043,24841.48184,19127.724,21412.6188,20778.34988,42021.38188,38986.07911,21718.2734
J9VFU9,CNAG_03742,Staphylococcal nuclease domain-containing protein 1 OS=Cryptococcus neoformans var. grubii serotype A (strain H99 / ATCC 208821 / CBS 10515 / FGSC 9487) GN=CNAG_03742 PE=4 SV=2,5,1.1.5.1.1.1.2.2.2.3.1.2.2.4.4.5.4.4.3.4.2.1,484063.8685,1073616.168,570820.181,1186694.724,2422349.862,4666768.18,2539728.719,1789290.491,1707524.972,1332543.846,1271238.962,582008.9858,541506.8341,514873.4863,349148.6172,455263.5414,1337130.326,530186.8972
J9VFV3,CNAG_03747,Large subunit ribosomal protein L27Ae OS=Cryptococcus neoformans var. grubii serotype A (strain H99 / ATCC 208821 / CBS 10515 / FGSC 9487) GN=CNAG_03747 PE=3 SV=1,15,11.8.14.11.10.12.10.12.10.11.8.11.11.12.13.10.10.9.11.12.11.11,163762914.1,25566893.03,107929950.9,90457955.54,222988211.4,572051003.1,392385456.1,434494255.6,257602602,27930860.2,42151147.84,25271862.19,29089327.35,45782949.07,14187353.08,6810651.762,25546450.24,15961851.38
J9VFW4,CNAG_00104,Elongation factor 3 OS=Cryptococcus neoformans var. grubii serotype A (strain H99 / ATCC 208821 / CBS 10515 / FGSC 9487) GN=CNAG_00104 PE=4 SV=1,2,-.1.1.-.1.1.-.-.-.1.1.1.1.2.2.2.2.2.1.1.1.2,18620.72864,18929.56497,28310.02127,25869.32374,53137.74042,34710.91591,6107.546742,14340.59492,14353.67814,25546.85783,29133.44327,24827.72758,81260.86861,56134.13598,66756.29007,97943.67861,38454.89154,61321.13191
J9VFX0,CNAG_00109,Large subunit ribosomal protein L34 OS=Cryptococcus neoformans var. grubii serotype A (strain H99 / ATCC 208821 / CBS 10515 / FGSC 9487) GN=CNAG_00109 PE=4 SV=1,4,3.1.4.3.4.2.4.4.3.2.3.1.2.4.3.3.3.3.3.4.3.3,5621608.214,597570.187,3167951.233,4943416.884,9085042.198,7619419.43,5241037.742,6160026.893,3701278.835,859589.9563,1292134.829,710786.0236,784008.481,1516177.031,783254.7505,218433.0593,1342809.801,780721.713
J9VFX5,CNAG_00115,Chlorophyll synthesis pathway protein BchC OS=Cryptococcus neoformans var. grubii serotype A (strain H99 / ATCC 208821 / CBS 10515 / FGSC 9487) GN=CNAG_00115 PE=3 SV=1,5,2.-.4.-.1.-.1.-.-.2.2.3.3.3.3.5.2.4.2.2.3.4,90784.20562,86387.01151,60805.18758,23386.02139,96085.36203,24083.1215,56352.38359,24765.57129,28079.29965,107236.6677,109090.4601,193647.5984,194762.0971,122594.0638,212372.7184,129303.9541,148754.4017,135677.9975
J9VFY8,CNAG_03780,Small subunit ribosomal protein S16 OS=Cryptococcus neoformans var. grubii serotype A (strain H99 / ATCC 208821 / CBS 10515 / FGSC 9487) GN=CNAG_03780 PE=3 SV=1,16,11.8.16.9.8.10.9.7.9.12.11.11.14.13.14.14.9.12.12.13.13.11,7882323.165,16121214.36,15319593.92,11171276.43,18408799.64,9714868.222,7115042.779,3699008.776,7003236.366,7589497.533,12829042.9,5815275.263,5836032.005,6638007.022,6419499.946,5981687.669,3439840.317,5035029.204
J9VFZ7,CNAG_03790,Uncharacterized protein OS=Cryptococcus neoformans var. grubii serotype A (strain H99 / ATCC 208821 / CBS 10515 / FGSC 9487) GN=CNAG_03790 PE=4 SV=1,1,1.1.1.1.1.1.1.1.1.1.1.1.1.1.1.1.1.1.1.1.1.1,333536.2617,1564977.445,598609.4339,1047525.844,2095407.063,2234979.118,1374802.98,1282990.767,1667265.033,1433737.532,1315927.373,506048.8544,625078.9795,600024.9747,278300.304,431779.4913,1334298.982,721256.107
J9VG04,CNAG_00139,Uncharacterized protein OS=Cryptococcus neoformans var. grubii serotype A (strain H99 / ATCC 208821 / CBS 10515 / FGSC 9487) GN=CNAG_00139 PE=4 SV=1,7,2.-.6.1.-.2.-.2.1.5.3.5.7.6.7.5.5.7.6.3.4.3,131678.7063,296709.2862,318843.0488,86777.95954,89219.66454,33954.46458,117858.3316,104869.2473,69628.49856,359683.12,167585.5492,273630.8552,613929.5473,592677.8784,757542.4268,413961.6419,337137.5646,390087.0844
J9VG05,CNAG_06773,Protein transporter SEC24 OS=Cryptococcus neoformans var. grubii serotype A (strain H99 / ATCC 208821 / CBS 10515 / FGSC 9487) GN=CNAG_06773 PE=4 SV=2,4,1.-.4.1.-.1.1.1.2.2.1.3.4.4.4.4.3.4.4.4.3.1,13317.24165,23437.80792,57676.5916,20674.11402,28273.6719,14522.92836,15725.21331,35094.65474,34489.20951,20410.61378,21464.78102,44998.79596,64619.88222,52017.27614,79988.5576,120748.127,81451.13736,67865.57834
J9VG09,CNAG_06767,F-type H-transporting ATPase subunit delta OS=Cryptococcus neoformans var. grubii serotype A (strain H99 / ATCC 208821 / CBS 10515 / FGSC 9487) GN=CNAG_06767 PE=3 SV=2,1,1.1.1.1.1.1.1.-.1.1.1.1.1.1.1.1.1.1.1.1.1.1,235709.3407,69735.02836,645697.3893,124821.0693,104719.8633,116997.1562,129712.8786,133247.4022,90370.12936,223083.3857,187725.1193,199596.2795,154009.5724,206400.7419,202084.3171,314568.987,102236.4342,195696.4959
J9VG15,CNAG_00149,NADH dehydrogenase (Ubiquinone) 1 alpha subcomplex 4 OS=Cryptococcus neoformans var. grubii serotype A (strain H99 / ATCC 208821 / CBS 10515 / FGSC 9487) GN=CNAG_00149 PE=4 SV=1,3,2.1.3.2.-.2.2.1.1.1.3.2.2.2.3.2.2.1.3.2.3.2,175888.5857,226976.4595,320456.1224,162808.7603,74327.84451,158350.1227,136831.3569,55798.88211,83596.96901,125315.9375,192198.6507,124392.6268,102313.6716,96348.06977,85061.63677,106780.3268,78288.07612,39384.21044
J9VG16,CNAG_03816,Proteasome subunit beta type OS=Cryptococcus neoformans var. grubii serotype A (strain H99 / ATCC 208821 / CBS 10515 / FGSC 9487) GN=CNAG_03816 PE=3 SV=2,2,1.1.2.1.1.1.1.1.1.1.1.1.2.1.1.2.1.1.1.1.1.1,112830.02,262998.8577,255228.884,278712.8826,523143.0484,377162.4403,226628.4906,220815.8652,278902.3849,352993.9228,262819.5732,164777.2071,249971.4002,158735.2598,118443.5892,156777.7292,223900.1098,201363.3404
J9VG26,CNAG_06747,Histone H2A OS=Cryptococcus neoformans var. grubii serotype A (strain H99 / ATCC 208821 / CBS 10515 / FGSC 9487) GN=CNAG_06747 PE=3 SV=1,3,3.2.3.2.2.2.3.1.1.2.3.2.3.3.3.3.2.3.3.3.2.2,1968569.768,1701415.474,5251658.183,2290804.579,3515216.067,3863962.153,1330525.102,806578.6203,1728086.311,2333979.036,3127996.412,1962253.798,1552751.381,2043894.44,2310367.099,3313175.072,1225548.298,2130505.777
J9VG82,CNAG_07028,26S proteasome regulatory subunit N11 OS=Cryptococcus neoformans var. grubii serotype A (strain H99 / ATCC 208821 / CBS 10515 / FGSC 9487) GN=CNAG_07028 PE=4 SV=1,4,1.-.3.-.-.2.-.-.-.1.1.1.3.2.4.4.1.4.1.1.3.-,41865.59369,153134.2157,72216.99723,19238.80628,15688.82297,84404.34022,26471.88213,16610.20102,20139.24039,51247.20197,56877.74519,37305.96174,96513.4717,141702.1292,139518.1138,287743.5643,199941.1296,144064.0905
J9VG91,CNAG_00232,Large subunit ribosomal protein L30e OS=Cryptococcus neoformans var. grubii serotype A (strain H99 / ATCC 208821 / CBS 10515 / FGSC 9487) GN=CNAG_00232 PE=4 SV=1,8,4.4.8.6.4.5.5.4.6.4.4.6.8.8.8.7.5.6.6.6.6.6,1764172.778,1192570.427,2200699.258,636680.6476,769467.1267,1261861.57,976631.0566,772885.2658,1045854.209,746411.5959,918167.3406,575056.6292,972294.4756,771338.1259,931255.6263,408324.5411,631184.9177,478107.8274
J9VG93,CNAG_03648,UDP-glucose:glycoprotein glucosyltransferase OS=Cryptococcus neoformans var. grubii serotype A (strain H99 / ATCC 208821 / CBS 10515 / FGSC 9487) GN=CNAG_03648 PE=4 SV=2,1,-.-.1.-.-.-.-.-.-.-.-.-.1.1.1.-.-.1.1.-.-.-,4865.627739,3484.482895,6333.733829,5873.329823,5159.849308,4788.130737,4690.556086,12248.66254,2155.312839,1850.714204,3172.297591,2188.637601,3647.829357,4782.757158,6963.112857,373.0795548,4080.404529,6261.691689
J9VG96,CNAG_00237,3-isopropylmalate dehydratase OS=Cryptococcus neoformans var. grubii serotype A (strain H99 / ATCC 208821 / CBS 10515 / FGSC 9487) GN=CNAG_00237 PE=3 SV=1,6,2.-.5.4.-.-.1.2.3.3.-.3.4.5.5.6.5.5.5.5.4.5,119847.2869,228613.853,97222.5947,184905.9971,26584.25815,43311.36143,1421097.321,1548887.667,1839349.183,60535.97924,108467.2842,98304.16808,717687.8588,128603.1358,117343.6059,170941.6401,127936.4212,160095.1555
J9VGA5,CNAG_03892,Chaperonin GroES OS=Cryptococcus neoformans var. grubii serotype A (strain H99 / ATCC 208821 / CBS 10515 / FGSC 9487) GN=CNAG_03892 PE=3 SV=1,3,1.-.2.-.-.-.-.-.-.2.1.3.1.1.1.2.1.-.-.-.-.-,18109.70007,8730.497889,30195.57153,19789.17605,10326.63575,17381.35703,19081.1036,16869.53444,16043.32615,51099.90061,78680.45846,158863.8344,23974.62624,58802.13204,53599.90131,104289.4361,56707.44682,54145.51095
J9VGC1,CNAG_03688,Uncharacterized protein OS=Cryptococcus neoformans var. grubii serotype A (strain H99 / ATCC 208821 / CBS 10515 / FGSC 9487) GN=CNAG_03688 PE=4 SV=1,1,-.-.-.-.-.-.-.-.-.-.-.1.1.-.-.1.1.-.-.-.-.-,2439.61757,2918.543092,3314.99581,2715.630442,6608.533355,2207.665645,1636.812494,4386.541214,8239.099867,4928.281964,1131.575551,35899.06947,3257.772046,556.2104487,429.6984007,18016.2961,61015.13329,18687.8754
J9VGC5,CNAG_03693,Large subunit ribosomal protein L11 OS=Cryptococcus neoformans var. grubii serotype A (strain H99 / ATCC 208821 / CBS 10515 / FGSC 9487) GN=CNAG_03693 PE=3 SV=1,2,1.1.2.-.1.1.-.-.1.1.-.1.1.1.1.2.2.2.1.2.1.1,117384.1156,440167.6903,16451.07189,238307.9631,366404.9484,317402.7596,8217.176666,5378.386634,5941.157884,177794.1905,190883.1676,98897.92804,10178.05709,178660.9074,11222.83664,69694.28685,26487.60492,176237.2144
J9VGD6,CNAG_03937,Uncharacterized protein OS=Cryptococcus neoformans var. grubii serotype A (strain H99 / ATCC 208821 / CBS 10515 / FGSC 9487) GN=CNAG_03937 PE=4 SV=1,1,-.1.1.1.-.1.1.1.-.1.1.1.1.1.1.1.1.1.1.1.1.1,31572.59471,10521.19629,14759.4671,15684.66725,12418.95045,16954.58788,7202.669315,6698.050182,7360.545072,12895.66191,20125.68105,29634.66326,15987.48967,10681.91902,11690.53709,23169.5488,12886.55001,15169.35709
J9VGF1,CNAG_03722,RAN protein binding protein OS=Cryptococcus neoformans var. grubii serotype A (strain H99 / ATCC 208821 / CBS 10515 / FGSC 9487) GN=CNAG_03722 PE=4 SV=2,8,3.2.6.7.2.3.5.5.5.7.3.6.8.8.8.8.7.8.8.5.7.7,336348.2516,355559.7042,324104.7591,443908.9619,248322.4297,179534.2736,526477.2717,564239.6887,491850.9557,519891.2068,553066.1311,588567.0525,1022509.37,1174621.27,811497.6455,1091257.255,1057370.023,1783317.972
J9VGF3,CNAG_03957,4-nitrophenylphosphatase OS=Cryptococcus neoformans var. grubii serotype A (strain H99 / ATCC 208821 / CBS 10515 / FGSC 9487) GN=CNAG_03957 PE=4 SV=1,2,2.-.2.2.-.1.2.-.1.2.2.2.2.2.2.2.2.2.2.2.2.2,41373.91544,146039.939,128284.1467,31280.65382,38107.51982,44823.52185,52735.98647,19431.91959,14542.80474,35407.9549,46940.30245,33307.31102,74033.08635,52697.70691,48926.97583,68653.23154,54356.18518,51407.74493
J9VGG0,CNAG_03967,F-actin capping protein OS=Cryptococcus neoformans var. grubii serotype A (strain H99 / ATCC 208821 / CBS 10515 / FGSC 9487) GN=CNAG_03967 PE=3 SV=1,1,-.-.1.-.-.-.-.-.-.-.-.-.-.-.1.-.-.-.-.-.-.-,3817.299813,8606.31342,1899.102207,4714.910847,7426.194888,2100.798783,3450.831141,8923.624935,9707.450388,1800.656929,1840.621305,984.8513524,523.3794113,830.0664998,555.2285971,1748.802501,2325.749948,1219.470029
J9VGG9,CNAG_03977,Uncharacterized protein OS=Cryptococcus neoformans var. grubii serotype A (strain H99 / ATCC 208821 / CBS 10515 / FGSC 9487) GN=CNAG_03977 PE=4 SV=1,1,1.1.1.1.1.1.1.1.1.1.1.1.1.1.1.1.1.1.1.1.1.1,35749.75984,75705.77271,48270.16,37051.51372,68261.19878,40852.57048,88727.72359,106690.3223,81521.62268,59385.98182,91474.6419,22454.0274,26739.48186,55357.15524,5978.592133,30086.81962,84226.46022,81976.984
J9VGH0,CNAG_07346,T-complex protein 1 subunit eta OS=Cryptococcus neoformans var. grubii serotype A (strain H99 / ATCC 208821 / CBS 10515 / FGSC 9487) GN=CNAG_07346 PE=3 SV=1,9,3.1.6.3.2.2.3.3.3.4.2.7.7.6.8.9.6.7.6.6.5.4,309813.6363,721379.1963,108144.22,545547.1771,538802.8738,889771.9672,364116.2962,456382.0798,356572.8556,321057.4054,319782.3452,456595.7622,387591.4984,345942.9779,306393.6054,479105.8929,343206.1418,399111.5962
J9VGH4,CNAG_00287,Cytoplasmic protein OS=Cryptococcus neoformans var. grubii serotype A (strain H99 / ATCC 208821 / CBS 10515 / FGSC 9487) GN=CNAG_00287 PE=4 SV=1,10,5.3.7.4.2.2.3.2.3.6.4.7.7.9.10.10.8.9.7.8.8.7,612614.4095,1031418.09,518187.0676,1110363.658,2568759.66,1296816.755,707545.5928,944194.8913,1561297.849,1061161.159,1377692.387,529435.5664,1310019.366,934821.8303,808028.435,1342841.773,637659.0363,1118673.972
J9VGH8,CNAG_03748,Large subunit ribosomal protein L19 OS=Cryptococcus neoformans var. grubii serotype A (strain H99 / ATCC 208821 / CBS 10515 / FGSC 9487) GN=CNAG_03748 PE=4 SV=2,3,2.-.3.2.-.-.2.2.1.2.2.2.2.2.2.3.2.3.2.2.2.1,31155.07419,26502.22333,30853.27043,50874.79019,27100.56371,20021.27021,31751.81854,15156.10229,23021.96644,12146.81416,9037.992341,18522.55898,13392.88144,15664.95285,15114.38984,54939.77115,33940.76708,32194.17493
J9VGH9,CNAG_00292,Zinc finger protein OS=Cryptococcus neoformans var. grubii serotype A (strain H99 / ATCC 208821 / CBS 10515 / FGSC 9487) GN=CNAG_00292 PE=4 SV=1,2,-.-.2.1.-.-.1.-.-.2.-.2.2.2.2.2.2.2.2.1.2.2,11782.19959,3731.170403,35488.81476,24248.48288,5775.839217,8865.670828,16016.17082,16123.19301,23506.45912,23934.39813,41621.82977,36164.92868,44981.94697,52622.26118,42241.87625,37954.69729,78667.43766,81869.6603
J9VGI9,CNAG_04002,Uncharacterized protein OS=Cryptococcus neoformans var. grubii serotype A (strain H99 / ATCC 208821 / CBS 10515 / FGSC 9487) GN=CNAG_04002 PE=4 SV=1,6,-.-.1.-.-.-.-.-.-.2.2.2.2.3.6.5.2.6.2.2.-.1,20341.52474,12626.56017,19828.25839,46221.73093,42827.60833,43372.86369,34057.65145,27818.28787,41166.74302,77796.53975,144221.8195,84421.85837,107060.8787,84635.03238,92902.04129,240549.5314,410878.978,281290.1089
J9VGJ3,CNAG_03762,AdoMet-dependent rRNA methyltransferase SPB1 OS=Cryptococcus neoformans var. grubii serotype A (strain H99 / ATCC 208821 / CBS 10515 / FGSC 9487) GN=SPB1 PE=3 SV=1,2,2.1.2.2.2.2.2.2.2.2.2.2.2.2.2.2.2.2.2.2.2.2,202751.3995,50851.15035,107006.3989,178548.2568,389183.2258,492018.7585,304229.7695,288494.6965,107186.7429,48947.18614,109420.0213,28199.84678,81691.54672,121894.3185,24076.20533,30274.76777,76976.56394,67554.50476
J9VGK3,CNAG_04017,Methionine-R-sulfoxide reductase OS=Cryptococcus neoformans var. grubii serotype A (strain H99 / ATCC 208821 / CBS 10515 / FGSC 9487) GN=CNAG_04017 PE=4 SV=2,1,-.-.1.-.-.-.-.-.-.1.1.1.1.1.1.1.-.1.1.1.1.1,6442.128845,6302.229104,1157.559625,6589.924309,11798.29237,2528.016449,3653.327039,2183.022407,3492.505704,35740.38549,16626.22509,58414.20082,37888.96738,42484.70202,57624.00011,91554.74663,192286.9631,58146.10338
J9VGL2,CNAG_00337,Uncharacterized protein OS=Cryptococcus neoformans var. grubii serotype A (strain H99 / ATCC 208821 / CBS 10515 / FGSC 9487) GN=CNAG_00337 PE=4 SV=1,1,-.-.1.-.-.-.-.-.-.-.-.-.-.-.1.1.-.1.1.1.1.-,10626.04839,5781.375126,14967.19921,10826.74974,2556.96033,1814.459182,4199.391878,2185.991382,4962.247652,1652.020247,4719.064376,763.5753759,1234.109392,670.9109183,961.1379769,42590.5765,44119.31529,37322.52579
J9VGL8,CNAG_04032,AFG3 family protein OS=Cryptococcus neoformans var. grubii serotype A (strain H99 / ATCC 208821 / CBS 10515 / FGSC 9487) GN=CNAG_04032 PE=3 SV=1,5,3.3.5.1.2.2.3.3.3.4.3.4.4.4.4.4.4.5.4.3.3.3,195323.8821,268327.3561,234025.1944,308074.7844,241641.2679,243285.4441,261828.6078,290515.5222,377455.11,416781.0621,330144.8642,230547.0088,222872.7765,166401.1022,165609.9661,363148.1811,241189.3354,283321.9077
J9VGM3,CNAG_04037,Uncharacterized protein OS=Cryptococcus neoformans var. grubii serotype A (strain H99 / ATCC 208821 / CBS 10515 / FGSC 9487) GN=CNAG_04037 PE=4 SV=1,3,2.2.2.3.2.2.2.2.2.2.3.2.2.2.2.3.2.3.3.2.2.2,323119.8955,194976.9996,276046.0352,566054.3058,526750.3997,505234.4712,285054.0338,201572.6478,261486.5395,207425.1691,312193.9933,318730.4041,175444.305,286775.0596,165969.0867,320233.5617,568551.1795,336007.3009
J9VGN1,CNAG_00361,Uncharacterized protein OS=Cryptococcus neoformans var. grubii serotype A (strain H99 / ATCC 208821 / CBS 10515 / FGSC 9487) GN=CNAG_00361 PE=4 SV=1,5,3.-.3.2.1.2.3.2.-.4.2.2.2.3.4.5.4.3.4.2.4.2,57274.67278,60071.59616,44917.02983,60402.41993,88217.50317,257967.9621,55412.6996,107313.3898,75147.46349,55549.68339,49765.45557,39441.82788,47648.40919,43946.12697,52375.63354,99770.88592,69586.9538,68962.23842
J9VGP4,CNAG_03817,Cell growth-regulating nucleolar protein OS=Cryptococcus neoformans var. grubii serotype A (strain H99 / ATCC 208821 / CBS 10515 / FGSC 9487) GN=CNAG_03817 PE=4 SV=1,2,1.1.2.1.1.2.1.-.1.1.1.1.1.2.2.2.1.2.1.1.1.1,14865.92246,26222.19016,8308.592853,25706.22674,44390.43832,61024.67748,7675.969192,20219.90062,28774.33536,11354.16059,8482.00948,8527.751641,26629.64344,21245.12038,28854.54667,39148.07669,58738.66255,21102.48161
J9VGR3,CNAG_04082,Proline-tRNA ligase OS=Cryptococcus neoformans var. grubii serotype A (strain H99 / ATCC 208821 / CBS 10515 / FGSC 9487) GN=CNAG_04082 PE=3 SV=2,12,4.2.11.5.1.3.2.3.3.4.2.7.6.7.10.12.5.8.6.4.6.4,1171098.372,1784125.605,1015136.202,597257.2041,1466916.277,774986.7045,1325618.858,776879.9499,1256796.023,1187346.389,1261241.949,726879.0135,725571.8901,641322.8529,532055.5637,680326.4726,1068348.809,594519.5099
J9VGS3,CNAG_00413,Nuclear protein OS=Cryptococcus neoformans var. grubii serotype A (strain H99 / ATCC 208821 / CBS 10515 / FGSC 9487) GN=CNAG_00413 PE=4 SV=1,2,2.-.2.2.-.-.2.-.-.2.1.2.2.1.2.2.2.2.2.2.-.2,14039.6307,62788.90994,39065.20534,34230.7186,7198.479728,7766.557786,9106.112666,15821.85277,4231.750374,18037.45646,28847.72189,44549.45142,28882.39896,38772.39853,43682.55322,33037.2794,25254.98876,26675.20965
J9VGS7,CNAG_00418,S-adenosylmethionine synthase OS=Cryptococcus neoformans var. grubii serotype A (strain H99 / ATCC 208821 / CBS 10515 / FGSC 9487) GN=CNAG_00418 PE=3 SV=1,16,12.9.16.8.9.10.9.8.10.11.13.14.13.13.15.13.11.10.15.14.13.13,4043918.555,2933231.747,12939531.77,2461787.999,2068274.53,4629233.028,2526441.152,1642585.058,2136586.495,1893501.839,2697148.065,1831854.89,1386171.364,1995080.019,1596340.628,1350770.004,681542.6184,872097.0632
J9VGU4,CNAG_03868,Uncharacterized protein OS=Cryptococcus neoformans var. grubii serotype A (strain H99 / ATCC 208821 / CBS 10515 / FGSC 9487) GN=CNAG_03868 PE=4 SV=1,1,-.-.1.-.-.-.-.-.-.1.-.-.-.-.1.1.1.1.-.1.1.-,4337.831136,2959.696185,8295.539556,2454.398,2427.280017,1907.956396,2333.514128,2144.322026,7269.934727,5366.431641,980.9236777,3745.820588,615.8348028,3423.573226,5478.88256,10109.55871,7539.008933,8751.27862
J9VGU8,CNAG_03873,Uncharacterized protein OS=Cryptococcus neoformans var. grubii serotype A (strain H99 / ATCC 208821 / CBS 10515 / FGSC 9487) GN=CNAG_03873 PE=4 SV=1,2,1.1.-.-.-.-.1.-.1.1.1.2.2.1.2.1.2.1.1.1.1.1,83324.71833,122030.3434,32097.12228,4993.130107,10859.97978,8837.777035,122017.2562,145874.2855,135875.707,63335.24231,77496.92308,123530.6385,152445.9189,121351.1902,124642.6845,121636.4733,134375.3904,114813.238
J9VGV0,CNAG_03072,Enolase OS=Cryptococcus neoformans var. grubii serotype A (strain H99 / ATCC 208821 / CBS 10515 / FGSC 9487) GN=CNAG_03072 PE=3 SV=1,35,17.12.35.18.10.22.18.8.12.25.25.25.31.28.34.28.25.28.26.25.24.28,3644799.437,4688119.799,12160872.69,3062717.074,2333141.204,4531018.874,2758831.091,2103673.423,2884728.743,4537775.672,4290901.703,4090049.357,3863791.755,4312818.228,4844323.222,5670034.852,4354156.037,4479654.462
J9VGV9,CNAG_00464,Pre-mRNA-splicing factor RSE1 OS=Cryptococcus neoformans var. grubii serotype A (strain H99 / ATCC 208821 / CBS 10515 / FGSC 9487) GN=CNAG_00464 PE=4 SV=1,5,2.1.5.2.1.1.2.1.2.3.3.3.5.5.5.5.4.5.4.3.4.3,10846364.37,15041948.38,4543774.828,9777289.202,18131195.31,19788546.32,10441336.03,11559559.98,11629856.5,7239744.246,11564352.54,5815921.484,5970833.749,6500390.015,3146586.863,2319370.022,6169159.082,5075964.651
J9VGW0,CNAG_03058,Uncharacterized protein OS=Cryptococcus neoformans var. grubii serotype A (strain H99 / ATCC 208821 / CBS 10515 / FGSC 9487) GN=CNAG_03058 PE=4 SV=1,11,6.6.7.2.2.2.2.3.2.10.11.10.10.11.11.9.11.11.11.10.10.10,1113615.784,848198.0762,591262.4206,175652.5257,134117.8104,127693.056,204661.335,305932.8797,170722.9963,5120957.231,4418199.581,7932410.003,4783979.915,3977237.986,2022277.631,1108058.845,5402634.375,4676972.408
J9VGW3,CNAG_03053,Large subunit ribosomal protein L23 OS=Cryptococcus neoformans var. grubii serotype A (strain H99 / ATCC 208821 / CBS 10515 / FGSC 9487) GN=CNAG_03053 PE=3 SV=1,16,13.13.16.11.13.15.14.11.13.16.15.16.16.16.16.14.16.16.15.16.14.16,4592240.616,5628931.007,11786025.72,4261782.194,6891395.071,8838071.324,4190714.464,3644299.134,4012186.003,5352573.286,6342440.388,4273592.557,5233261.341,4585205.081,4362535.662,3838498.67,3387519.003,4014027.071
J9VGW6,CNAG_03048,Gluconokinase OS=Cryptococcus neoformans var. grubii serotype A (strain H99 / ATCC 208821 / CBS 10515 / FGSC 9487) GN=CNAG_03048 PE=4 SV=1,1,1.-.1.1.-.-.-.-.-.1.-.1.1.1.1.1.1.1.1.1.1.1,8632.048815,40816.43454,20643.97236,8595.858058,8212.184286,7879.756697,2365.771319,5620.376389,4281.342599,5021.007181,12689.77484,13370.11177,5451.830137,12378.6465,14766.78145,2545.103014,14168.25186,7997.70173
J9VGW8,CNAG_07363,"Isocitrate dehydrogenase [NAD] subunit, mitochondrial OS=Cryptococcus neoformans var. grubii serotype A (strain H99 / ATCC 208821 / CBS 10515 / FGSC 9487) GN=CNAG_07363 PE=3 SV=1",16,13.9.15.8.4.8.6.7.6.10.10.12.14.14.16.13.10.15.12.14.12.11,5599953.806,4543780.416,3120535.938,1491184.279,1920867.002,2171151.919,1247629.885,1980779.565,1547446.079,1839232.634,2110702.966,2460468.34,1011805.053,1069384.508,1179664.383,1139432.929,818738.3266,752713.0575
J9VGY2,CNAG_03025,V-type H-transporting ATPase subunit D OS=Cryptococcus neoformans var. grubii serotype A (strain H99 / ATCC 208821 / CBS 10515 / FGSC 9487) GN=CNAG_03025 PE=3 SV=2,2,-.-.2.-.-.-.-.-.-.-.-.-.2.-.2.2.1.1.1.-.1.-,11264.20678,4943.830001,34704.23241,15529.53201,9775.11412,10697.72108,11044.98152,11506.5546,4127.905844,6450.566821,3396.563272,3105.566812,34053.59127,48377.24581,49451.98859,51354.43185,24611.92184,29636.02995
J9VGY3,CNAG_03898,Phosphoadenosine phosphosulfate reductase OS=Cryptococcus neoformans var. grubii serotype A (strain H99 / ATCC 208821 / CBS 10515 / FGSC 9487) GN=CNAG_03898 PE=4 SV=1,4,3.1.3.2.-.-.4.4.3.4.1.4.4.3.4.3.4.4.3.4.4.3,361211.0667,580913.2332,81694.02417,90910.21559,26316.31264,10599.58298,661221.3321,692247.8651,609370.4331,265253.5971,246661.5648,480903.3983,164076.6659,220736.5423,221670.7431,517193.9245,282588.5311,308677.8237
J9VGY4,CNAG_00500,Protein phosphatase OS=Cryptococcus neoformans var. grubii serotype A (strain H99 / ATCC 208821 / CBS 10515 / FGSC 9487) GN=CNAG_00500 PE=3 SV=1,3,-.-.2.-.-.-.-.-.-.2.-.1.2.1.3.2.1.2.2.-.-.-,12282.16497,5231.378319,16306.6664,13700.01823,16836.8774,15587.79726,9381.849547,22701.46366,6620.397709,19119.36995,26459.25803,14662.83454,26977.6788,50613.25626,44682.02978,44060.96391,76023.86561,27088.16863
J9VGY9,CNAG_03015,Ribosomal protein L37 OS=Cryptococcus neoformans var. grubii serotype A (strain H99 / ATCC 208821 / CBS 10515 / FGSC 9487) GN=CNAG_03015 PE=3 SV=1,27,25.24.27.25.27.27.26.27.27.25.22.24.27.27.27.23.26.27.27.27.27.27,1247929257,1402029866,904267753.9,2640791773,6344211151,4462835409,2521722150,2191854259,2017638444,932138710.5,1215365122,749869720.3,1164408109,1600463510,742690310.8,868266419.9,1472424479,1367017331
J9VH01,CNAG_00520,Uncharacterized protein OS=Cryptococcus neoformans var. grubii serotype A (strain H99 / ATCC 208821 / CBS 10515 / FGSC 9487) GN=CNAG_00520 PE=1 SV=1,4,-.-.3.-.-.-.-.1.1.1.1.3.1.2.3.3.3.2.1.2.1.1,18505.81509,26822.18113,40994.0019,20175.18335,24320.46225,15614.49316,25466.76982,40326.97105,35287.72675,25732.90269,67442.97143,15740.85943,12638.89679,23249.20071,16223.60765,27886.65288,37388.72567,24262.91805
J9VH03,CNAG_03000,Small subunit ribosomal protein S19e OS=Cryptococcus neoformans var. grubii serotype A (strain H99 / ATCC 208821 / CBS 10515 / FGSC 9487) GN=CNAG_03000 PE=4 SV=1,16,12.8.16.14.13.12.11.10.10.13.13.13.14.14.16.16.12.12.14.13.14.16,7284875.734,9554456.138,13200160.98,12736944.62,4724770.495,6538909.187,7300757.5,4404801.931,6922891.777,6289221.439,5387944.33,6290808.912,5127863.042,6735113.202,5467630.375,5309072.861,5403618.852,3994084.232
J9VH14,CNAG_02990,Nuclear protein OS=Cryptococcus neoformans var. grubii serotype A (strain H99 / ATCC 208821 / CBS 10515 / FGSC 9487) GN=CNAG_02990 PE=4 SV=2,2,-.-.-.-.-.-.2.-.1.-.-.-.1.1.1.2.2.1.2.1.1.1,10450.65818,9167.222576,3838.205297,7684.805345,16554.93819,14893.41743,11134.09813,18028.74743,15139.89043,4373.551474,4101.732262,6254.855889,7358.581757,9104.054791,5660.259841,27681.68449,16288.7165,34004.46064
J9VH22,CNAG_03948,"NAD(P)H:quinone oxidoreductase, type IV OS=Cryptococcus neoformans var. grubii serotype A (strain H99 / ATCC 208821 / CBS 10515 / FGSC 9487) GN=CNAG_03948 PE=4 SV=2",6,2.3.5.2.2.3.1.-.-.6.5.5.4.6.6.5.6.6.5.6.4.5,207602.5451,95416.52068,184314.9909,322622.3578,322789.2327,306759.8508,64936.1196,37249.7804,21582.16697,745170.0669,691874.3688,639599.6213,387987.013,791152.3697,554686.5573,435671.5614,669799.0357,585939.2201
J9VH39,CNAG_00560,V-type H-transporting ATPase subunit E OS=Cryptococcus neoformans var. grubii serotype A (strain H99 / ATCC 208821 / CBS 10515 / FGSC 9487) GN=CNAG_00560 PE=3 SV=1,7,3.1.5.1.1.2.2.-.1.6.3.5.6.5.6.7.5.7.4.5.4.6,51185.87356,53113.28422,88048.63484,87170.50994,91545.82094,67909.67818,109276.1428,41180.3438,34931.27809,250532.424,263780.2953,335416.5456,195516.6985,158641.3049,255571.2613,445779.5657,326130.1022,325022.7022
J9VH45,CNAG_00565,Dynamin GTPase OS=Cryptococcus neoformans var. grubii serotype A (strain H99 / ATCC 208821 / CBS 10515 / FGSC 9487) GN=CNAG_00565 PE=3 SV=1,11,3.-.9.3.-.1.-.2.-.7.4.8.9.8.11.10.8.8.5.5.6.4,73337.43562,158749.2905,234016.4892,133592.4602,71149.12805,60403.3365,60993.38629,74573.46488,57706.91741,168484.3881,126089.3571,224799.5607,376667.0017,466538.3768,348988.5117,409298.6609,370529.2666,293258.317
J9VH48,CNAG_03983,Oxidoreductase OS=Cryptococcus neoformans var. grubii serotype A (strain H99 / ATCC 208821 / CBS 10515 / FGSC 9487) GN=CNAG_03983 PE=4 SV=2,17,6.4.17.6.6.5.6.5.5.10.8.9.12.10.16.11.7.13.10.10.8.8,2532196.555,9883739.178,5521629.664,8781143.806,11137827.63,7416078.867,5128150.864,7383883.406,11000485.62,9824986.547,8622987.648,4054893.974,5099041,3591758.898,2662666.547,3141570.582,6484811.897,4537985.875
J9VH50,CNAG_00570,cAMP-dependent protein kinase regulatory subunit OS=Cryptococcus neoformans var. grubii serotype A (strain H99 / ATCC 208821 / CBS 10515 / FGSC 9487) GN=CNAG_00570 PE=3 SV=1,4,-.-.4.1.-.-.-.-.-.3.-.3.3.2.4.4.3.3.2.1.3.3,18005.91983,17453.36144,51185.23182,22797.65471,23567.53356,23272.67662,18149.03606,22084.61224,17989.11926,49458.06117,72133.49774,82419.45043,45424.09368,84548.9923,65661.19366,64541.56503,40111.17188,67886.33546
J9VH55,CNAG_00575,Catalase OS=Cryptococcus neoformans var. grubii serotype A (strain H99 / ATCC 208821 / CBS 10515 / FGSC 9487) GN=CNAG_00575 PE=3 SV=1,1,-.-.1.-.1.-.-.-.-.1.1.1.1.1.1.1.1.1.1.1.1.1,5566.907228,5946.121826,21661.37465,1542.932065,121057.7123,2354.159061,4004.095587,6285.216778,3227.33461,45684.43553,22637.52614,38785.1788,53496.62475,21227.55032,33481.25918,34649.0141,14261.58517,25555.66172
J9VH59,CNAG_00581,Saccharopepsin OS=Cryptococcus neoformans var. grubii serotype A (strain H99 / ATCC 208821 / CBS 10515 / FGSC 9487) GN=CNAG_00581 PE=3 SV=1,9,1.5.7.2.2.5.4.4.3.8.7.5.9.9.9.8.8.9.7.7.6.8,783509.4721,894771.4164,1177493.934,157847.5863,238046.3712,269227.1142,300887.7834,307642.4824,209609.599,1343920.208,1411393.139,1539941.968,2359565.352,1858249.812,1849850.87,1463046.728,1312069.469,2303789.781
J9VH65,CNAG_00586,Uncharacterized protein OS=Cryptococcus neoformans var. grubii serotype A (strain H99 / ATCC 208821 / CBS 10515 / FGSC 9487) GN=CNAG_00586 PE=4 SV=1,1,-.-.1.-.-.-.-.-.-.1.-.1.-.-.1.-.-.-.-.-.-.-,2476.161586,2142.560353,31276.8267,2277.479221,3603.987303,7821.269006,9219.014597,9665.550964,7563.526226,61909.32687,61493.64721,55674.74747,631.5337407,597.8627597,453.9593049,1272.161741,3672.676685,1933.532911
J9VH84,CNAG_02925,D-arabinitol 2-dehydrogenase OS=Cryptococcus neoformans var. grubii serotype A (strain H99 / ATCC 208821 / CBS 10515 / FGSC 9487) GN=CNAG_02925 PE=4 SV=1,2,1.-.1.-.-.-.1.-.1.1.1.2.2.2.2.2.2.2.2.2.2.2,10109.9648,13395.38446,11217.98251,4490.449575,9544.856317,6414.466294,10822.39264,13967.68847,8596.377938,33767.06874,24852.19513,66249.03996,36950.96971,34866.562,40567.68122,71620.87078,58669.1647,50645.07483
J9VH88,CNAG_02920,Hydrolase OS=Cryptococcus neoformans var. grubii serotype A (strain H99 / ATCC 208821 / CBS 10515 / FGSC 9487) GN=CNAG_02920 PE=4 SV=2,3,1.1.3.2.1.2.-.1.-.2.3.1.3.3.3.2.3.3.3.3.1.3,111004.2072,143490.0325,83585.6456,99967.26942,111498.2728,81034.83235,8299.791577,18150.60847,9001.709495,57065.64345,78788.12577,43804.04582,102019.4272,90825.06485,97920.58034,153097.8661,70033.72274,84296.82562
J9VH97,CNAG_04043,Uncharacterized protein OS=Cryptococcus neoformans var. grubii serotype A (strain H99 / ATCC 208821 / CBS 10515 / FGSC 9487) GN=CNAG_04043 PE=4 SV=2,2,1.-.-.-.-.1.1.1.1.2.1.1.2.-.2.2.1.1.1.1.1.1,17830.2631,4603.800201,1330.731697,8526.26004,10370.23319,20705.7868,39523.143,15578.63758,14693.63609,54493.7348,67725.18541,47504.56404,34538.23696,38969.17311,23891.46359,80520.89899,141553.2018,66583.51401
J9VHC1,CNAG_04068,Large subunit ribosomal protein L28e OS=Cryptococcus neoformans var. grubii serotype A (strain H99 / ATCC 208821 / CBS 10515 / FGSC 9487) GN=CNAG_04068 PE=4 SV=1,5,4.1.5.4.2.2.5.2.5.5.2.5.5.5.5.5.5.5.5.5.5.4,1082519.076,2645820.569,1399350.935,559276.3211,996164.1889,376422.3596,558439.6269,751595.8594,803332.919,334133.074,453957.3944,905092.6758,769982.4471,959641.6853,1048983.894,1314612.504,298965.3508,874047.9
J9VHD5,CNAG_00662,Carboxymethylenebutenolidase OS=Cryptococcus neoformans var. grubii serotype A (strain H99 / ATCC 208821 / CBS 10515 / FGSC 9487) GN=CNAG_00662 PE=4 SV=1,4,1.1.4.1.1.3.3.1.2.2.1.3.3.4.4.3.4.4.4.4.4.3,104245.4245,98866.16147,192931.0861,39764.59102,60484.5521,78500.81937,99888.93674,55201.21049,47188.74996,101808.5926,94119.0448,77927.03237,138573.356,98550.66476,141083.8508,128932.3252,82761.84639,110565.0782
J9VHE4,CNAG_00672,Small subunit ribosomal protein S11 OS=Cryptococcus neoformans var. grubii serotype A (strain H99 / ATCC 208821 / CBS 10515 / FGSC 9487) GN=CNAG_00672 PE=3 SV=1,10,6.6.9.5.6.7.6.6.6.6.6.6.8.8.9.10.6.8.8.7.7.5,3559827.239,1081615.14,4282515.729,1892923.236,2284030.561,2672948.706,2394209.447,2697358.663,1992468.112,1494394.872,1345363.029,1692339.759,1263864.715,1429451.101,1568270.589,1151266.167,1238285.754,1246743.908
J9VHG6,CNAG_00697,UDP-glucose 4-epimerase OS=Cryptococcus neoformans var. grubii serotype A (strain H99 / ATCC 208821 / CBS 10515 / FGSC 9487) GN=CNAG_00697 PE=3 SV=1,1,-.-.1.-.-.-.-.-.-.1.1.1.1.1.1.1.1.1.1.1.1.1,9407.366482,1873.460249,16942.24526,4934.742982,4103.600192,5627.720109,4790.484127,12811.68877,8884.436095,10973.08525,6995.824771,22349.44761,21009.22194,25131.92619,24528.30413,28301.48532,14906.76124,24886.56812
J9VHH2,CNAG_07502,CTP synthase OS=Cryptococcus neoformans var. grubii serotype A (strain H99 / ATCC 208821 / CBS 10515 / FGSC 9487) GN=CNAG_07502 PE=3 SV=1,2,2.1.2.2.1.1.2.1.1.1.1.1.2.2.2.2.2.2.2.2.2.1,144550.1757,613197.8293,314293.0932,423157.7585,1116815.348,699822.2493,300170.4825,316502.8604,726964.2569,797955.8832,937321.4781,166138.0161,619992.29,336462.9688,147425.7491,325014.458,297291.7349,298555.9605
J9VHH7,CNAG_00706,RNA-binding protein rnp24 OS=Cryptococcus neoformans var. grubii serotype A (strain H99 / ATCC 208821 / CBS 10515 / FGSC 9487) GN=CNAG_00706 PE=4 SV=1,2,1.1.2.1.-.-.1.-.-.-.-.1.-.1.1.2.1.1.1.1.1.1,87304.04496,33225.1448,67636.05251,23648.61576,7220.781931,12425.95722,49417.71619,7924.740151,7409.944169,6528.717896,12826.16264,3446.320874,40191.19362,22650.46252,18153.02412,37171.52759,37775.03071,27654.82368
J9VHI3,CNAG_02825,Argininosuccinate lyase OS=Cryptococcus neoformans var. grubii serotype A (strain H99 / ATCC 208821 / CBS 10515 / FGSC 9487) GN=CNAG_02825 PE=3 SV=1,4,2.1.4.1.1.3.3.2.1.3.4.2.3.2.3.3.1.2.3.3.1.3,1032638.794,2851055.224,616184.5057,1660589.799,2171594.115,1768417.603,1226490.266,588249.5557,1687895.101,921454.5564,1346499.118,845512.0441,590023.0715,881756.5311,562275.7124,330277.7713,726784.1113,754979.0884
J9VHI5,CNAG_03052,PP2Cc protein phosphatase OS=Cryptococcus neoformans var. grubii serotype A (strain H99 / ATCC 208821 / CBS 10515 / FGSC 9487) GN=CNAG_03052 PE=3 SV=2,3,1.2.2.2.1.1.2.2.1.2.2.2.2.3.2.3.2.3.3.2.2.2,58475.31511,103461.5042,93609.8797,251248.8595,151299.242,74512.27616,78286.70688,88208.22649,105063.0372,147043.7572,109235.5438,108361.7011,124290.3221,117174.4226,165433.5196,289187.8218,169229.411,182818.6893
J9VHI6,CNAG_00716,Cytochrome c OS=Cryptococcus neoformans var. grubii serotype A (strain H99 / ATCC 208821 / CBS 10515 / FGSC 9487) GN=CNAG_00716 PE=3 SV=1,12,8.6.12.6.2.7.6.6.5.8.9.9.10.9.11.8.10.11.11.7.10.8,1685751.981,1057945.984,2104669.106,470602.125,625957.024,695066.9083,596592.3798,540618.0198,414395.4088,961994.4088,877802.9936,1041506.997,1017171.603,1026675.675,1226011.164,1012721.987,911666.9868,1213309.874
J9VHJ1,CNAG_00721,"Alpha-1,3-mannosyltransferase OS=Cryptococcus neoformans var. grubii serotype A (strain H99 / ATCC 208821 / CBS 10515 / FGSC 9487) GN=CNAG_00721 PE=4 SV=2",2,-.-.1.1.1.-.-.-.-.1.1.1.1.1.2.2.2.2.1.1.1.2,6634.532327,3864.840735,4482.586888,356581.7564,289162.6075,185855.5223,11602.59679,10209.29602,21587.0291,377263.6243,347854.9782,430905.7389,165412.8217,87124.28469,41473.62878,68295.49692,18778.72903,62563.60485
J9VHK3,CNAG_00736,Exocyst protein OS=Cryptococcus neoformans var. grubii serotype A (strain H99 / ATCC 208821 / CBS 10515 / FGSC 9487) GN=CNAG_00736 PE=4 SV=2,3,3.1.-.1.1.1.1.2.1.2.2.3.1.1.1.2.-.1.-.2.1.1,175078.0615,33236.18064,21334.89699,28579.77964,29866.42656,26003.39374,259055.9592,284609.2586,235146.2221,199128.0494,15510.52075,53115.39392,10261.95654,9896.277945,4516.077333,4921.630951,13635.46927,9454.113537
J9VHK8,CNAG_00741,ATP-dependent RNA helicase SUB2 OS=Cryptococcus neoformans var. grubii serotype A (strain H99 / ATCC 208821 / CBS 10515 / FGSC 9487) GN=CNAG_00741 PE=4 SV=1,7,4.2.7.2.1.3.4.4.3.4.2.6.7.3.7.7.7.7.5.5.5.5,701077.5552,1410519.253,366850.0835,154730.6019,41505.0025,90743.11942,281756.2873,647901.7492,608169.1186,539846.7605,694852.9175,442823.7993,605264.4722,859315.4634,694846.4401,1099649.849,607619.0912,864295.9909
J9VHL5,CNAG_02811,Small subunit ribosomal protein S29 OS=Cryptococcus neoformans var. grubii serotype A (strain H99 / ATCC 208821 / CBS 10515 / FGSC 9487) GN=CNAG_02811 PE=4 SV=2,5,5.1.4.5.4.5.4.5.5.4.3.5.5.5.5.4.5.5.4.5.5.4,6639310.944,4441274.78,4546153.915,5561028.194,6480146.836,10624971.2,4192778.793,3945421.999,3549415.545,2219500.951,3167281.741,2589984.833,2766021.234,2726767.4,1934399.513,2407941.031,3256002.069,3086762.292
J9VHM4,CNAG_02795,Phosphoribosylglycinamide formyltransferase OS=Cryptococcus neoformans var. grubii serotype A (strain H99 / ATCC 208821 / CBS 10515 / FGSC 9487) GN=CNAG_02795 PE=3 SV=2,2,1.1.2.1.1.1.1.1.1.1.1.1.2.1.2.2.1.1.2.1.1.2,71157.79244,70050.60649,17331.28482,53986.22307,45861.11128,46502.73984,59270.64834,147148.6456,81305.54193,15698.34408,27135.953,69619.63541,52795.13401,73600.09993,76268.81557,37349.88618,22388.74421,24805.26601
J9VHM5,CNAG_02994,Uncharacterized protein OS=Cryptococcus neoformans var. grubii serotype A (strain H99 / ATCC 208821 / CBS 10515 / FGSC 9487) GN=CNAG_02994 PE=4 SV=2,13,3.3.13.5.1.3.5.1.2.7.7.8.11.12.13.13.11.13.9.9.10.9,227082.6718,196066.1589,535050.7898,183820.8426,123246.8613,215087.6327,227697.3877,168125.6017,126494.4622,337528.0669,394831.4308,333633.3649,993905.9725,943218.2042,722351.1308,633366.7673,725148.7437,1168493.383
J9VHN1,CNAG_00746,Uncharacterized protein OS=Cryptococcus neoformans var. grubii serotype A (strain H99 / ATCC 208821 / CBS 10515 / FGSC 9487) GN=CNAG_00746 PE=4 SV=1,1,-.-.1.-.-.-.-.-.-.-.-.1.1.1.1.1.-.1.-.-.1.-,6739.021127,2849.183123,20645.78967,2170.912047,9779.142976,3140.116816,4098.049097,6744.142605,3101.239735,1029.571826,6807.100035,23749.94513,25564.97977,20108.27618,38733.31322,42107.02614,96345.75991,22936.9874
J9VHP1,CNAG_02974,Voltage-dependent anion channel protein 2 OS=Cryptococcus neoformans var. grubii serotype A (strain H99 / ATCC 208821 / CBS 10515 / FGSC 9487) GN=CNAG_02974 PE=4 SV=1,21,12.6.20.11.6.7.12.9.8.15.13.16.18.16.21.21.17.21.17.18.16.15,3034627.988,3660367.359,6758412.851,8520501.108,2340863.723,1439166.531,2497474.187,1760225.467,1935958.564,3804322.382,3900618.348,4697196.306,5900762.923,6017768.684,7379749.105,12067222.08,6389317.506,7960601.751
J9VHP3,CNAG_02765,3-hydroxyisobutyrate dehydrogenase OS=Cryptococcus neoformans var. grubii serotype A (strain H99 / ATCC 208821 / CBS 10515 / FGSC 9487) GN=CNAG_02765 PE=4 SV=2,2,2.1.1.2.2.1.1.1.1.2.1.1.2.1.2.1.1.1.1.1.1.2,140653.0689,211436.35,36475.47323,603745.9237,448030.6098,584229.7616,104224.4261,7400.802354,148831.0906,110592.5643,52019.37102,35167.54907,160776.6413,260009.8339,132515.619,116852.7729,55188.57304,104602.5086
J9VHQ2,CNAG_00006,Prohibitin-2 OS=Cryptococcus neoformans var. grubii serotype A (strain H99 / ATCC 208821 / CBS 10515 / FGSC 9487) GN=CNAG_00006 PE=4 SV=1,3,-.-.2.-.-.-.-.-.-.-.-.1.3.1.3.3.2.2.1.2.1.1,8686.58849,11697.5972,65702.9053,18539.23885,13740.72409,17642.10518,26620.35472,13468.66591,13244.73305,7703.781642,6527.781825,33594.30867,115239.573,110009.2061,106150.2462,77250.44098,36982.70044,65515.38259
J9VHQ8,CNAG_02956,Transcription factor IWS1 OS=Cryptococcus neoformans var. grubii serotype A (strain H99 / ATCC 208821 / CBS 10515 / FGSC 9487) GN=CNAG_02956 PE=4 SV=1,3,1.-.2.1.-.1.1.1.1.2.2.2.2.2.3.3.2.2.1.2.2.2,15218.77162,26076.87885,42327.49685,14314.49925,30595.60588,24983.73635,19776.27606,20920.62135,13089.42319,24159.14237,22033.89244,35330.24335,26826.76488,27569.41403,30797.75513,53178.06088,19443.60858,32238.10363
J9VHR0,CNAG_00770,DNA mismatch repair protein MSH2 OS=Cryptococcus neoformans var. grubii serotype A (strain H99 / ATCC 208821 / CBS 10515 / FGSC 9487) GN=CNAG_00770 PE=3 SV=2,2,2.-.2.1.-.1.-.1.1.1.1.1.1.1.1.1.1.2.2.1.1.1,29217.88267,24057.84897,19420.00318,51677.30194,99596.68414,67544.76315,45714.3005,55431.83005,53717.83825,47107.94931,29141.65087,18267.25442,17099.94839,17419.68605,17433.31806,17897.01174,23857.96286,14405.56833
J9VHR2,CNAG_02950,Grx4 family monothiol glutaredoxin OS=Cryptococcus neoformans var. grubii serotype A (strain H99 / ATCC 208821 / CBS 10515 / FGSC 9487) GN=CNAG_02950 PE=4 SV=2,2,2.1.1.2.1.-.1.1.-.2.1.1.2.1.2.2.1.2.1.1.2.1,29636.07508,16235.09704,46550.74647,44282.00779,25000.78698,28819.71463,22295.62658,33050.16923,21435.57989,50991.22845,26788.83237,41225.07133,64341.78515,71862.4277,71357.45442,164792.1292,74167.82805,64436.46373
J9VHS0,CNAG_02722,Aldose reductase OS=Cryptococcus neoformans var. grubii serotype A (strain H99 / ATCC 208821 / CBS 10515 / FGSC 9487) GN=CNAG_02722 PE=4 SV=1,12,2.2.8.2.2.1.2.-.1.8.6.7.9.8.12.6.8.8.6.6.6.3,324328.1766,440080.9123,616180.4781,92075.4493,96452.71797,71159.1357,120485.8526,142920.0661,141257.0877,636228.7089,492133.603,862185.6014,627829.8138,789890.8456,844135.2256,507275.657,427986.1518,572087.1983
J9VHS2,CNAG_00785,ATP-dependent RNA helicase eIF4A OS=Cryptococcus neoformans var. grubii serotype A (strain H99 / ATCC 208821 / CBS 10515 / FGSC 9487) GN=CNAG_00785 PE=4 SV=1,13,9.4.12.10.2.5.8.7.7.11.9.11.12.11.13.13.11.12.12.11.10.10,2284042.948,2121205.375,2363051.751,1376779.353,1216650.921,522942.2654,1349111.917,1293075.312,1289424.361,1615713.199,1276633.837,1995168.808,1931102.805,2291683.332,2469428.298,3027797.992,2049551.02,2718599.889
J9VHS6,CNAG_02934,Uncharacterized protein OS=Cryptococcus neoformans var. grubii serotype A (strain H99 / ATCC 208821 / CBS 10515 / FGSC 9487) GN=CNAG_02934 PE=4 SV=1,2,-.-.1.-.2.-.1.2.1.1.2.2.2.2.2.2.2.2.2.1.2.2,5540.971822,11532.20797,5784.528852,18132.44646,56653.28683,13257.73708,27122.68479,97876.57209,51301.8664,27334.98777,75513.29756,20756.28174,63889.60515,108915.183,22401.71347,18728.12846,81780.41908,88445.97352
J9VHT7,CNAG_02924,Histone H1/5 OS=Cryptococcus neoformans var. grubii serotype A (strain H99 / ATCC 208821 / CBS 10515 / FGSC 9487) GN=CNAG_02924 PE=3 SV=1,9,5.9.7.3.4.5.6.5.6.8.9.7.9.9.9.7.9.9.9.8.7.7,1341688.195,3739754.848,424665.2303,480204.4135,1041324.007,765969.4449,422653.035,482613.9876,394247.2905,921189.4402,2792758.407,761935.3268,1478578.182,1514050.495,622987.535,388538.0983,952853.8294,1318901.942
J9VHT8,CNAG_00046,26S proteasome regulatory subunit N8 OS=Cryptococcus neoformans var. grubii serotype A (strain H99 / ATCC 208821 / CBS 10515 / FGSC 9487) GN=CNAG_00046 PE=4 SV=1,3,-.-.3.-.1.1.-.-.-.2.-.3.3.3.3.2.3.2.3.1.2.-,17064.63715,8155.928351,40753.99859,10610.74607,51729.74317,40459.57472,20059.31893,9318.327072,12257.75574,53903.49814,47621.54149,59053.75432,69801.17417,73923.7967,93395.06439,146084.4627,66677.74886,110478.304
J9VHT9,CNAG_02698,Uncharacterized protein OS=Cryptococcus neoformans var. grubii serotype A (strain H99 / ATCC 208821 / CBS 10515 / FGSC 9487) GN=CNAG_02698 PE=4 SV=1,3,2.1.3.3.1.1.3.3.3.3.3.3.3.3.3.3.3.3.3.3.3.3,140570.329,228951.3664,253079.1566,310853.465,1179455.363,845745.5117,46078.12796,996311.1589,1055470.676,56170.47483,313844.8865,54089.38256,191850.5268,102371.398,325640.1424,132887.0027,409406.2591,264671.0545
J9VHV5,CNAG_00061,Citrate synthase OS=Cryptococcus neoformans var. grubii serotype A (strain H99 / ATCC 208821 / CBS 10515 / FGSC 9487) GN=CNAG_00061 PE=3 SV=1,27,17.13.27.14.13.18.16.12.14.20.20.18.25.23.26.23.16.20.22.20.19.17,8127776.113,17486574.51,18886992.98,7282650.134,9563866.546,10750339.73,12250660.47,10920297.16,11347509.97,10963000.88,7729584.784,6591716.142,5790728.276,5278793.361,5657923.677,5612958.402,5255922.477,5175636.286
J9VHW0,CNAG_02903,Alcohol dehydrogenase (NADP ) OS=Cryptococcus neoformans var. grubii serotype A (strain H99 / ATCC 208821 / CBS 10515 / FGSC 9487) GN=CNAG_02903 PE=3 SV=1,1,-.-.1.-.-.-.1.-.-.1.-.1.1.1.1.1.1.1.1.1.1.1,3436.226289,5506.252122,3191.362427,11578.16748,2076.782912,2626.598443,25927.82786,6196.028257,4446.993768,19311.68361,32073.07266,41209.43368,21236.51394,24039.33396,53830.8792,13297.93197,30138.98948,35971.19145
J9VHW3,CNAG_00072,Protein disulfide-isomerase OS=Cryptococcus neoformans var. grubii serotype A (strain H99 / ATCC 208821 / CBS 10515 / FGSC 9487) GN=CNAG_00072 PE=3 SV=2,16,5.2.14.6.5.5.6.3.4.12.6.12.11.13.15.15.9.12.12.11.12.10,8857910.505,6204245.283,2118993.64,6617954.67,6184075.937,5470410.879,4942212.741,7918954.982,5192982.382,3939955.167,3981992.067,3738713.494,2487295.411,2279673.937,1905746.309,2351098.147,3180400.056,2079189.292
J9VHW8,CNAG_00845,Uncharacterized protein OS=Cryptococcus neoformans var. grubii serotype A (strain H99 / ATCC 208821 / CBS 10515 / FGSC 9487) GN=CNAG_00845 PE=4 SV=1,3,2.1.2.3.3.2.2.2.3.1.3.1.3.3.3.3.2.2.3.2.2.3,70313.45241,69151.97323,68166.10096,809300.1,945566.1005,1347607.946,534723.7623,531297.7115,450272.0213,26047.59471,156515.4406,12245.41572,250167.5052,154078.0065,124143.7923,52268.41133,57616.22382,67703.49073
J9VHX2,CNAG_02664,D-lactate dehydrogenase OS=Cryptococcus neoformans var. grubii serotype A (strain H99 / ATCC 208821 / CBS 10515 / FGSC 9487) GN=CNAG_02664 PE=4 SV=1,4,2.1.4.3.3.2.2.2.2.2.2.3.4.3.4.4.2.3.2.2.2.3,91389971.96,59122234.23,12617571.25,93892812.84,30892800.74,52570008.76,70327435.9,104670846.2,48441434.1,30817220.96,26457927.21,32756235.4,6590567.407,15079274.15,6017547.019,6300888.046,10601232.8,15344098.55
J9VHX9,CNAG_02883,Rho family protein OS=Cryptococcus neoformans var. grubii serotype A (strain H99 / ATCC 208821 / CBS 10515 / FGSC 9487) GN=CNAG_02883 PE=3 SV=1,3,-.-.3.-.1.-.-.-.-.3.1.1.3.2.3.3.2.3.2.3.2.2,16173.76417,18349.21006,56383.4921,21505.8789,30645.08486,9115.128015,19712.57838,9450.13839,7256.853832,84136.92847,23640.66161,40419.89058,126546.5385,123095.0711,131779.1304,196660.1283,115888.0463,137196.0228
J9VHY1,CNAG_02654,DNA polymerase epsilon catalytic subunit A OS=Cryptococcus neoformans var. grubii serotype A (strain H99 / ATCC 208821 / CBS 10515 / FGSC 9487) GN=CNAG_02654 PE=4 SV=1,2,2.2.2.2.2.2.2.2.2.2.2.2.2.2.2.2.2.2.2.2.2.2,24962657.88,13366767.04,4938083.829,35894712.87,15341755.88,15535178.72,38702572.31,29402231.04,31707509.95,11467590.4,15566740.2,21492476.28,4422364.638,5796538.652,2038297.378,4879983.745,5305470.25,4483994.922
J9VHY3,CNAG_00087,Uncharacterized protein OS=Cryptococcus neoformans var. grubii serotype A (strain H99 / ATCC 208821 / CBS 10515 / FGSC 9487) GN=CNAG_00087 PE=4 SV=1,1,-.-.-.-.-.-.-.-.-.-.-.-.-.-.1.1.-.-.1.-.-.-,3891.733797,6337.774645,2636.467744,2750.761205,6888.681533,4971.086477,4629.108919,2037.81601,2833.474825,1847.448324,1859.282462,1209.239269,510.3257785,942.6987449,255.7870972,1764.025671,1347.260846,1102.432335
J9VHZ0,CNAG_06799,Uroporphyrinogen decarboxylase OS=Cryptococcus neoformans var. grubii serotype A (strain H99 / ATCC 208821 / CBS 10515 / FGSC 9487) GN=CNAG_06799 PE=3 SV=1,1,-.-.1.-.-.-.-.-.-.-.-.1.-.-.1.-.1.1.-.1.1.1,5794.789738,4450.221734,18798.81543,7665.824674,3426.644201,4356.944263,7311.908141,3122.958587,11419.19239,1917.347811,5403.976188,7743.441251,611.8594395,1016.730986,5612.646992,1797.223439,3089.426959,6343.477357
J9VI08,CNAG_06779,Small nuclear ribonucleoprotein D1 OS=Cryptococcus neoformans var. grubii serotype A (strain H99 / ATCC 208821 / CBS 10515 / FGSC 9487) GN=CNAG_06779 PE=4 SV=1,2,1.-.2.1.-.1.1.-.1.1.1.1.1.1.2.1.1.1.1.1.1.1,65838.79073,285989.504,171422.8423,70436.60715,86947.3987,46942.20833,60051.92567,52878.47913,61061.13414,42407.2312,54834.81199,79054.00238,69335.00189,62168.61658,125679.8952,132217.1415,50977.92795,88266.12443
J9VI09,CNAG_02858,Adenylosuccinate synthetase OS=Cryptococcus neoformans var. grubii serotype A (strain H99 / ATCC 208821 / CBS 10515 / FGSC 9487) GN=CNAG_02858 PE=1 SV=1,5,2.2.4.-.1.1.1.3.3.2.2.3.4.5.5.5.3.5.4.3.2.3,261428.4664,652337.8136,135625.5443,97742.24204,116171.1788,69121.48447,256428.1712,454629.2245,275889.6016,66714.7058,89853.72468,124719.2099,291872.3121,217793.4913,238221.2214,330147.9865,234084.9802,185396.3159
J9VI11,CNAG_07561,"6-phosphogluconate dehydrogenase, decarboxylating OS=Cryptococcus neoformans var. grubii serotype A (strain H99 / ATCC 208821 / CBS 10515 / FGSC 9487) GN=CNAG_07561 PE=3 SV=1",30,27.6.29.19.14.11.20.20.20.25.15.26.25.28.29.24.26.26.25.25.23.20,6728600.53,7783991.386,5487912.112,4380889.895,4411676.888,3972720.471,4332534.675,4562069.455,5001078.719,3611208.495,3914510.608,4695873.462,4441021.805,4320239.456,4930834.709,5747468.217,4401270.481,4489934.02
J9VI18,CNAG_06770,Fructose-bisphosphate aldolase 1 OS=Cryptococcus neoformans var. grubii serotype A (strain H99 / ATCC 208821 / CBS 10515 / FGSC 9487) GN=CNAG_06770 PE=4 SV=1,13,8.3.12.7.3.2.8.7.7.12.11.11.13.10.13.12.12.12.12.10.11.10,865965.2064,1402579.494,1012046.065,543726.3559,557182.2522,684196.5141,964754.5158,683395.1134,408053.918,1733852.652,1175493.208,1604256.354,1419164.159,1172946.514,1711858.149,2369722.292,1464734.622,1874571.472
J9VI22,CNAG_06764,Short-chain dehydrogenase OS=Cryptococcus neoformans var. grubii serotype A (strain H99 / ATCC 208821 / CBS 10515 / FGSC 9487) GN=CNAG_06764 PE=4 SV=1,7,-.-.6.-.-.-.1.-.1.3.1.5.5.6.7.7.6.6.6.6.6.4,25548.66997,19221.99607,86435.80484,48918.08903,32313.16789,31391.1748,68896.93122,27252.57345,66154.45027,106601.8637,95551.41852,153355.2637,189179.4956,172867.6237,265573.1476,353038.0588,197104.5803,306863.7291
J9VI31,CNAG_06754,RNA polymerase-associated protein CTR9 OS=Cryptococcus neoformans var. grubii serotype A (strain H99 / ATCC 208821 / CBS 10515 / FGSC 9487) GN=CNAG_06754 PE=4 SV=2,2,2.1.1.2.1.1.2.1.1.1.1.1.1.1.2.2.1.1.2.2.2.1,406884.1665,390785.3636,768686.9395,734102.6865,1561140.555,2269379.902,1203581.151,968195.967,983836.4093,1039586.407,840549.8049,542984.3247,652994.8593,702053.9193,683852.0728,690922.4432,1160536.6,771292.5173
J9VI41,CNAG_02829,Protein arginine N-methyltransferase OS=Cryptococcus neoformans var. grubii serotype A (strain H99 / ATCC 208821 / CBS 10515 / FGSC 9487) GN=CNAG_02829 PE=3 SV=1,1,-.-.1.-.-.-.-.-.-.1.-.1.1.-.1.1.1.1.-.-.1.1,10882.08225,2035.135676,5586.498679,1711.770669,2890.245158,9137.797186,4878.798567,3512.392673,3736.025126,2827.917285,3484.518784,2849.251125,2350.978122,3947.56619,3318.183622,2280.024328,2014.801264,2088.862078
J9VI43,CNAG_02585,Uncharacterized protein OS=Cryptococcus neoformans var. grubii serotype A (strain H99 / ATCC 208821 / CBS 10515 / FGSC 9487) GN=CNAG_02585 PE=4 SV=1,5,-.1.5.-.-.1.1.-.-.5.2.5.5.4.5.4.1.4.5.5.4.4,143016.9059,26200.28361,189007.0821,23777.96305,38434.99131,47883.89123,53401.92486,33306.7149,22596.2684,570083.1282,690528.6824,735517.0512,535338.907,769461.7892,736639.3326,461956.8453,823203.7807,378322.2619
J9VI50,CNAG_00147,Pre-mRNA-processing-splicing factor 8 OS=Cryptococcus neoformans var. grubii serotype A (strain H99 / ATCC 208821 / CBS 10515 / FGSC 9487) GN=CNAG_00147 PE=4 SV=1,3,2.-.3.-.-.-.-.-.1.1.1.1.3.1.3.2.1.2.-.1.-.2,11095.58099,11467.28579,8115.270967,15132.2545,14411.47295,22996.88475,16468.80422,18734.7533,7588.278327,9429.003286,6381.338817,12258.10769,37090.6624,41680.40667,40065.57745,25380.40649,8601.858206,13364.03593
J9VI51,CNAG_02575,RAB small monomeric GTPase OS=Cryptococcus neoformans var. grubii serotype A (strain H99 / ATCC 208821 / CBS 10515 / FGSC 9487) GN=CNAG_02575 PE=4 SV=1,4,3.3.4.2.4.2.1.3.3.4.4.4.4.4.4.4.4.4.3.4.3.4,205848.6663,502761.3044,385193.3015,235088.7301,636952.4054,472065.3497,343499.2421,276085.4064,413813.2056,350255.0083,436930.9539,342595.4563,312314.6985,325171.6292,344907.4403,306350.3325,297183.0538,366747.8728
J9VI58,CNAG_06723,Succinate dehydrogenase [ubiquinone] cytochrome b small subunit OS=Cryptococcus neoformans var. grubii serotype A (strain H99 / ATCC 208821 / CBS 10515 / FGSC 9487) GN=CNAG_06723 PE=3 SV=1,1,1.1.1.-.1.1.1.1.1.1.-.1.1.1.1.1.1.1.1.1.1.1,46329.84161,121325.5319,54091.25581,185446.7906,150702.6888,137121.1103,26145.76194,175890.6445,37041.38012,92254.08094,75953.41008,96505.33204,67486.45641,49665.5553,70528.33934,109582.0352,23776.3938,65370.21362
J9VI75,CNAG_03598,Ubiquilin OS=Cryptococcus neoformans var. grubii serotype A (strain H99 / ATCC 208821 / CBS 10515 / FGSC 9487) GN=CNAG_03598 PE=4 SV=1,2,-.-.-.-.-.-.-.-.-.1.-.-.-.-.1.2.-.-.-.-.-.-,11333.66111,16474.17741,3453.742603,12519.11499,21013.87808,11998.49353,6131.959305,14765.43181,13021.97623,4214.708986,10854.02756,7730.473545,3059.141926,4109.920025,12031.31463,838.7232307,6442.063844,1819.376666
J9VI76,CNAG_02815,Glycerol-3-phosphate dehydrogenase OS=Cryptococcus neoformans var. grubii serotype A (strain H99 / ATCC 208821 / CBS 10515 / FGSC 9487) GN=CNAG_02815 PE=3 SV=1,2,-.-.2.1.-.-.-.-.-.1.-.1.1.1.2.2.2.2.2.2.2.1,13273.05084,5663.175953,23088.81347,10381.89702,13392.99982,3519.44654,3664.106216,7547.867176,16217.75664,7858.863378,8758.856036,8341.71397,8085.226496,7349.885652,8071.822874,27565.21507,17785.5093,40922.309
J9VI85,CNAG_03612,Threonine synthase OS=Cryptococcus neoformans var. grubii serotype A (strain H99 / ATCC 208821 / CBS 10515 / FGSC 9487) GN=CNAG_03612 PE=4 SV=1,9,4.-.5.2.2.2.3.2.2.6.5.5.7.8.9.8.5.7.6.5.6.7,141178.1302,140781.3331,153615.1858,91753.59975,82967.97196,99202.2764,330109.6943,505615.912,214060.0451,441624.5391,341714.2588,379672.6311,404120.2237,343383.7375,450356.7096,513749.8806,319683.7902,357141.2523
J9VI89,TIF3 CNAG_06906,Translation initiation factor 4B OS=Cryptococcus neoformans var. grubii serotype A (strain H99 / ATCC 208821 / CBS 10515 / FGSC 9487) GN=CNAG_06906 PE=4 SV=2,21,5.5.19.6.4.8.4.5.8.12.9.14.13.16.19.19.14.19.14.14.15.15,1313507.147,1121995.587,974081.5844,478004.6697,1290074.205,348732.4473,507837.5164,439252.2686,354610.6127,672102.6565,644992.2691,824686.4877,1213659.435,992724.1712,891572.6349,1315844.893,1093494.121,1278200.512
J9VI95,CNAG_03623,Malonic semialdehyde reductase OS=Cryptococcus neoformans var. grubii serotype A (strain H99 / ATCC 208821 / CBS 10515 / FGSC 9487) GN=CNAG_03623 PE=3 SV=2,2,1.1.2.1.1.1.1.1.1.1.1.2.2.1.2.2.1.1.1.1.1.1,618838.7445,1654095.15,170771.4132,1010271.296,1786154.397,1087227.301,340699.2971,633178.8981,676624.67,647917.9802,543297.6143,309826.6549,538800.7535,330705.6672,344364.7887,283597.2326,263180.3971,262804.7697
J9VIA8,CNAG_03638,Heterokaryon incompatibility protein HET-C OS=Cryptococcus neoformans var. grubii serotype A (strain H99 / ATCC 208821 / CBS 10515 / FGSC 9487) GN=CNAG_03638 PE=4 SV=1,2,1.-.2.1.-.1.1.1.1.2.1.2.2.2.2.2.1.2.2.1.2.2,15971.5465,42080.78437,38667.68287,20117.04216,12951.67319,10439.56866,11204.38606,14295.12548,11901.15026,18987.00903,22988.59038,28726.23846,39571.5252,31018.76884,26716.21296,40905.86846,38309.31434,35603.26675
J9VIB2,CNAG_03641,Eukaryotic translation initiation factor 3 subunit D OS=Cryptococcus neoformans var. grubii serotype A (strain H99 / ATCC 208821 / CBS 10515 / FGSC 9487) GN=CNAG_03641 PE=3 SV=1,3,1.-.3.2.-.-.-.-.1.2.-.1.3.2.3.3.1.3.2.3.1.2,32271.43154,44614.51264,91588.14257,98677.6693,25555.63435,19871.87238,26287.54967,35798.85471,78723.1799,67782.91182,57555.81686,50765.67282,85361.50699,122399.5635,141658.7967,172037.6613,228587.8886,96597.53148
J9VIB3,CNAG_06930,Uncharacterized protein OS=Cryptococcus neoformans var. grubii serotype A (strain H99 / ATCC 208821 / CBS 10515 / FGSC 9487) GN=CNAG_06930 PE=4 SV=1,1,-.1.1.1.1.1.1.-.-.1.1.1.1.1.1.1.1.1.1.1.1.1,144030.1828,67847.55402,175071.3635,186470.5407,232581.0645,236396.1066,7409.829114,4281.087162,7871.388653,92395.24899,57382.9205,113061.1622,118109.2541,134057.9786,106444.6564,138969.5477,199011.8321,203774.6045
J9VIB9,CNAG_02779,Nicotinate-nucleotide pyrophosphorylase [carboxylating] OS=Cryptococcus neoformans var. grubii serotype A (strain H99 / ATCC 208821 / CBS 10515 / FGSC 9487) GN=CNAG_02779 PE=3 SV=1,2,-.-.2.-.1.1.1.-.1.1.1.1.1.1.2.2.1.2.1.1.1.1,13946.61595,11642.22158,2752.568472,13260.70931,26713.52843,20316.03925,22770.88598,23259.9823,15572.83972,14842.34143,12103.65022,13002.95966,17558.15637,17455.75619,13684.95913,96536.08334,230461.4227,79748.32402
J9VID8,CNAG_02754,40S ribosomal protein S12 OS=Cryptococcus neoformans var. grubii serotype A (strain H99 / ATCC 208821 / CBS 10515 / FGSC 9487) GN=CNAG_02754 PE=3 SV=1,4,2.2.4.2.2.3.3.2.2.2.3.2.4.4.4.4.3.4.4.3.3.3,974288.2331,543314.2141,3260547.224,756795.6382,674191.1535,1454573.328,1243841.987,535947.5844,861674.1799,1107582.78,932464.4317,1378591.667,1354794.002,1314329.588,1573736.132,1704065.713,1682705.051,1611535.845
J9VIE2,CNAG_04951,Phospho-2-dehydro-3-deoxyheptonate aldolase OS=Cryptococcus neoformans var. grubii serotype A (strain H99 / ATCC 208821 / CBS 10515 / FGSC 9487) GN=CNAG_04951 PE=3 SV=1,1,-.-.1.-.-.-.-.-.-.1.-.-.1.1.1.1.-.1.-.1.1.-,5410.189194,5243.09382,17100.2579,9352.812309,6338.397748,6738.796628,4797.16546,4208.1235,6659.349201,17397.9431,5399.621406,726.0451504,26050.89334,19145.0939,22069.58696,40919.88471,65078.84363,15446.32791
J9VIF2,CNAG_04961,Orotidine 5'-phosphate decarboxylase OS=Cryptococcus neoformans var. grubii serotype A (strain H99 / ATCC 208821 / CBS 10515 / FGSC 9487) GN=CNAG_04961 PE=3 SV=1,4,2.1.4.1.-.2.1.-.-.2.2.3.1.2.3.4.2.2.2.2.2.1,90664.02424,150327.5975,152179.9929,46367.54277,90199.04606,143925.47,54996.4875,25673.1731,15890.00041,87933.77658,78925.03636,128460.4584,124952.6928,83084.62,84225.92145,97504.38922,68464.99098,61670.74285
J9VIF7,CNAG_02726,Cytoplasmic protein OS=Cryptococcus neoformans var. grubii serotype A (strain H99 / ATCC 208821 / CBS 10515 / FGSC 9487) GN=CNAG_02726 PE=4 SV=2,11,3.1.7.2.-.2.2.-.-.6.4.4.8.6.10.10.7.9.4.5.6.6,151918.0831,286164.5079,310010.2874,218188.73,84831.22668,107665.6971,46316.16419,70399.24371,63845.46118,273965.5804,168184.4938,268654.0543,325023.4364,470521.9516,634418.7285,1418539.811,1321594.472,953000.6379
J9VIG8,CNAG_03701,Pentafunctional AROM polypeptide OS=Cryptococcus neoformans var. grubii serotype A (strain H99 / ATCC 208821 / CBS 10515 / FGSC 9487) GN=CNAG_03701 PE=3 SV=1,5,1.-.4.-.-.-.1.-.-.2.-.4.3.4.5.5.4.4.3.4.3.2,62837.66227,15397.70511,58827.80055,31223.0967,33882.37909,25720.11619,41777.90638,18004.91289,32986.50607,36465.18557,47715.77745,74218.33246,48335.98924,49460.76195,82071.1047,155521.4179,97076.33062,98716.09042
J9VIH2,CNAG_03706,Serine/threonine-protein phosphatase OS=Cryptococcus neoformans var. grubii serotype A (strain H99 / ATCC 208821 / CBS 10515 / FGSC 9487) GN=CNAG_03706 PE=3 SV=1,4,1.2.4.3.1.2.2.-.2.2.3.2.4.2.4.4.3.4.3.3.3.4,300113.8277,160207.4899,224273.5906,251059.4325,169265.2892,205876.7867,128019.7506,54918.68458,76377.24045,95894.94517,163478.3633,128970.6776,177471.7335,330614.8237,151874.1051,296958.026,233563.2251,164150.639
J9VII7,CNAG_03725,dTDP-4-dehydrorhamnose reductase OS=Cryptococcus neoformans var. grubii serotype A (strain H99 / ATCC 208821 / CBS 10515 / FGSC 9487) GN=CNAG_03725 PE=4 SV=1,15,7.2.13.5.3.3.6.6.4.9.6.11.12.13.15.13.13.14.14.9.12.10,6145642.58,22047114.36,4514768.336,14182670.77,33558820.28,12423498.39,13446707.94,21195551.67,23558163.63,15214258.07,10220172.93,5501873.004,8665613.136,3994315.882,3376027.715,4327399.727,12123148.34,5741191.692
J9VIJ6,CNAG_00256,Aspartate-semialdehyde dehydrogenase OS=Cryptococcus neoformans var. grubii serotype A (strain H99 / ATCC 208821 / CBS 10515 / FGSC 9487) GN=CNAG_00256 PE=4 SV=1,10,7.1.10.4.5.8.7.5.4.7.5.8.9.9.10.10.8.9.8.8.8.9,1818188.604,2162143.386,985064.4159,953402.1494,1099788.611,1537414.492,505045.6732,622331.0543,417819.8377,680053.4575,866835.7554,783444.7645,547697.9923,560506.217,549113.9745,913527.5096,662160.5187,510322.8764
J9VIK7,CNAG_05023,Maltose O-acetyltransferase OS=Cryptococcus neoformans var. grubii serotype A (strain H99 / ATCC 208821 / CBS 10515 / FGSC 9487) GN=CNAG_05023 PE=4 SV=1,4,-.-.4.-.-.-.1.-.-.3.1.3.3.3.4.3.2.4.2.2.3.1,20502.26067,11300.37583,53714.6361,18765.36383,21122.02856,8803.376803,26956.84553,16314.25268,19429.18058,47638.79503,52074.67843,47920.05632,68312.0118,101041.1851,86651.6756,88507.5817,111665.1972,74577.36158
J9VIM6,CNAG_00290,Peptide hydrolase OS=Cryptococcus neoformans var. grubii serotype A (strain H99 / ATCC 208821 / CBS 10515 / FGSC 9487) GN=CNAG_00290 PE=3 SV=1,1,-.-.1.-.-.-.-.-.-.-.1.-.1.1.1.1.1.1.-.-.-.-,9419.243495,4602.659118,25063.15424,6433.704916,7125.411431,3650.606463,8053.385118,10260.48662,11447.44845,2205.342606,11325.78394,2174.750575,29997.44724,19576.1708,34426.07841,42032.29173,19368.31544,43477.99165
J9VIQ1,CNAG_00315,HHE domain-containing protein OS=Cryptococcus neoformans var. grubii serotype A (strain H99 / ATCC 208821 / CBS 10515 / FGSC 9487) GN=CNAG_00315 PE=4 SV=1,1,-.-.1.-.-.-.-.-.-.1.1.1.1.1.1.1.1.1.1.1.1.1,7819.523715,2907.73861,19274.25458,1656.989616,4008.114398,5582.415516,3590.462345,11437.37593,2635.789535,57094.07277,47252.90945,56101.95094,53503.86928,26607.89733,53984.41913,9699.740859,12525.82622,31848.25872
J9VIQ3,CNAG_00319,Uncharacterized protein OS=Cryptococcus neoformans var. grubii serotype A (strain H99 / ATCC 208821 / CBS 10515 / FGSC 9487) GN=CNAG_00319 PE=4 SV=2,2,1.-.1.2.-.1.-.-.1.1.1.1.2.1.1.2.2.1.1.1.1.2,40939.50654,9824.340273,26856.2182,66328.47255,49022.61891,42871.85182,14371.83503,7092.907882,25491.68841,28952.47739,19178.85957,24612.42212,24075.04394,26794.63601,21684.09754,162622.1691,72930.14724,119669.0879
J9VIQ4,CNAG_03789,Ribosome assembly factor mrt4 OS=Cryptococcus neoformans var. grubii serotype A (strain H99 / ATCC 208821 / CBS 10515 / FGSC 9487) GN=CNAG_03789 PE=3 SV=1,3,-.1.3.-.-.1.-.-.2.2.2.1.1.2.2.2.3.2.2.2.3.2,137461.8487,46258.54555,79221.35813,21870.8117,17763.40865,54701.4761,13102.58996,19655.86049,33730.01527,53777.32356,67627.32288,59552.11402,98408.36634,79083.68317,99158.77581,136092.85,45077.83396,84190.93148
J9VIQ6,CNAG_05068,GTP-binding protein ypt1 OS=Cryptococcus neoformans var. grubii serotype A (strain H99 / ATCC 208821 / CBS 10515 / FGSC 9487) GN=CNAG_05068 PE=4 SV=1,14,9.8.13.8.7.5.9.7.8.13.10.13.14.13.13.14.12.14.14.13.12.13,1327773.956,2187447.705,2157319.79,1560814.943,1657371.788,1504516.943,1533908.639,1119014.063,1679731.303,2153546.209,2079480.87,2687730.859,2194432.638,2108521.425,2901777.595,3537423.189,2197692.506,2812661.708
J9VIR0,CNAG_07808,Alanine-glyoxylate transaminase/serine-glyoxylate transaminase/serine-pyruvate transaminase OS=Cryptococcus neoformans var. grubii serotype A (strain H99 / ATCC 208821 / CBS 10515 / FGSC 9487) GN=CNAG_07808 PE=3 SV=1,6,1.-.6.-.-.1.1.-.1.3.2.5.5.6.6.6.4.4.3.3.3.2,51594.74504,112041.8347,170394.0472,34781.42093,55361.04173,62190.73039,79950.06644,103370.6017,56901.71598,97610.20892,97645.80875,173214.0285,194592.6362,166914.8097,251276.9084,178456.641,71234.75786,111121.9829
J9VIS3,CNAG_07354,"3'(2'),5'-bisphosphate nucleotidase OS=Cryptococcus neoformans var. grubii serotype A (strain H99 / ATCC 208821 / CBS 10515 / FGSC 9487) GN=CNAG_07354 PE=4 SV=1",2,1.-.2.-.-.-.1.1.-.-.-.1.1.1.2.1.-.1.1.1.1.1,69048.31589,45091.08916,69604.72339,17430.22376,4865.714369,6179.036519,54015.09398,51982.43302,39670.2441,2851.543875,2678.8983,37066.45255,47304.08289,48236.44403,70994.92917,53605.77955,62402.41568,85519.80642
J9VIS9,CNAG_00345,Delta-aminolevulinic acid dehydratase OS=Cryptococcus neoformans var. grubii serotype A (strain H99 / ATCC 208821 / CBS 10515 / FGSC 9487) GN=CNAG_00345 PE=3 SV=2,3,-.-.3.1.-.2.-.1.-.2.-.2.3.2.3.3.1.3.2.1.1.2,17225.44033,9312.842476,27847.00914,19245.43443,44308.0057,37484.24855,20097.32856,32358.66527,19108.73216,16329.03463,12540.23253,20826.44795,32272.53024,33259.90246,40694.95848,35159.58345,62766.67057,34111.83157
J9VIT7,CNAG_05097,ATP-dependent (S)-NAD(P)H-hydrate dehydratase OS=Cryptococcus neoformans var. grubii serotype A (strain H99 / ATCC 208821 / CBS 10515 / FGSC 9487) GN=CNAG_05097 PE=3 SV=1,1,-.-.1.-.-.1.-.1.1.1.1.1.1.1.1.-.1.1.1.1.1.1,2617.040928,9317.230404,31553.70706,2977.069847,12955.50121,5393.904959,23354.82131,17555.33155,16649.96345,21606.46483,9833.852513,20418.49893,20946.70122,11129.47953,14203.75416,9537.858874,8370.273022,12860.02636
J9VIT9,CNAG_00354,Vacuolar protein 8 OS=Cryptococcus neoformans var. grubii serotype A (strain H99 / ATCC 208821 / CBS 10515 / FGSC 9487) GN=CNAG_00354 PE=4 SV=1,2,-.-.1.1.-.-.-.-.-.1.-.1.1.1.2.2.1.1.1.1.1.1,4828.233532,17437.90564,22284.30474,28236.29139,11617.45672,15298.90021,13032.02422,15505.87797,9942.55413,21939.24619,21087.86753,23923.03903,23036.59143,13638.5714,25564.00522,66787.63507,19512.98839,25153.45477
J9VIW1,CNAG_06892,Autophagy-related protein 3 OS=Cryptococcus neoformans var. grubii serotype A (strain H99 / ATCC 208821 / CBS 10515 / FGSC 9487) GN=CNAG_06892 PE=3 SV=1,1,-.-.1.-.-.-.-.-.-.-.-.1.1.1.1.1.1.1.-.-.-.1,5069.281462,3542.315196,7198.501702,2045.142998,2031.305497,10445.38955,2629.49547,2025.120434,12117.79388,3518.755473,1164.198459,7504.99087,9981.693452,13076.63065,13443.45162,20535.03569,14457.71599,22976.23241
J9VIW2,CNAG_00386,Translation initiation factor 4G OS=Cryptococcus neoformans var. grubii serotype A (strain H99 / ATCC 208821 / CBS 10515 / FGSC 9487) GN=CNAG_00386 PE=4 SV=1,9,2.2.8.3.4.2.3.1.4.3.4.4.7.6.9.7.7.7.5.6.6.4,146509.9931,173957.4802,218854.5797,137308.7696,222879.5624,129326.0638,90769.03097,96633.41782,154870.1969,120847.4157,172517.3937,122897.6769,224071.1884,267599.4955,259137.3982,289253.0038,202339.6306,335921.6124
J9VIW7,CNAG_03861,Cytochrome c oxidase subunit 5a OS=Cryptococcus neoformans var. grubii serotype A (strain H99 / ATCC 208821 / CBS 10515 / FGSC 9487) GN=CNAG_03861 PE=4 SV=1,2,1.1.2.1.-.-.-.-.-.2.1.2.2.2.2.2.2.2.2.2.1.2,108137.2946,192410.0201,92468.28157,10166.66561,4859.255016,3912.821439,8647.897463,14624.40111,8982.004189,47358.55426,35951.01084,96727.07908,76387.12701,66103.35196,103972.8334,124631.0691,44410.66619,52756.08843
J9VIW9,CNAG_06902,Uncharacterized protein OS=Cryptococcus neoformans var. grubii serotype A (strain H99 / ATCC 208821 / CBS 10515 / FGSC 9487) GN=CNAG_06902 PE=4 SV=1,2,1.-.1.-.-.1.-.-.-.1.-.-.2.2.1.2.1.1.2.1.1.-,7951.397395,4709.334901,5799.316024,4761.757206,7832.740218,7108.952511,16110.77982,9720.956922,14392.89396,8105.128206,3847.15925,7260.308624,64150.03744,47243.10547,19623.61944,44367.69549,30436.61511,44760.5914
J9VIY0,CNAG_06917,Thiol-specific antioxidant protein 3 OS=Cryptococcus neoformans var. grubii serotype A (strain H99 / ATCC 208821 / CBS 10515 / FGSC 9487) GN=CNAG_06917 PE=4 SV=1,1,-.-.1.1.-.-.-.-.-.1.1.-.1.1.1.1.1.1.-.-.-.-,2019.16528,8936.27169,1685.48436,24509.48613,2170.462446,3026.142565,7216.535873,9950.550333,4495.321703,40020.80994,50596.47189,31254.97204,33907.79685,28474.91776,56737.2131,74474.49757,25468.7289,42906.21956
J9VIZ5,CNAG_05132,Cytochrome c oxidase subunit 5b OS=Cryptococcus neoformans var. grubii serotype A (strain H99 / ATCC 208821 / CBS 10515 / FGSC 9487) GN=CNAG_05132 PE=4 SV=1,1,1.1.1.-.-.-.-.-.-.-.-.1.1.1.1.1.1.1.1.1.1.1,9253.954777,6294.593753,28896.1773,7230.816922,2527.443029,5524.685385,8148.637648,5764.943968,3765.145103,1693.999643,3838.46536,24463.51901,12472.01926,10869.39048,15756.09544,25258.63397,11128.97668,10334.17298
J9VJ06,CNAG_00447,T-complex protein 1 subunit beta OS=Cryptococcus neoformans var. grubii serotype A (strain H99 / ATCC 208821 / CBS 10515 / FGSC 9487) GN=CNAG_00447 PE=3 SV=1,6,3.1.4.2.2.3.2.2.2.3.2.3.5.3.6.5.3.5.4.5.5.5,292134.9101,520994.517,232858.1358,113499.6391,133859.863,135767.3682,87785.88705,118350.217,131576.1636,86520.69945,106141.5651,115240.4939,132602.1385,198019.8373,183850.6137,242205.1031,301937.1125,240301.2878
J9VJ14,CNAG_00457,Glutamine synthetase OS=Cryptococcus neoformans var. grubii serotype A (strain H99 / ATCC 208821 / CBS 10515 / FGSC 9487) GN=CNAG_00457 PE=3 SV=1,6,2.1.6.1.-.1.-.-.1.3.2.2.2.5.6.6.3.4.5.3.4.4,67373.93566,65042.7869,97105.39387,49331.91692,52004.17707,28633.01861,30319.55232,35598.78522,41117.49758,83679.93442,150057.5021,124508.0724,155935.6215,97261.61009,189712.2211,130027.354,126860.379,81122.11262
J9VJ18,CNAG_00462,Electron-transferring-flavoprotein dehydrogenase OS=Cryptococcus neoformans var. grubii serotype A (strain H99 / ATCC 208821 / CBS 10515 / FGSC 9487) GN=CNAG_00462 PE=4 SV=1,3,-.2.2.2.2.1.1.1.1.2.2.3.3.2.3.3.1.2.2.2.1.2,500880.9655,352499.9626,139351.1426,190595.9148,1418625.084,482213.3502,334927.3734,464644.9928,488358.2481,784360.464,404447.4911,141613.5939,419885.1628,203110.4406,97804.15101,194551.4619,226152.137,145298.3029
J9VJ19,CNAG_04957,Uncharacterized protein OS=Cryptococcus neoformans var. grubii serotype A (strain H99 / ATCC 208821 / CBS 10515 / FGSC 9487) GN=CNAG_04957 PE=4 SV=1,2,-.-.1.1.-.1.1.1.-.1.1.1.1.2.2.2.2.2.1.1.1.1,9332.726549,11988.30603,14908.6312,34348.68196,37490.36943,20086.14233,17753.2577,32344.61324,18712.96331,21630.62991,14660.00499,18336.00654,47708.03706,76245.98923,61274.5096,97539.99093,80560.54664,114672.3463
J9VJ21,CNAG_03891,Hsp60-like protein OS=Cryptococcus neoformans var. grubii serotype A (strain H99 / ATCC 208821 / CBS 10515 / FGSC 9487) GN=CNAG_03891 PE=3 SV=1,47,25.23.46.24.21.28.26.21.21.42.37.43.45.46.47.45.46.45.45.42.39.39,8888481.723,4908093.028,18251267.02,4999226.046,4909520.295,7660817.297,5769527.839,5810166.482,4735405.63,15072584.93,11031464.03,13872004.24,12908979.35,13539151,17913885.09,23079753.9,10022533.74,15379770.53
J9VJ24,CNAG_04962,Uncharacterized protein OS=Cryptococcus neoformans var. grubii serotype A (strain H99 / ATCC 208821 / CBS 10515 / FGSC 9487) GN=CNAG_04962 PE=4 SV=2,10,3.2.10.5.2.5.4.4.4.9.5.8.6.9.9.10.6.9.7.7.6.7,301457.4943,677704.7033,643435.1842,802667.5697,2203294.031,2884312.613,1968814.348,1475167.918,1805395.841,1126055.135,1235189.501,595655.8738,517687.4049,575327.3037,386740.6722,431138.3491,1444155.542,751568.9458
J9VJ27,CNAG_05172,Myosin-1 OS=Cryptococcus neoformans var. grubii serotype A (strain H99 / ATCC 208821 / CBS 10515 / FGSC 9487) GN=CNAG_05172 PE=3 SV=2,3,-.-.1.-.1.-.1.-.-.1.-.2.3.1.1.2.1.3.3.1.2.1,27915.00188,7093.162658,25249.77317,23632.45268,35483.96503,18387.42502,32743.80174,21146.1855,9939.219692,32988.73636,42404.63471,23419.23782,59388.6499,38461.20833,25198.87705,47837.78562,48214.75565,55413.67418
J9VJ43,CNAG_03916,Glucose-6-phosphate isomerase OS=Cryptococcus neoformans var. grubii serotype A (strain H99 / ATCC 208821 / CBS 10515 / FGSC 9487) GN=CNAG_03916 PE=3 SV=1,23,11.8.23.8.4.11.9.2.6.16.13.13.16.16.20.19.13.17.17.12.14.15,1752301.708,1145152.939,3913836.134,2155846.412,1881244.338,1233671.297,1314320.152,1064679.155,1138193.315,1322121.206,1323336.154,1365590.357,1271045.82,1555248.814,1659328.647,1694374.349,1260996.133,1173228.769
J9VJ49,CNAG_05197,NADH-ubiquinone oxidoreductase OS=Cryptococcus neoformans var. grubii serotype A (strain H99 / ATCC 208821 / CBS 10515 / FGSC 9487) GN=CNAG_05197 PE=3 SV=1,9,5.1.9.5.3.4.3.3.4.9.4.5.7.9.9.7.6.9.7.6.5.6,523898.6117,1259317.445,578027.7435,220342.6148,363516.0547,446482.5042,150003.9105,99812.5292,134924.4219,990066.6038,1554715.651,968180.4639,934004.1512,1815111.539,693039.4962,1048344.546,506846.7544,884259.5791
J9VJ52,CNAG_03926,Methionine aminopeptidase OS=Cryptococcus neoformans var. grubii serotype A (strain H99 / ATCC 208821 / CBS 10515 / FGSC 9487) GN=CNAG_03926 PE=3 SV=2,1,1.-.1.-.-.-.1.-.1.1.1.1.1.1.1.1.1.1.1.1.1.1,9334.184455,12583.00689,12569.8731,4588.309632,3548.418896,7152.591922,6769.895054,4958.606826,5724.030773,8256.430984,6440.918081,8469.02975,7118.964994,8379.309053,10946.97276,16592.16563,6303.393719,10543.0651
J9VJ56,CNAG_03931,Mitochondrial import receptor subunit TOM40 OS=Cryptococcus neoformans var. grubii serotype A (strain H99 / ATCC 208821 / CBS 10515 / FGSC 9487) GN=CNAG_03931 PE=4 SV=1,2,1.1.2.1.1.1.1.-.1.2.1.2.2.2.2.1.2.2.2.2.2.2,40346.25546,20673.63271,91221.38704,51774.96132,16575.74438,27423.5362,64046.35388,45749.2946,32014.68064,36107.19787,45256.40715,68766.55443,50588.26446,71974.68072,81261.30698,119628.4753,48919.25584,60139.01849
J9VJ61,CNAG_03936,"NAD(P)H:quinone oxidoreductase, type IV OS=Cryptococcus neoformans var. grubii serotype A (strain H99 / ATCC 208821 / CBS 10515 / FGSC 9487) GN=CNAG_03936 PE=4 SV=2",3,3.2.2.2.2.2.2.1.3.3.2.2.2.3.3.2.3.2.2.2.2.1,71438.09775,70506.06202,271561.6181,54578.29361,55351.15168,25840.00152,108183.6255,174481.8758,162527.4951,124891.2227,79834.50612,118796.0521,128864.4822,105425.5028,240837.7684,222927.4474,88144.06884,145739.8268
J9VJ64,CNAG_03941,Proteasome subunit alpha type OS=Cryptococcus neoformans var. grubii serotype A (strain H99 / ATCC 208821 / CBS 10515 / FGSC 9487) GN=CNAG_03941 PE=3 SV=1,4,2.-.4.-.-.1.1.1.1.2.1.3.1.1.4.3.2.3.3.3.1.2,42904.07812,108947.8209,95934.16066,27644.31656,24895.65533,69682.70164,33420.53949,56712.8959,67752.23539,39657.50207,46748.73637,62359.97232,28355.06879,29821.30535,43197.98117,116295.9581,119598.4622,82228.29045
J9VJ67,CNAG_00513,Nucleolar protein 53 OS=Cryptococcus neoformans var. grubii serotype A (strain H99 / ATCC 208821 / CBS 10515 / FGSC 9487) GN=CNAG_00513 PE=4 SV=1,1,1.1.1.1.1.1.-.1.1.1.1.1.1.1.1.1.1.1.1.1.1.1,101227.4543,332650.0633,79508.08433,120515.4462,87897.6563,134653.585,35955.32984,44289.84511,41587.56527,90641.81235,66668.82678,64848.58432,64525.69171,69863.60931,35361.35927,61273.79366,66751.83591,70662.93501
J9VJ71,CNAG_05232,Large subunit ribosomal protein L8 OS=Cryptococcus neoformans var. grubii serotype A (strain H99 / ATCC 208821 / CBS 10515 / FGSC 9487) GN=CNAG_05232 PE=4 SV=1,17,15.11.17.13.14.16.14.15.15.15.12.17.17.17.17.14.14.17.17.15.16.14,17289655.31,9629082.629,16144981.61,12020599.7,11004677.57,16543406.31,14276664.43,15012472.78,13436094.22,5450486.569,6672469.398,6606760.494,6473431.155,6866026.796,5853085.56,4073359.809,4924308.216,5278563.698
J9VJ75,CNAG_05013,RNP domain-containing protein OS=Cryptococcus neoformans var. grubii serotype A (strain H99 / ATCC 208821 / CBS 10515 / FGSC 9487) GN=CNAG_05013 PE=1 SV=2,5,3.1.5.2.1.3.3.2.3.3.2.3.4.4.5.5.5.5.4.4.3.4,269380.1398,338055.9694,180849.7474,368622.9702,438311.6635,450239.7012,223704.4305,310929.0969,392066.967,162446.8956,305004.6435,124865.2877,224476.7742,276197.398,203864.5892,380561.922,337012.339,343373.7678
J9VJ83,CNAG_03961,Uncharacterized protein OS=Cryptococcus neoformans var. grubii serotype A (strain H99 / ATCC 208821 / CBS 10515 / FGSC 9487) GN=CNAG_03961 PE=4 SV=1,2,-.1.2.-.2.-.1.1.1.1.-.-.2.1.1.2.-.2.1.1.1.-,73189.76771,90347.04493,52596.81396,7089.339209,97027.21928,8673.189691,13156.62101,86413.8954,17253.94533,9697.908172,8152.636132,6551.496772,18675.50795,17014.78515,20695.55055,76269.75014,71148.90164,53690.54137
J9VJ90,CNAG_05028,Cysteine synthase OS=Cryptococcus neoformans var. grubii serotype A (strain H99 / ATCC 208821 / CBS 10515 / FGSC 9487) GN=CNAG_05028 PE=4 SV=1,6,-.-.6.1.-.-.-.1.1.2.-.2.2.2.5.4.-.1.3.2.3.2,27067.66941,21201.19721,10925.90546,57485.76305,30717.51889,26039.05243,72814.65387,67602.52417,93217.24127,61523.90319,18893.93795,30062.01446,82888.55573,65001.05224,78563.24513,70096.76509,55523.13024,30349.77379
J9VJA7,CNAG_05269,Proteasome subunit alpha type OS=Cryptococcus neoformans var. grubii serotype A (strain H99 / ATCC 208821 / CBS 10515 / FGSC 9487) GN=CNAG_05269 PE=3 SV=1,2,1.2.2.1.2.2.2.1.1.2.2.2.1.1.1.2.2.2.2.2.2.2,235024.8911,98916.76431,140877.754,141687.7593,140969.1001,167626.5337,111728.6306,49897.88752,53621.37793,80267.8644,103673.8844,60068.23489,43270.96289,46927.67713,53034.03833,92208.35638,91872.6031,80409.69163
J9VJB3,CNAG_03996,Guanosine-diphosphatase OS=Cryptococcus neoformans var. grubii serotype A (strain H99 / ATCC 208821 / CBS 10515 / FGSC 9487) GN=CNAG_03996 PE=3 SV=1,1,-.-.1.-.-.-.-.-.-.1.1.-.1.1.1.1.1.1.1.1.1.1,6915.125757,2463.168029,11149.42458,5382.350353,3893.232702,1964.073881,10739.60627,11297.96542,2180.90814,19093.39105,9342.195564,7743.005773,13300.99632,7211.677722,18025.17712,50454.17415,22210.83879,27905.08985
J9VJB4,CNAG_00563,Uncharacterized protein OS=Cryptococcus neoformans var. grubii serotype A (strain H99 / ATCC 208821 / CBS 10515 / FGSC 9487) GN=CNAG_00563 PE=4 SV=1,3,1.1.1.1.1.1.2.1.1.1.1.2.1.1.3.3.1.1.2.1.1.1,22521.78205,33548.47298,17414.30382,15500.46558,66185.80529,59448.24734,15083.9203,38926.8677,12709.94227,20610.11664,21912.84809,36701.63843,46418.31392,44729.60191,63701.53596,55226.80805,48522.07882,59614.25512
J9VJB8,CNAG_04001,Proteasome subunit alpha type OS=Cryptococcus neoformans var. grubii serotype A (strain H99 / ATCC 208821 / CBS 10515 / FGSC 9487) GN=CNAG_04001 PE=3 SV=1,5,1.1.5.1.2.2.1.1.1.4.2.3.4.3.5.4.2.4.5.2.4.3,122242.9399,324176.6155,182258.7684,71168.23278,133420.9294,112792.5555,26997.41766,32567.10401,60592.04125,156791.0441,94202.64411,67911.45053,157417.9817,168459.3121,161237.4469,169894.0267,238808.6924,133402.299
J9VJC0,CNAG_05059,Pyruvate dehydrogenase E1 component subunit beta OS=Cryptococcus neoformans var. grubii serotype A (strain H99 / ATCC 208821 / CBS 10515 / FGSC 9487) GN=CNAG_05059 PE=4 SV=2,4,4.1.4.3.1.2.4.3.2.4.2.4.4.4.4.2.4.4.4.4.4.4,723616.1909,409581.5884,248306.4553,1100775.255,145570.0785,225102.2007,823808.8345,329321.6189,1102132.77,248308.4857,229974.5873,376983.6769,152480.4988,269511.3075,191630.5283,197455.7367,551768.9978,176054.4978
J9VJC3,CNAG_00573,NADH dehydrogenase (Ubiquinone) 1 alpha subcomplex 6 OS=Cryptococcus neoformans var. grubii serotype A (strain H99 / ATCC 208821 / CBS 10515 / FGSC 9487) GN=CNAG_00573 PE=4 SV=1,3,2.-.2.2.1.1.3.1.-.3.2.2.2.3.2.3.3.3.3.3.3.2,55953.01009,231030.0788,95607.75947,61154.16621,23969.64345,23478.77882,97229.71491,26812.87206,18336.66745,124325.0078,35469.16523,106842.4691,84892.83129,81969.71135,84322.71462,101792.7859,104150.0604,99586.36306
J9VJC5,CNAG_04011,Large subunit ribosomal protein L37a OS=Cryptococcus neoformans var. grubii serotype A (strain H99 / ATCC 208821 / CBS 10515 / FGSC 9487) GN=CNAG_04011 PE=3 SV=1,11,6.9.10.9.7.8.9.6.9.9.8.7.10.8.11.11.9.9.9.9.8.10,2048019.035,4001378.317,3094078.178,2173253.016,3243900.641,4595888.632,2871702.855,2240539.705,2231122.488,1925379.247,2072507.909,1609624.185,2122564.692,2235210.101,1970691.989,2371940.436,1799897.757,2161857.655
J9VJD2,CNAG_05069,Ubiquinol-cytochrome c reductase subunit 10 OS=Cryptococcus neoformans var. grubii serotype A (strain H99 / ATCC 208821 / CBS 10515 / FGSC 9487) GN=CNAG_05069 PE=4 SV=2,1,-.-.1.-.-.-.-.-.-.1.-.1.1.1.1.1.-.1.1.1.-.1,1565.024138,2002.012858,32351.74105,3854.706565,1924.114997,5519.61493,4093.627044,8362.200904,7874.219884,13552.46415,38911.19213,67954.50197,26234.95166,23759.93317,35108.14304,64295.14551,80215.2671,34950.70117
J9VJD3,CNAG_00584,Profilin OS=Cryptococcus neoformans var. grubii serotype A (strain H99 / ATCC 208821 / CBS 10515 / FGSC 9487) GN=CNAG_00584 PE=3 SV=1,1,1.-.1.-.-.-.1.-.-.1.1.1.1.1.1.1.1.1.1.1.1.1,13649.56208,68651.40059,42034.3216,8455.134297,5398.497679,5263.286225,22326.65016,4805.369816,2229.553084,27173.5177,13413.06349,68211.34717,21444.8541,37694.64975,70207.44696,90649.5777,41373.16785,58788.68178
J9VJD9,CNAG_05301,Coronin OS=Cryptococcus neoformans var. grubii serotype A (strain H99 / ATCC 208821 / CBS 10515 / FGSC 9487) GN=CNAG_05301 PE=3 SV=2,4,2.1.4.1.1.1.1.1.1.3.2.3.4.3.4.4.4.4.4.4.4.3,1593943.576,899523.7467,308827.4834,2285066.941,1135712.144,789933.1405,2702540.657,1039921.492,1714986.088,675602.6296,661575.7652,1001100.654,322911.2819,384099.8934,345773.9985,561054.5361,349250.7047,479604.63
J9VJF3,CNAG_07810,MICOS complex subunit MIC60 OS=Cryptococcus neoformans var. grubii serotype A (strain H99 / ATCC 208821 / CBS 10515 / FGSC 9487) GN=CNAG_07810 PE=3 SV=1,26,8.3.26.5.3.4.8.2.3.23.14.22.19.24.26.25.19.23.21.19.22.21,556361.0274,831991.5702,1818907.489,257604.3864,294171.9364,338082.911,305296.8515,228593.618,205431.9646,1113157.09,1265052.533,1273512.514,1069026.506,904744.257,1527793.212,2051109.884,993449.4469,1162970.244
J9VJF6,CNAG_04046,Uncharacterized protein OS=Cryptococcus neoformans var. grubii serotype A (strain H99 / ATCC 208821 / CBS 10515 / FGSC 9487) GN=CNAG_04046 PE=4 SV=1,1,1.-.-.-.-.-.-.1.-.-.-.1.-.-.1.-.-.1.1.-.-.1,3592.332896,4402.62889,1128.563163,1786.181691,2298.428616,4758.619175,10791.14221,41950.79068,3171.904222,1303.459874,1451.499368,15865.64649,803.6232071,1678.652171,1014.627596,1825.782361,1350.16911,3319.628624
J9VJG1,CNAG_05098,Ubiquitin-like protein 5 OS=Cryptococcus neoformans var. grubii serotype A (strain H99 / ATCC 208821 / CBS 10515 / FGSC 9487) GN=CNAG_05098 PE=4 SV=1,1,-.-.1.-.-.-.-.-.-.-.-.-.1.1.1.1.-.1.-.-.-.-,7667.517285,1685.32269,5952.640842,6689.205392,9590.973376,6433.430144,6821.830082,2165.297574,5048.969775,4619.728665,2749.082406,2854.396519,6356.89098,2676.685626,5315.385186,6357.49095,4475.270548,2734.716521
J9VJG7,CNAG_00626,Uncharacterized protein OS=Cryptococcus neoformans var. grubii serotype A (strain H99 / ATCC 208821 / CBS 10515 / FGSC 9487) GN=CNAG_00626 PE=4 SV=1,7,1.1.7.1.3.-.1.-.-.6.5.5.6.5.6.7.5.6.5.5.6.6,48545.74805,74045.37237,161248.5576,109997.6978,128584.2169,66701.71292,64486.7082,51178.14156,34054.84807,630736.6545,399207.5856,608524.5799,734224.5943,722724.2115,531891.5513,726360.0461,753251.4566,954651.3805
J9VJH1,CNAG_04066,Endoribonuclease L-PSP OS=Cryptococcus neoformans var. grubii serotype A (strain H99 / ATCC 208821 / CBS 10515 / FGSC 9487) GN=CNAG_04066 PE=4 SV=2,3,1.-.3.-.1.3.1.-.-.2.2.3.3.3.3.3.3.3.2.2.2.2,149904.2527,443468.507,97855.04396,49627.85138,47856.42025,79659.67678,22088.93232,11618.164,14698.17717,76075.21468,80885.67641,124422.1012,83596.52433,106562.6036,123820.8156,112182.3921,103484.6349,104176.5454
J9VJH4,CNAG_04071,Proteasome subunit alpha type OS=Cryptococcus neoformans var. grubii serotype A (strain H99 / ATCC 208821 / CBS 10515 / FGSC 9487) GN=CNAG_04071 PE=3 SV=1,10,3.4.10.4.5.5.4.2.2.5.4.4.7.8.9.7.6.6.7.6.6.6,288750.884,698553.0241,561977.698,367886.8093,612748.9712,568222.5508,425548.1388,239170.9972,410240.1911,522196.4327,645907.8997,283835.8762,370378.4768,407145.4674,477817.9165,316526.1621,372484.2971,386653.3826
J9VJI8,CNAG_06849,"Saccharopine dehydrogenase [NAD(+), L-lysine-forming] OS=Cryptococcus neoformans var. grubii serotype A (strain H99 / ATCC 208821 / CBS 10515 / FGSC 9487) GN=CNAG_06849 PE=3 SV=1",7,4.1.4.4.1.3.4.5.4.4.4.5.5.5.7.4.5.6.5.5.6.4,213793.9525,424079.4864,303092.6247,201431.8196,90052.55581,51058.55873,225222.1278,163284.4498,181420.0161,228202.3576,236138.1025,265460.8289,266558.0699,335984.9182,412334.8619,379934.947,295340.1206,310710.7849
J9VJJ1,CNAG_00655,Large subunit acidic ribosomal protein P1 OS=Cryptococcus neoformans var. grubii serotype A (strain H99 / ATCC 208821 / CBS 10515 / FGSC 9487) GN=CNAG_00655 PE=3 SV=1,1,1.1.1.1.1.1.1.1.1.1.1.1.1.1.1.1.1.1.1.1.1.1,125644.7826,27307.75856,219544.5481,49146.0374,33459.29839,38775.29097,21773.90907,17056.62303,30933.78422,72263.41008,49667.08373,95223.72297,75003.48593,70225.04609,65089.8126,54543.04447,71594.07373,43027.49845
J9VJJ3,CNAG_05113,Aldehyde dehydrogenase (NAD ) OS=Cryptococcus neoformans var. grubii serotype A (strain H99 / ATCC 208821 / CBS 10515 / FGSC 9487) GN=CNAG_05113 PE=3 SV=2,2,-.-.2.-.-.-.1.-.-.1.-.2.2.1.2.2.1.1.1.1.2.1,13139.85053,7756.038936,33934.31727,9858.263487,19031.77453,9378.131763,10478.04347,16090.64208,18229.27952,13339.11815,15470.96114,24596.07032,28139.52486,29845.8243,32689.17414,8992.925548,8565.275187,11648.70044
J9VJK6,CNAG_06830,Histidine biosynthesis trifunctional protein OS=Cryptococcus neoformans var. grubii serotype A (strain H99 / ATCC 208821 / CBS 10515 / FGSC 9487) GN=CNAG_06830 PE=3 SV=1,4,-.-.1.-.-.-.-.-.-.1.-.1.2.2.4.3.-.2.-.1.-.1,13704.82412,15888.76142,7407.065784,18499.92297,19815.08937,14875.38974,16647.04243,13096.55931,26326.16672,8201.686489,11949.80896,14270.70702,66405.65153,154320.2711,69485.76893,82722.17807,93039.2282,60929.62722
J9VJP0,CNAG_03049,Uncharacterized protein OS=Cryptococcus neoformans var. grubii serotype A (strain H99 / ATCC 208821 / CBS 10515 / FGSC 9487) GN=CNAG_03049 PE=4 SV=1,5,4.1.3.1.2.2.3.2.2.4.4.5.5.5.5.5.3.4.3.3.3.4,471327.3706,977227.8168,669643.8823,352823.0482,514430.1657,391255.4577,363131.379,282573.7714,463477.7613,605829.5618,805310.9521,577557.3914,532232.5497,306018.5853,503455.9907,510269.6645,455752.0575,338889.3771
J9VJP1,ADE16 CNAG_00700,Phosphoribosylaminoimidazolecarboxamide formyltransferase/IMP cyclohydrolase OS=Cryptococcus neoformans var. grubii serotype A (strain H99 / ATCC 208821 / CBS 10515 / FGSC 9487) GN=CNAG_00700 PE=3 SV=1,13,5.-.12.6.-.3.5.3.4.5.5.9.8.7.13.12.7.9.7.8.8.8,390966.429,911748.9155,363816.3526,273347.0846,136974.8767,120188.0819,460171.0134,291503.8261,455105.3723,211800.1938,367882.564,369843.9494,541875.3269,598386.4951,507472.4961,698791.6954,485106.4031,401359.3644
J9VJQ8,CNAG_01446,Uncharacterized protein OS=Cryptococcus neoformans var. grubii serotype A (strain H99 / ATCC 208821 / CBS 10515 / FGSC 9487) GN=CNAG_01446 PE=4 SV=1,4,2.1.3.3.2.-.1.1.1.3.3.4.3.3.4.4.4.4.3.4.4.3,1112370.042,151340.878,168866.3323,1218994.609,92954.16558,164943.2631,36935.56453,54228.73955,55022.67475,444269.0057,259594.4884,1215286.276,442884.9207,242458.3488,418634.2816,552287.4299,415224.1101,274054.7309
J9VJT0,CNAG_05218,Adenylyl cyclase-associated protein OS=Cryptococcus neoformans var. grubii serotype A (strain H99 / ATCC 208821 / CBS 10515 / FGSC 9487) GN=CNAG_05218 PE=3 SV=2,8,4.-.7.2.-.1.-.1.2.6.3.6.6.7.8.8.6.7.6.4.6.7,83963.78081,129966.5005,188866.5928,107660.5722,42607.40152,69465.38522,48273.85747,44062.55292,135490.7924,184659.1656,109168.7395,166590.7047,244164.9766,252890.8875,293670.7813,185655.8479,233738.2228,273898.0647
J9VJT5,CNAG_05223,Uncharacterized protein OS=Cryptococcus neoformans var. grubii serotype A (strain H99 / ATCC 208821 / CBS 10515 / FGSC 9487) GN=CNAG_05223 PE=4 SV=1,2,2.2.2.2.2.2.2.2.2.2.2.2.2.2.2.2.2.2.2.2.2.2,1551628.503,1259309.92,318825.2067,1345328.198,2472119.251,1294552.223,1859128.178,2393723.588,2483904.272,623242.6525,883681.3863,825607.753,315741.1424,303449.9791,195910.7373,98570.64508,349786.4662,601333.1708
J9VJT7,CNAG_01416,Uncharacterized protein OS=Cryptococcus neoformans var. grubii serotype A (strain H99 / ATCC 208821 / CBS 10515 / FGSC 9487) GN=CNAG_01416 PE=4 SV=1,1,-.-.1.-.-.-.-.-.-.-.-.1.1.1.1.1.1.1.1.1.1.1,2417.010518,3210.436873,9370.522007,1945.028764,4323.877047,6559.29374,1731.574498,7797.048405,9152.945614,5644.114751,3189.2436,8226.853931,4617.089058,7530.432657,10459.40864,7391.275392,5575.167684,9443.259691
J9VJU4,CNAG_02991,Cofilin OS=Cryptococcus neoformans var. grubii serotype A (strain H99 / ATCC 208821 / CBS 10515 / FGSC 9487) GN=CNAG_02991 PE=3 SV=1,5,3.-.5.4.1.2.4.4.3.5.4.5.5.5.5.5.5.5.5.5.5.5,160660.3608,693136.6246,436132.6682,300227.9941,89205.12386,143027.1091,321571.5581,268619.6969,254435.5078,394343.1691,362864.201,370416.7694,498889.78,525789.5502,582164.7611,727661.5027,499636.2323,809829.1591
J9VJU8,CNAG_02986,ADP-ribose pyrophosphatase OS=Cryptococcus neoformans var. grubii serotype A (strain H99 / ATCC 208821 / CBS 10515 / FGSC 9487) GN=CNAG_02986 PE=4 SV=1,3,1.-.2.1.1.-.1.1.-.2.1.3.1.1.3.3.1.3.2.1.1.2,39563.97366,176531.7166,205901.5308,27359.08996,42333.50409,24197.89732,24886.94386,29729.72377,21182.92497,265296.7244,184157.9931,207661.2619,245466.3438,102632.9726,163539.1631,240344.152,322238.7595,354268.2432
J9VJU9,CNAG_01400,Phospho-2-dehydro-3-deoxyheptonate aldolase OS=Cryptococcus neoformans var. grubii serotype A (strain H99 / ATCC 208821 / CBS 10515 / FGSC 9487) GN=CNAG_01400 PE=3 SV=1,4,1.1.2.-.1.1.1.1.1.1.-.3.3.2.4.3.3.3.2.2.2.1,73293.80032,161783.1856,65502.15953,64384.59738,96489.9547,78898.23982,110218.0712,67880.92417,77640.55955,83239.80948,134429.9715,175115.3417,54684.44537,101567.7269,95915.14784,185261.2408,231557.0515,193347.9801
J9VJV1,CNAG_02981,Paired amphipathic helix protein Sin3a OS=Cryptococcus neoformans var. grubii serotype A (strain H99 / ATCC 208821 / CBS 10515 / FGSC 9487) GN=CNAG_02981 PE=4 SV=2,1,-.-.1.-.-.-.-.-.-.1.-.-.1.1.1.1.1.1.-.-.1.1,10679.82443,2169.29517,15977.57854,9622.725636,3783.004346,2286.473375,11804.87683,8460.191701,1634.205326,19204.96836,1096.485292,830.8304448,15250.83112,14615.37369,23889.10146,33298.02868,10892.37374,22653.23436
J9VJV4,CNAG_01395,Ribose-5-phosphate isomerase OS=Cryptococcus neoformans var. grubii serotype A (strain H99 / ATCC 208821 / CBS 10515 / FGSC 9487) GN=CNAG_01395 PE=4 SV=1,11,7.6.11.5.5.8.9.8.10.5.7.7.10.11.10.8.9.11.8.10.8.7,1860353.441,2024936.221,1596407.163,1906511.375,2886568.174,2147107.625,2310883.274,7793218.805,2556476.949,2458055.647,1663702.609,883851.3153,4531103.583,3747309.267,2137771.495,2200951.208,4520740.714,3277191.498
J9VJV8,CNAG_01391,Cell division cycle protein 37 OS=Cryptococcus neoformans var. grubii serotype A (strain H99 / ATCC 208821 / CBS 10515 / FGSC 9487) GN=CNAG_01391 PE=4 SV=1,7,3.-.7.2.3.3.3.3.2.5.4.6.5.6.7.6.6.7.6.4.6.4,93507.92645,382337.7018,223061.3033,120411.1941,195893.9582,116502.9234,132921.5453,169868.3652,180834.0665,274685.6314,216807.1917,306878.971,338495.0746,392187.5542,437571.5445,381202.2829,414799.4871,560551.558
J9VJW0,CNAG_05256,Catalase OS=Cryptococcus neoformans var. grubii serotype A (strain H99 / ATCC 208821 / CBS 10515 / FGSC 9487) GN=CNAG_05256 PE=4 SV=1,17,6.2.10.3.2.2.1.2.3.9.10.14.16.12.17.12.7.13.8.8.8.13,623007.0834,711544.949,357091.0511,280319.5157,705454.0195,605087.7978,328158.2849,460275.8585,331374.8849,1226349.319,1600080.535,1942340.99,2455837.452,1702921.508,2165076.961,806456.0221,1016816.672,1184410.597
J9VJW5,CNAG_05260,Glutamate decarboxylase OS=Cryptococcus neoformans var. grubii serotype A (strain H99 / ATCC 208821 / CBS 10515 / FGSC 9487) GN=CNAG_05260 PE=3 SV=1,9,-.1.7.-.-.1.-.-.-.7.3.5.8.7.8.5.4.7.5.5.5.3,74251.72023,45561.2105,62867.08908,35828.99062,38937.8752,127294.34,49406.73139,51636.90713,40582.68961,536368.6435,404399.6832,675478.5535,952479.3355,1013236.502,959277.9533,407476.3371,428731.4686,420637.4175
J9VJX9,CNAG_07511,Nucleolar protein 15 OS=Cryptococcus neoformans var. grubii serotype A (strain H99 / ATCC 208821 / CBS 10515 / FGSC 9487) GN=CNAG_07511 PE=4 SV=1,2,1.-.2.1.1.2.2.1.1.1.1.1.1.2.2.2.1.2.2.2.2.1,148031.4888,174835.8322,85597.09491,273457.9357,65982.11195,182523.2897,112567.2722,135081.5392,174598.9372,72031.44992,50404.41953,64655.07595,96736.35744,82753.19896,61948.64274,88769.94421,77410.41162,80873.05306
J9VJY1,CNAG_00754,"ATP-binding cassette, sub-family E, member 1 OS=Cryptococcus neoformans var. grubii serotype A (strain H99 / ATCC 208821 / CBS 10515 / FGSC 9487) GN=CNAG_00754 PE=4 SV=1",14,6.5.13.6.4.6.4.6.5.8.9.9.9.11.13.9.7.11.9.6.9.9,617421.8985,340710.0995,666860.7633,283138.8088,260718.1226,289760.0715,175145.7443,282042.0278,165564.1638,351981.5081,375351.2012,405056.481,311833.4018,358278.8581,422611.7673,396411.0113,313407.668,384736.8264
J9VJY5,CNAG_01361,Importin subunit alpha OS=Cryptococcus neoformans var. grubii serotype A (strain H99 / ATCC 208821 / CBS 10515 / FGSC 9487) GN=CNAG_01361 PE=3 SV=1,5,2.1.4.1.-.-.2.1.2.4.1.3.5.4.5.4.4.5.4.4.2.3,181778.4094,199306.0812,101199.034,38732.52562,25566.143,33462.91926,41145.1948,42096.70442,94936.97592,104299.5217,104958.2058,149701.1527,129379.7144,192663.3636,254835.9833,511037.2963,275670.5948,231059.743
J9VJY8,CNAG_05289,Uncharacterized protein OS=Cryptococcus neoformans var. grubii serotype A (strain H99 / ATCC 208821 / CBS 10515 / FGSC 9487) GN=CNAG_05289 PE=4 SV=1,2,2.2.2.2.2.2.2.2.2.2.2.2.2.2.2.2.2.2.2.2.2.2,652575.2469,1129403.832,386595.9846,1020465.086,1729230.072,1317624.034,810271.7081,661182.527,962080.0001,655505.9353,1064672.881,639360.5377,487685.7629,633578.0992,308596.5172,429229.8788,770923.9671,459199.2486
J9VJZ1,CNAG_05292,"Alpha,alpha-trehalose-phosphate synthase (UDP-forming) OS=Cryptococcus neoformans var. grubii serotype A (strain H99 / ATCC 208821 / CBS 10515 / FGSC 9487) GN=CNAG_05292 PE=4 SV=2",8,3.2.5.-.1.1.1.1.-.5.2.3.4.5.8.7.3.5.5.4.4.4,208664.637,409489.1853,175528.4104,55414.63796,75302.7669,116999.6019,49092.62446,58426.15618,43540.44473,105697.3056,176087.0388,153635.635,146574.2121,131598.9354,235376.378,320410.2293,428183.2059,218646.0289
J9VK01,cyn1 CNAG_01348,Cyanate hydratase OS=Cryptococcus neoformans var. grubii serotype A (strain H99 / ATCC 208821 / CBS 10515 / FGSC 9487) GN=cyn1 PE=3 SV=1,3,2.1.2.1.1.1.2.2.1.3.3.3.3.2.2.3.3.3.3.3.2.3,203923.3102,1514691.414,532308.8392,724328.6112,1489547.838,1805790.957,1178140.871,1708707.382,1415198.174,1853571.649,1935731.293,580028.151,511189.871,348126.3814,167132.3001,299825.008,1245949.379,1007722.906
J9VK09,CNAG_02916,F-type H-transporting ATPase subunit F OS=Cryptococcus neoformans var. grubii serotype A (strain H99 / ATCC 208821 / CBS 10515 / FGSC 9487) GN=CNAG_02916 PE=4 SV=1,4,2.2.4.2.2.2.2.2.2.3.3.4.4.4.4.4.4.4.4.4.3.4,295839.3956,69821.07568,762453.1443,193381.6972,341331.2866,463723.0518,283826.5691,223745.6546,210860.1433,555060.1278,558560.949,463905.6003,767088.7485,717250.2793,1204563.98,1413004.488,632861.0876,696910.9417
J9VK10,CNAG_05311,Arsenite-resistant protein ASR2 OS=Cryptococcus neoformans var. grubii serotype A (strain H99 / ATCC 208821 / CBS 10515 / FGSC 9487) GN=CNAG_05311 PE=4 SV=1,2,2.2.2.2.2.2.2.2.2.2.2.2.2.2.2.2.2.2.2.2.2.2,79307.38971,105626.5029,168476.362,111915.0969,230157.9012,166260.7291,101177.1716,96948.65916,165631.3648,80522.80411,112033.9586,76013.89017,47449.39848,85656.0526,54452.17209,54949.84566,118312.382,226358.7605
J9VK13,CNAG_00788,NADH dehydrogenase OS=Cryptococcus neoformans var. grubii serotype A (strain H99 / ATCC 208821 / CBS 10515 / FGSC 9487) GN=CNAG_00788 PE=4 SV=2,16,11.3.15.8.5.4.9.5.10.12.9.13.13.13.16.13.12.15.14.15.12.13,1292365.981,1711228.037,1849049.411,544931.1667,1011288.749,505266.7744,656560.9061,890470.1409,649622.4811,749884.4221,2647486.982,874255.6639,876914.1816,905423.9103,1115343.917,1000001.472,870349.3853,733644.5995
J9VK19,CNAG_02905,Uncharacterized protein OS=Cryptococcus neoformans var. grubii serotype A (strain H99 / ATCC 208821 / CBS 10515 / FGSC 9487) GN=CNAG_02905 PE=4 SV=1,6,3.-.6.1.1.1.2.-.-.5.-.4.5.5.6.6.1.5.4.5.4.2,76804.57765,208299.9919,142062.9103,52041.11058,119777.0476,59264.31518,58129.46991,34878.05332,27025.69618,171692.9807,214690.0959,136492.7985,153395.2476,157768.023,181838.3095,183450.402,187157.351,119558.7245
J9VK27,CNAG_01320,Large subunit ribosomal protein L17 OS=Cryptococcus neoformans var. grubii serotype A (strain H99 / ATCC 208821 / CBS 10515 / FGSC 9487) GN=CNAG_01320 PE=3 SV=1,2,1.1.2.-.-.-.-.-.-.1.-.-.1.-.2.1.1.1.1.1.-.-,114546.3591,66684.27651,130740.9963,11578.97461,12144.93533,3707.116098,8864.812239,7396.278475,9325.651404,28956.93111,5527.880429,4576.089246,17824.51557,27044.12248,37430.28823,40556.70823,21275.79344,31112.06483
J9VK28,CNAG_00808,Myosin regulatory light chain cdc4 OS=Cryptococcus neoformans var. grubii serotype A (strain H99 / ATCC 208821 / CBS 10515 / FGSC 9487) GN=CNAG_00808 PE=4 SV=1,7,1.1.4.1.1.2.1.2.1.2.2.3.4.4.7.7.6.7.4.2.3.4,9089209.163,10836052.39,3634355.708,5780306.032,51870070.69,12973032.42,7753070.618,23535207.11,12272796.19,3078904.674,6704022.676,1667561.633,8773285.09,6375327.617,4713423.322,1706980.236,4727749.993,3378322.25
J9VK33,CNAG_01315,Protein transporter OS=Cryptococcus neoformans var. grubii serotype A (strain H99 / ATCC 208821 / CBS 10515 / FGSC 9487) GN=CNAG_01315 PE=4 SV=2,1,1.-.-.-.-.1.-.1.-.-.-.-.1.1.1.1.-.1.-.-.-.-,27027.83888,3235.216934,2593.675615,8146.765911,4200.917566,5348.951958,2606.244956,9502.563708,2024.002789,3544.762745,2550.440904,4586.456525,7333.997667,6759.190798,4352.699707,8725.641688,15698.59796,13491.92748
J9VK39,CNAG_01310,Nucleolar protein OS=Cryptococcus neoformans var. grubii serotype A (strain H99 / ATCC 208821 / CBS 10515 / FGSC 9487) GN=CNAG_01310 PE=4 SV=1,1,-.1.1.1.1.1.1.1.1.1.1.1.1.1.1.-.1.1.1.1.1.1,62567.85552,36833.40137,22741.03191,38442.97585,82673.42855,86856.84549,34038.82668,36444.96865,27837.66951,17121.66563,19751.93683,14401.29164,29241.6584,25061.84766,10854.05454,13590.29146,15459.97318,13154.41303
J9VK44,CNAG_02880,Obg-like ATPase 1 OS=Cryptococcus neoformans var. grubii serotype A (strain H99 / ATCC 208821 / CBS 10515 / FGSC 9487) GN=CNAG_02880 PE=3 SV=1,7,3.1.5.3.-.2.3.1.2.2.3.5.6.5.6.7.7.5.4.5.5.4,198683.3727,223102.9326,396866.0861,328423.1584,491673.575,1143403.999,583859.1391,345166.0377,373041.4611,226406.1073,118886.0212,283254.8435,349832.5831,339230.5292,452673.0227,777865.4204,494228.8302,449822.7005
J9VK45,CNAG_01305,Methionine-tRNA ligase OS=Cryptococcus neoformans var. grubii serotype A (strain H99 / ATCC 208821 / CBS 10515 / FGSC 9487) GN=CNAG_01305 PE=3 SV=2,3,2.2.3.2.1.1.2.1.1.3.1.2.3.2.2.3.2.3.1.3.2.2,45298.45747,123316.2866,49486.45375,146869.9202,166169.6439,152869.0297,30003.62804,36888.68667,50663.67598,251287.3387,95308.42108,83879.70891,106971.7744,100507.9054,81397.86695,167097.0432,141716.248,117298.7841
J9VK51,CNAG_01300,40S ribosomal protein S21 OS=Cryptococcus neoformans var. grubii serotype A (strain H99 / ATCC 208821 / CBS 10515 / FGSC 9487) GN=CNAG_01300 PE=3 SV=1,7,4.2.7.2.2.1.4.2.2.1.4.4.6.6.7.6.5.6.5.4.4.3,1024292.805,368441.0458,1610302.458,131305.9963,150022.2602,224148.5533,603087.6077,569623.4186,420108.0831,691391.4245,439683.4596,900368.7389,615893.4247,583459.3876,708380.5055,625493.0637,466934.3265,491098.4247
J9VK61,CNAG_00848,Uncharacterized protein OS=Cryptococcus neoformans var. grubii serotype A (strain H99 / ATCC 208821 / CBS 10515 / FGSC 9487) GN=CNAG_00848 PE=4 SV=2,95,16.28.26.7.13.13.9.8.6.92.89.92.90.86.90.76.86.91.80.81.78.77,3214595.445,3445309.145,1404176.27,1468816.844,2133733.922,1335565.05,1216833.584,1129303.032,1295303.39,58632921.02,90056804.51,68587085.14,39585175.7,29520502.26,16876623.01,12568159.76,31524793.89,40907178.6
J9VK83,CNAG_01270,Uncharacterized protein OS=Cryptococcus neoformans var. grubii serotype A (strain H99 / ATCC 208821 / CBS 10515 / FGSC 9487) GN=CNAG_01270 PE=4 SV=1,2,-.-.2.1.-.-.-.-.-.2.-.1.2.1.2.2.2.1.1.1.1.1,13951.72766,11676.79298,27866.92062,26264.31064,19264.12653,4939.960706,8957.09955,9077.804262,20452.03425,29205.07686,32085.64122,23052.74165,40260.46394,76376.53672,65627.6145,41126.14027,48008.46683,50103.33018
J9VK85,CNAG_02842,Uncharacterized protein OS=Cryptococcus neoformans var. grubii serotype A (strain H99 / ATCC 208821 / CBS 10515 / FGSC 9487) GN=CNAG_02842 PE=4 SV=1,1,1.-.1.-.-.-.-.-.-.-.-.1.1.1.1.1.1.1.1.-.-.-,10385.19198,9014.567325,13909.22371,5792.780074,10309.8932,2943.268366,11059.0941,6578.622233,9586.260837,1673.739917,3519.795233,6252.997519,5425.700062,4788.696575,8279.835113,1923.621001,3492.50675,3886.553688
J9VK98,CNAG_06811,Large subunit ribosomal protein L22e OS=Cryptococcus neoformans var. grubii serotype A (strain H99 / ATCC 208821 / CBS 10515 / FGSC 9487) GN=CNAG_06811 PE=4 SV=1,10,6.8.10.9.7.10.5.5.6.10.8.9.10.10.10.10.8.10.10.9.10.10,3697407.471,1775116.69,10228156,2703113.673,2205701.895,4191405.195,2626510.082,1649250.303,2561241.016,3952189.578,3572504.359,4624555.021,3463572.257,3085113.072,4425902.618,4554351.337,2274936.991,3396438.008
J9VKA2,CNAG_06806,Electron transfer flavoprotein alpha subunit OS=Cryptococcus neoformans var. grubii serotype A (strain H99 / ATCC 208821 / CBS 10515 / FGSC 9487) GN=CNAG_06806 PE=4 SV=1,5,-.1.5.1.1.1.1.1.1.2.3.2.4.4.5.4.2.4.4.2.3.2,60288.84043,18342.19681,53560.20797,44112.94794,34172.15235,33035.66695,39266.49424,33476.13349,35077.34578,74474.22529,94173.56725,75229.85045,93667.84212,108631.9947,160118.9043,135033.4938,157270.1301,150654.0702
J9VKA9,CNAG_07004,Dihydrolipoyl dehydrogenase OS=Cryptococcus neoformans var. grubii serotype A (strain H99 / ATCC 208821 / CBS 10515 / FGSC 9487) GN=CNAG_07004 PE=3 SV=1,13,7.5.13.6.5.6.8.5.4.11.10.8.13.11.13.13.10.12.11.10.12.9,2858323.028,1672399.951,2102764.335,647135.6599,820396.3443,1135745.697,666671.6769,393403.6705,883513.9764,814514.6378,735462.2245,755051.0288,1073239.833,987483.7666,1277042.274,1153986.1,1566315.282,1075387.929
J9VKB8,CNAG_06746,Histone H2B OS=Cryptococcus neoformans var. grubii serotype A (strain H99 / ATCC 208821 / CBS 10515 / FGSC 9487) GN=CNAG_06746 PE=3 SV=1,12,9.7.11.10.7.7.8.5.6.9.7.10.10.9.11.12.8.10.9.9.10.11,11677122.54,11385588.33,8569757.923,18880686.39,3880694.67,6707283.544,7604125.421,15076342.12,15015361.17,5955534.266,3947275.758,3810190.07,1925690.036,2830008.441,3748414.377,8177927.939,3201774.359,2982542.513
J9VKC4,CNAG_02817,GTP-binding protein ypt2 OS=Cryptococcus neoformans var. grubii serotype A (strain H99 / ATCC 208821 / CBS 10515 / FGSC 9487) GN=CNAG_02817 PE=4 SV=1,7,5.1.7.3.1.2.2.1.2.5.3.5.6.5.7.7.6.6.4.6.5.5,407832.6169,503200.1592,449193.4799,226911.5053,197335.7914,188093.3326,201963.4238,255983.1849,193072.8644,342360.3945,369586.1516,463165.0598,484540.6742,446976.9775,536217.7528,976433.5337,443524.7014,665512.9038
J9VKD0,CNAG_01435,Serine-tRNA ligase OS=Cryptococcus neoformans var. grubii serotype A (strain H99 / ATCC 208821 / CBS 10515 / FGSC 9487) GN=CNAG_01435 PE=4 SV=1,6,2.-.5.2.-.2.2.1.3.3.1.5.5.4.6.6.5.6.4.4.4.6,171503.7934,123331.3508,148674.0602,128665.4359,101659.2878,95489.29046,92972.09913,105296.9348,210416.6544,186636.8607,165244.34,243429.2693,188312.0286,167809.1069,279133.1713,297115.6714,277175.4661,253994.9755
J9VKD2,CNAG_06730,CMGC/GSK protein kinase OS=Cryptococcus neoformans var. grubii serotype A (strain H99 / ATCC 208821 / CBS 10515 / FGSC 9487) GN=CNAG_06730 PE=3 SV=2,3,1.-.2.-.-.-.-.1.-.1.-.1.1.2.3.2.1.2.1.1.1.1,21702.4835,23675.41791,35919.28043,13505.95979,25695.98039,9870.17954,16998.23839,58699.97844,9531.191975,36067.04037,37015.33315,33834.92069,75230.83461,69546.77901,49203.07287,103709.7828,71010.72601,53485.63347
J9VKE1,CNAG_01222,Uncharacterized protein OS=Cryptococcus neoformans var. grubii serotype A (strain H99 / ATCC 208821 / CBS 10515 / FGSC 9487) GN=CNAG_01222 PE=4 SV=1,5,1.-.5.-.-.1.-.-.-.4.2.4.4.4.5.5.4.5.3.4.3.3,68323.05082,93038.69851,85334.30081,22522.45807,32889.3861,34133.57369,14796.31787,24037.44802,23345.19352,237251.5054,264689.8602,229590.4183,128605.6099,135214.0505,229882.1124,426654.6016,149448.6753,194949.5656
J9VKE2,CNAG_02812,Ornithine carbamoyltransferase OS=Cryptococcus neoformans var. grubii serotype A (strain H99 / ATCC 208821 / CBS 10515 / FGSC 9487) GN=CNAG_02812 PE=3 SV=1,4,-.1.4.2.-.1.1.1.-.2.1.2.3.2.4.2.2.3.1.2.1.2,78589.85544,20295.28756,98139.19079,42802.73005,49717.28399,55464.33896,60424.77938,45575.26323,40162.06854,43914.59827,45138.52437,50196.14955,120250.6574,133605.6953,121222.9508,110202.368,146775.3563,107180.1831
J9VKE5,CNAG_01216,6-phosphogluconolactonase OS=Cryptococcus neoformans var. grubii serotype A (strain H99 / ATCC 208821 / CBS 10515 / FGSC 9487) GN=CNAG_01216 PE=4 SV=1,8,3.1.7.4.2.4.3.3.3.6.6.7.8.8.8.7.7.8.7.5.6.6,136859.6862,157513.9118,184505.3269,138809.4504,135060.7079,116295.448,93811.61236,192717.7007,132676.512,373302.7985,253642.7926,538167.0419,464141.7849,438110.9596,713659.9157,285752.6154,237471.8947,644251.0373
J9VKF2,CNAG_02801,Thioredoxin OS=Cryptococcus neoformans var. grubii serotype A (strain H99 / ATCC 208821 / CBS 10515 / FGSC 9487) GN=CNAG_02801 PE=1 SV=1,14,8.6.14.6.6.8.8.10.9.12.10.14.14.13.14.14.14.14.13.12.13.12,2201289.717,1827836.764,4037817.364,1226099.837,904977.7894,1430930.017,1809977.11,3844916.13,1864657.748,2888493.028,3025001.105,3927265.595,4002215.964,3607976.556,3603891.266,4581965.77,2768389.462,4922188.931
J9VKF8,CNAG_03596,2-oxoglutarate dehydrogenase E2 component (Dihydrolipoamide succinyltransferase) OS=Cryptococcus neoformans var. grubii serotype A (strain H99 / ATCC 208821 / CBS 10515 / FGSC 9487) GN=CNAG_03596 PE=4 SV=1,9,7.4.8.5.3.3.6.3.4.7.5.8.7.6.8.9.6.7.6.6.6.6,629596.1331,2467158.55,1647597.052,912427.6908,7706894.52,1782129.509,1544258.233,1258762.595,2486806.516,1061414.167,1305050.091,838345.2618,853714.2374,811044.6621,827637.649,931673.1093,1075985.657,2413515.316
J9VKG0,CNAG_01404,Hsp71-like protein OS=Cryptococcus neoformans var. grubii serotype A (strain H99 / ATCC 208821 / CBS 10515 / FGSC 9487) GN=CNAG_01404 PE=3 SV=1,9,5.1.5.4.3.2.3.6.3.4.1.7.5.6.7.9.3.7.5.5.5.3,295633.1891,243972.0523,182670.0939,335842.9762,113259.5678,80045.79386,115829.142,245684.6227,121255.5349,304707.0638,817105.6363,697329.7174,305793.4535,251081.7341,314552.7754,702266.5297,568109.4179,503741.0766
J9VKG4,CNAG_00052,Uncharacterized protein OS=Cryptococcus neoformans var. grubii serotype A (strain H99 / ATCC 208821 / CBS 10515 / FGSC 9487) GN=CNAG_00052 PE=4 SV=1,2,-.1.2.1.1.-.-.1.1.2.2.2.2.2.2.1.2.1.2.1.1.1,60907.94897,87024.0993,32989.4777,13736.10257,109099.1178,43354.35733,77248.14673,24520.92686,193318.3375,83064.11301,175158.4321,112638.382,72361.49537,134631.7937,33087.58851,24051.32991,27228.88102,34404.56888
J9VKH0,CNAG_00057,"Fructose-1,6-bisphosphatase I OS=Cryptococcus neoformans var. grubii serotype A (strain H99 / ATCC 208821 / CBS 10515 / FGSC 9487) GN=CNAG_00057 PE=3 SV=1",8,2.2.7.1.3.1.1.-.2.7.5.6.8.7.8.8.5.8.6.7.6.8,75298.52289,516513.6741,507991.482,188482.8892,443857.2491,222289.5191,62572.20532,98737.19265,104387.2941,795016.7468,704211.9626,518467.6043,743541.1391,563956.3512,734912.853,553819.5782,686844.1557,715645.5094
J9VKH4,CNAG_01182,Cytoplasmic protein OS=Cryptococcus neoformans var. grubii serotype A (strain H99 / ATCC 208821 / CBS 10515 / FGSC 9487) GN=CNAG_01182 PE=4 SV=1,6,3.-.4.3.1.-.3.2.2.3.3.4.6.4.5.6.4.6.3.4.3.3,121275.2117,155998.1081,145374.5632,187925.8037,76428.52045,56438.68183,108169.064,110388.0654,142763.7226,128333.234,101760.3607,150465.9915,249137.1256,205068.923,238455.3223,421847.0491,288675.089,314363.4732
J9VKH6,CNAG_01390,Adenine phosphoribosyltransferase OS=Cryptococcus neoformans var. grubii serotype A (strain H99 / ATCC 208821 / CBS 10515 / FGSC 9487) GN=CNAG_01390 PE=3 SV=1,1,1.-.1.1.-.1.1.-.-.1.1.1.1.1.1.1.1.1.1.1.1.1,38143.63396,110050.1264,61032.89368,50346.32837,48749.16941,30831.50376,29047.58549,8929.869794,3885.418768,22149.11011,16588.30042,44560.49939,27992.00436,36731.79786,54217.97794,36102.76643,21093.61548,34534.6626
J9VKH7,CNAG_00062,26S proteasome regulatory subunit N3 OS=Cryptococcus neoformans var. grubii serotype A (strain H99 / ATCC 208821 / CBS 10515 / FGSC 9487) GN=CNAG_00062 PE=4 SV=1,6,2.1.4.2.1.1.2.2.2.3.2.5.6.5.6.6.5.6.5.6.6.4,99533.37817,129645.7116,116269.7477,153444.5712,201975.8907,136151.344,47756.1344,84414.36628,121818.5328,92158.7063,87364.62441,131095.4969,157149.319,143304.7196,194318.7478,357869.9432,154010.5142,169820.3115
J9VKI6,CNAG_00073,Nuclear mRNA splicing protein OS=Cryptococcus neoformans var. grubii serotype A (strain H99 / ATCC 208821 / CBS 10515 / FGSC 9487) GN=CNAG_00073 PE=4 SV=1,3,-.-.2.-.-.-.-.1.1.-.1.-.2.1.3.2.3.3.-.1.1.-,17071.59314,12456.44511,46219.65991,11722.32359,19251.92681,18972.04908,25962.31751,38136.95473,23618.20213,14254.46618,13134.25892,7290.601249,53467.4708,46228.00603,43624.85256,48841.99851,71622.96504,94026.24139
J9VKI7,CNAG_02761,Inorganic phosphate transporter pho88 OS=Cryptococcus neoformans var. grubii serotype A (strain H99 / ATCC 208821 / CBS 10515 / FGSC 9487) GN=CNAG_02761 PE=4 SV=1,6,1.-.3.1.1.1.1.-.2.3.3.3.4.4.6.6.2.4.3.3.1.4,60277.84943,276779.7859,91048.77534,39242.95258,35379.98014,49217.12946,58575.51968,54557.32553,146113.1003,123084.2926,143577.0912,252858.7887,384869.2144,185068.0675,357884.6736,402959.7337,245021.0648,226791.4671
J9VKI8,CNAG_01168,H/ACA ribonucleoprotein complex subunit 4 OS=Cryptococcus neoformans var. grubii serotype A (strain H99 / ATCC 208821 / CBS 10515 / FGSC 9487) GN=CNAG_01168 PE=4 SV=1,9,9.7.6.9.7.7.6.6.7.5.4.6.7.6.7.6.5.7.8.7.9.7,2526443.461,1097920.986,452540.8999,2430405.351,972511.2125,867339.4604,1316321.491,897749.349,1324770.41,153488.565,270406.0583,337588.6495,231660.476,205611.555,168105.3749,228404.0506,321324.5748,199415.9181
J9VKJ3,CNAG_01376,Stress response protein NST1 OS=Cryptococcus neoformans var. grubii serotype A (strain H99 / ATCC 208821 / CBS 10515 / FGSC 9487) GN=CNAG_01376 PE=3 SV=1,2,1.1.1.-.-.1.1.1.1.1.1.1.2.2.1.2.2.1.2.2.1.2,18424.59512,17501.40653,13839.94808,6555.106948,19824.40502,8272.711866,16734.15556,8868.145985,21077.01054,15908.12074,14583.12457,17372.13561,34456.55051,9190.113537,10799.58903,28530.87169,13957.92796,18643.90517
J9VKJ6,CNAG_01158,Branchpoint-bridging protein OS=Cryptococcus neoformans var. grubii serotype A (strain H99 / ATCC 208821 / CBS 10515 / FGSC 9487) GN=CNAG_01158 PE=4 SV=1,3,-.-.3.-.-.2.-.-.-.1.2.1.2.2.2.2.2.1.2.3.1.1,11724.20335,10509.46766,35220.44606,16225.49454,11427.90795,89422.12383,20559.45186,22766.52522,26668.44131,30875.07109,88560.26753,35052.69855,52307.71732,52463.54607,49628.93773,129797.0505,44506.92763,68606.41209
J9VKJ7,CNAG_02751,Short-chain dehydrogenase OS=Cryptococcus neoformans var. grubii serotype A (strain H99 / ATCC 208821 / CBS 10515 / FGSC 9487) GN=CNAG_02751 PE=4 SV=1,4,-.-.3.-.1.-.-.-.1.2.-.3.4.-.3.4.2.3.2.3.1.1,13644.6211,12606.96434,34229.40817,18278.65185,74488.87566,25757.48666,28979.78252,30493.79683,20448.65271,68732.89519,94971.11145,67554.48406,108895.8139,170196.4487,81451.26997,143041.9001,133118.9997,88459.83008
J9VKK2,CNAG_01153,Small subunit ribosomal protein S13e OS=Cryptococcus neoformans var. grubii serotype A (strain H99 / ATCC 208821 / CBS 10515 / FGSC 9487) GN=CNAG_01153 PE=3 SV=1,15,14.8.15.10.10.11.12.9.13.13.12.14.13.14.15.14.12.12.13.13.14.14,5784997.335,5258864.52,7684807.97,5138389.914,3885374.391,4324582.912,4239415.532,4647344.324,5458052.37,2892385.981,3025306.752,3362764.255,2619050.335,2777100.826,3562221.873,2864511.266,1627809.976,2284081.485
J9VKK6,CNAG_00088,Prohibitin PHB1 OS=Cryptococcus neoformans var. grubii serotype A (strain H99 / ATCC 208821 / CBS 10515 / FGSC 9487) GN=CNAG_00088 PE=4 SV=1,2,-.-.2.-.-.-.-.-.-.1.-.1.2.1.2.2.1.2.1.1.1.2,11612.80372,8659.716713,4531.748633,4566.774689,8678.791456,7279.533869,5544.790755,18941.86717,9798.908075,39389.5084,40739.86173,33596.99828,82612.97821,124236.4617,113608.2355,162682.0506,116091.748,111865.1007
J9VKK7,CNAG_01148,FK506-binding protein OS=Cryptococcus neoformans var. grubii serotype A (strain H99 / ATCC 208821 / CBS 10515 / FGSC 9487) GN=CNAG_01148 PE=3 SV=2,9,7.1.9.6.1.2.5.3.5.6.3.6.6.8.8.9.6.9.7.6.7.7,1036720.697,1375678.807,519265.2288,296560.4686,80413.39473,96536.33626,380243.1933,311104.0971,568115.5996,119879.3728,126965.6936,138222.9586,321978.237,375619.9262,369886.6045,593874.6662,719817.6855,1213333.922
J9VKM5,DNJ1 CNAG_01347,Co-chaperone OS=Cryptococcus neoformans var. grubii serotype A (strain H99 / ATCC 208821 / CBS 10515 / FGSC 9487) GN=CNAG_01347 PE=4 SV=1,1,-.-.1.-.-.-.-.-.-.-.-.-.-.1.1.1.1.1.-.1.-.1,9173.364465,1788.784672,6232.068979,1807.462692,11797.56161,11429.62309,2620.763671,10257.57928,5377.312921,1108.018768,2765.816683,1013.302873,14902.39173,6392.772012,10144.45285,17135.97581,7341.849468,5615.393496
J9VKN8,CNAG_03674,"Oxoglutarate dehydrogenase (Succinyl-transferring), E1 component OS=Cryptococcus neoformans var. grubii serotype A (strain H99 / ATCC 208821 / CBS 10515 / FGSC 9487) GN=CNAG_03674 PE=4 SV=1",7,4.1.6.2.1.1.1.3.1.1.1.2.6.4.7.6.4.4.3.5.4.3,182043.9186,524576.9218,288395.2623,187759.0271,293427.7021,253221.0034,278914.8073,296653.873,198019.501,182522.9198,186252.5285,129364.7306,323957.2936,340329.5382,381995.8843,357404.4937,429540.8921,317579.6221
J9VKN9,CNAG_01332,Small subunit ribosomal protein S24e OS=Cryptococcus neoformans var. grubii serotype A (strain H99 / ATCC 208821 / CBS 10515 / FGSC 9487) GN=CNAG_01332 PE=3 SV=1,10,8.9.9.9.8.9.7.8.8.10.8.9.9.9.9.9.9.9.9.10.10.9,11418244.49,8991782.438,11386907.28,9943430.752,12251151.51,11691395.86,7372697.944,10122631.36,8772689.258,3878412.403,4327223.494,3594780.138,4763658.049,5071933.969,4518496.281,4136612.149,4325752.779,3539331.759
J9VKP4,CNAG_01109,Uncharacterized protein OS=Cryptococcus neoformans var. grubii serotype A (strain H99 / ATCC 208821 / CBS 10515 / FGSC 9487) GN=CNAG_01109 PE=4 SV=1,1,-.-.1.-.-.-.-.-.-.1.-.-.1.1.1.1.1.1.-.1.1.-,6407.073034,1875.21112,11125.60177,3379.775038,14250.52244,1596.173958,10715.10743,3910.044936,2421.558281,10538.75603,2000.375066,1441.819431,8893.974745,9043.187918,15096.54908,7280.492646,6586.026773,9313.182175
J9VKQ5,CNAG_02686,Cystathionine beta-lyase OS=Cryptococcus neoformans var. grubii serotype A (strain H99 / ATCC 208821 / CBS 10515 / FGSC 9487) GN=CNAG_02686 PE=4 SV=1,2,1.1.2.1.1.1.1.1.1.1.1.1.2.2.2.1.2.2.2.2.1.1,141882.6018,78248.07513,342056.9682,137577.0425,112430.3408,153633.8679,139994.0676,160929.7351,118810.3186,309337.4951,214775.8301,271038.6181,364418.5464,278483.5103,287028.6394,456486.335,207069.3861,337386.0131
J9VKR4,COQ5 CNAG_00138,"2-methoxy-6-polyprenyl-1,4-benzoquinol methylase, mitochondrial OS=Cryptococcus neoformans var. grubii serotype A (strain H99 / ATCC 208821 / CBS 10515 / FGSC 9487) GN=COQ5 PE=3 SV=1",1,-.-.1.-.-.-.-.-.-.1.-.1.1.1.1.1.-.1.-.1.1.1,9881.294715,6089.5248,23778.37609,6680.601151,1935.866865,4995.486359,3103.581229,4102.88596,2347.293305,12816.09217,29887.97963,22425.64922,20618.53787,21608.2909,23461.66357,43725.79995,36845.8695,23570.1446
J9VKR5,CNAG_03699,Pre-mRNA-processing ATP-dependent RNA helicase PRP5 OS=Cryptococcus neoformans var. grubii serotype A (strain H99 / ATCC 208821 / CBS 10515 / FGSC 9487) GN=CNAG_03699 PE=4 SV=1,3,1.1.2.1.1.1.1.1.1.1.1.2.2.2.1.3.3.3.2.3.3.2,83265.44881,282418.9041,101234.5438,252936.6306,491034.0008,232114.9327,229354.5863,197375.8555,319276.5889,249672.9166,287886.5977,117995.7789,136581.6561,113320.1714,50769.83789,94700.46044,249397.8132,191110.1813
J9VKR8,CNAG_02671,Pre-mRNA-splicing factor CEF1 OS=Cryptococcus neoformans var. grubii serotype A (strain H99 / ATCC 208821 / CBS 10515 / FGSC 9487) GN=CNAG_02671 PE=4 SV=2,2,-.-.2.-.-.-.-.-.-.1.-.1.1.-.2.2.-.1.-.1.1.-,9446.794096,11705.57252,45227.24867,4253.010189,11703.04765,15063.85087,9460.38298,5430.804842,8798.057925,16037.58402,26357.96588,14010.04138,18182.41622,18682.30998,14399.96536,29799.52192,53131.96976,15513.43118
J9VKS0,CNAG_00143,Phosphoribosylaminoimidazolesuccinocarboxamide synthase OS=Cryptococcus neoformans var. grubii serotype A (strain H99 / ATCC 208821 / CBS 10515 / FGSC 9487) GN=CNAG_00143 PE=3 SV=2,1,-.-.1.-.-.-.-.-.-.1.-.-.1.1.1.1.-.1.-.-.1.-,5633.983204,3747.925025,27550.95587,4925.041405,8989.470445,5292.325554,2989.234856,1987.981648,5236.796927,27123.33707,2934.555696,1140.181105,26722.74307,24715.12739,47246.91089,23360.87012,56098.38201,36446.21755
J9VKS6,CNAG_00148,Uncharacterized protein OS=Cryptococcus neoformans var. grubii serotype A (strain H99 / ATCC 208821 / CBS 10515 / FGSC 9487) GN=CNAG_00148 PE=4 SV=1,1,-.-.1.-.-.-.-.-.-.1.-.1.1.1.1.1.-.1.1.1.-.-,2085.214737,1603.666333,22272.67542,1769.353901,8391.766979,3515.288518,2443.749601,7681.40711,2925.301284,15745.10533,13818.7405,13690.86159,24273.4996,21747.77924,22918.7614,27524.05589,47637.16385,25231.38305
J9VKT1,CNAG_02655,Uncharacterized protein OS=Cryptococcus neoformans var. grubii serotype A (strain H99 / ATCC 208821 / CBS 10515 / FGSC 9487) GN=CNAG_02655 PE=4 SV=1,2,1.-.2.-.-.-.-.-.-.1.-.2.2.2.2.1.2.2.1.1.1.1,14166.69083,19371.32062,29798.38193,6757.480489,13311.88706,13786.27657,15011.42508,8141.65717,14222.35312,16362.52298,33610.74033,29664.52419,34143.65587,25831.97367,49069.48445,49285.20184,17056.918,24356.21087
J9VKT8,CNAG_01284,ATPase OS=Cryptococcus neoformans var. grubii serotype A (strain H99 / ATCC 208821 / CBS 10515 / FGSC 9487) GN=CNAG_01284 PE=3 SV=1,1,1.1.1.1.-.1.1.-.1.1.1.1.1.1.1.1.1.1.1.1.1.1,9295.473468,18443.79073,12045.83864,4913.701119,17609.75068,42205.53258,13861.44904,22633.54178,26564.0256,24301.6119,12078.57345,11799.34244,11723.26481,16412.28858,5264.62645,8705.400366,14012.42644,6324.466521
J9VKU6,CNAG_01274,Coatomer subunit gamma OS=Cryptococcus neoformans var. grubii serotype A (strain H99 / ATCC 208821 / CBS 10515 / FGSC 9487) GN=CNAG_01274 PE=3 SV=1,4,1.-.3.1.-.-.-.-.-.-.-.3.3.2.4.4.2.4.2.1.2.2,36069.3608,64365.61839,105582.6638,49530.83637,11901.05036,29376.23599,20930.64114,24829.0789,21454.47545,4885.515581,13258.96862,75718.71632,91433.45367,101224.0574,82706.55817,180918.6095,270269.7644,108968.2117
J9VKV8,CNAG_03739,Large subunit ribosomal protein L10-like OS=Cryptococcus neoformans var. grubii serotype A (strain H99 / ATCC 208821 / CBS 10515 / FGSC 9487) GN=CNAG_03739 PE=4 SV=1,26,23.15.26.18.13.21.20.22.24.17.15.18.19.20.23.20.15.18.21.20.24.20,12002974.26,5452507.382,15506537.82,7912949.475,6186111.764,12056859.2,7957744.56,7116976.89,6789314.831,2970750.059,3434552.124,3386513.429,3262083.813,2960374.246,3457278.84,2489001.42,2029175.822,2566211.397
J9VKW0,CNAG_01035,Proteasome subunit alpha type OS=Cryptococcus neoformans var. grubii serotype A (strain H99 / ATCC 208821 / CBS 10515 / FGSC 9487) GN=CNAG_01035 PE=3 SV=1,6,-.1.6.1.-.1.1.-.-.3.2.3.3.4.5.5.3.5.3.3.4.4,338903.3294,53600.26771,139798.7457,33106.51497,30903.68727,68379.98887,42264.64313,30737.81106,34879.1239,102357.5877,71772.96405,113845.0417,245854.1163,154942.8493,257210.4573,288747.3536,181547.5932,243655.4984
J9VKW7,CNAG_07570,Prenylated SNARE protein Ykt6p OS=Cryptococcus neoformans var. grubii serotype A (strain H99 / ATCC 208821 / CBS 10515 / FGSC 9487) GN=CNAG_07570 PE=3 SV=1,1,-.-.1.-.-.-.-.-.-.1.-.1.1.1.1.1.1.1.1.1.1.1,2047.032635,1703.865938,17885.91964,3966.373232,6925.306333,2989.779057,5721.552437,1920.267069,1684.673911,13671.28531,16201.87252,12939.80905,11129.63562,13092.17154,12989.5084,7321.129577,10375.33352,15183.02384
J9VKX7,CNAG_01264,Homoisocitrate dehydrogenase OS=Cryptococcus neoformans var. grubii serotype A (strain H99 / ATCC 208821 / CBS 10515 / FGSC 9487) GN=CNAG_01264 PE=4 SV=1,6,2.-.4.1.1.1.-.1.-.2.2.-.5.3.6.6.4.3.4.4.4.5,95206.23979,162180.6619,60544.95846,65197.9236,146009.8142,25622.76747,34288.94202,63873.40014,29034.22352,55517.27743,69891.65901,22533.39478,175471.381,263674.1685,204633.2821,292803.0348,115001.8104,149017.1699
J9VKX9,CNAG_07319,Uncharacterized protein OS=Cryptococcus neoformans var. grubii serotype A (strain H99 / ATCC 208821 / CBS 10515 / FGSC 9487) GN=CNAG_07319 PE=4 SV=1,2,-.1.2.1.1.1.-.1.1.2.2.1.2.2.1.2.2.2.1.2.2.2,983379.2524,417562.5179,381171.9033,205675.6762,320974.4318,362648.4464,387107.9981,267028.1597,663281.1835,229388.399,248728.1079,269941.8591,125837.7866,89639.95479,39719.30145,64182.08654,249940.6654,164294.8292
J9VKY0,CNAG_03763,IQ domain-containing GTPase activating protein OS=Cryptococcus neoformans var. grubii serotype A (strain H99 / ATCC 208821 / CBS 10515 / FGSC 9487) GN=CNAG_03763 PE=4 SV=2,1,-.-.1.-.-.-.1.1.1.1.1.1.1.1.1.1.1.1.1.1.1.1,7488.940618,7286.352272,6153.588354,9515.680116,4157.154429,3813.840156,24091.60047,49762.71647,20270.12395,12208.30333,7917.56269,5822.321922,67452.82707,41319.68202,16946.78193,19550.47404,21356.38409,54797.59952
J9VKY5,CNAG_01005,Glutaredoxin OS=Cryptococcus neoformans var. grubii serotype A (strain H99 / ATCC 208821 / CBS 10515 / FGSC 9487) GN=CNAG_01005 PE=4 SV=2,4,-.-.3.-.-.-.-.-.-.2.1.2.1.2.4.3.3.3.2.1.2.1,14506.25548,20608.08042,3774.097477,26886.00257,13316.50558,15506.74511,27956.70652,22310.19309,21694.27728,123153.2797,44609.55517,278727.3366,194953.0631,115008.1363,203187.5478,232948.5935,143795.296,202202.3009
J9VKZ1,CNAG_06946,Uncharacterized protein OS=Cryptococcus neoformans var. grubii serotype A (strain H99 / ATCC 208821 / CBS 10515 / FGSC 9487) GN=CNAG_06946 PE=4 SV=2,3,2.-.3.-.1.-.1.-.1.2.2.2.2.3.3.3.2.2.2.2.2.1,82652.15221,175897.2474,155490.4818,16010.88355,46841.15228,14368.474,25408.66529,50852.51567,45491.36417,55900.96224,58166.31009,53200.01476,81842.64313,52814.73769,76008.32402,76043.1106,34221.78616,61843.61779
J9VKZ6,CNAG_01253,Mitochondrial import inner membrane translocase subunit TIM10 OS=Cryptococcus neoformans var. grubii serotype A (strain H99 / ATCC 208821 / CBS 10515 / FGSC 9487) GN=CNAG_01253 PE=3 SV=1,2,-.-.-.-.-.-.-.-.-.-.-.-.-.-.1.2.-.-.1.-.-.-,13515.17003,7043.238289,4743.551414,17208.76538,9065.855654,4084.282299,17834.3901,19918.60345,9167.620596,6624.621049,5470.294685,3089.920345,5015.230063,1736.65408,2511.04836,1714.578999,4394.786537,4099.918842
J9VL02,CNAG_02576,Uncharacterized protein OS=Cryptococcus neoformans var. grubii serotype A (strain H99 / ATCC 208821 / CBS 10515 / FGSC 9487) GN=CNAG_02576 PE=4 SV=2,1,-.-.-.-.-.-.-.-.-.-.-.1.1.1.1.1.1.1.1.1.1.-,5227.653249,7829.419693,2108.294165,2099.298757,5676.986845,2001.070524,3480.278172,3038.171251,4052.554488,2902.506243,3708.386188,23022.67731,32996.10395,18651.94081,15768.50392,27172.23712,25054.19016,38250.27424
J9VL07,CNAG_01238,"Arginine biosynthesis bifunctional protein ArgJ, mitochondrial OS=Cryptococcus neoformans var. grubii serotype A (strain H99 / ATCC 208821 / CBS 10515 / FGSC 9487) GN=CNAG_01238 PE=3 SV=1",2,-.-.1.-.-.-.-.-.-.-.-.-.1.1.2.2.-.1.-.1.-.-,7070.283549,5579.58895,19523.89726,6329.947666,16869.59302,15653.64277,12713.12777,19349.46867,9378.59679,4042.806954,6806.745369,6651.770055,26081.08314,23068.63754,27859.38841,44713.95106,94966.97004,22990.8697
J9VL11,CNAG_03787,Tubulin alpha chain OS=Cryptococcus neoformans var. grubii serotype A (strain H99 / ATCC 208821 / CBS 10515 / FGSC 9487) GN=CNAG_03787 PE=3 SV=1,12,8.3.12.4.1.4.5.5.5.6.4.9.11.11.12.12.10.11.8.9.6.8,649247.9693,1101055.539,723608.2553,557088.9876,547877.7087,221006.8365,399236.2294,469653.6842,542907.3763,452282.7325,266890.0198,563613.6337,651135.8328,629578.6086,824369.4016,1096427.236,749529.6998,1016685.693
J9VL23,CNAG_07445,Transketolase OS=Cryptococcus neoformans var. grubii serotype A (strain H99 / ATCC 208821 / CBS 10515 / FGSC 9487) GN=CNAG_07445 PE=3 SV=1,26,19.9.25.21.10.16.21.14.19.22.16.20.26.23.26.25.22.24.23.23.23.24,6021233.313,6423926.451,6917570.058,5031841.119,6107568.736,3640845.686,4429105.268,5413955.414,5497099.432,3276339.694,3523860.927,2850156.189,4506928.963,4662796.394,5581210.507,7142860.042,4410305.923,4732773.002
J9VL33,CNAG_06900,"2,3-bisphosphoglycerate-independent phosphoglycerate mutase OS=Cryptococcus neoformans var. grubii serotype A (strain H99 / ATCC 208821 / CBS 10515 / FGSC 9487) GN=CNAG_06900 PE=3 SV=1",11,6.3.11.4.4.5.8.4.5.9.9.10.11.11.11.10.11.11.11.9.11.9,1048578.079,816406.0041,850171.7404,705099.5053,419913.0541,332475.9291,950080.8699,1406407.821,1206007.065,1134042.994,774342.926,1432346.929,822522.0915,1069022.371,1384950.813,1460756.871,869657.9072,1100480.576
J9VL36,CNAG_06905,Cytoplasmic protein OS=Cryptococcus neoformans var. grubii serotype A (strain H99 / ATCC 208821 / CBS 10515 / FGSC 9487) GN=CNAG_06905 PE=4 SV=1,3,-.-.3.-.-.-.1.1.-.2.1.2.3.3.3.3.3.3.3.3.2.2,13875.24947,10893.56926,30301.21692,10602.99941,17226.15839,18218.10243,30581.66543,42464.43358,31414.51026,105095.4815,88435.96963,134977.5518,280638.6992,202160.4421,453128.8419,597565.5194,241564.6645,417692.7732
J9VL49,CNAG_01181,Small subunit ribosomal protein S27Ae OS=Cryptococcus neoformans var. grubii serotype A (strain H99 / ATCC 208821 / CBS 10515 / FGSC 9487) GN=CNAG_01181 PE=4 SV=1,17,14.15.15.14.17.16.16.15.16.14.15.14.15.15.15.13.14.15.15.15.16.14,22022725.33,28686160.5,25513887.36,54112467.88,161876210.2,115437276.6,84961295.37,61363701.96,65147342.8,6591490.276,9719008.326,6608490.43,10550911.05,21585951.7,8817864.552,6674674.155,17973220.13,14005327.82
J9VL58,CNAG_01172,Uncharacterized protein OS=Cryptococcus neoformans var. grubii serotype A (strain H99 / ATCC 208821 / CBS 10515 / FGSC 9487) GN=CNAG_01172 PE=4 SV=2,2,2.2.1.2.-.2.2.2.2.2.2.2.2.2.2.2.1.2.2.2.2.2,1134930.074,609115.5655,302605.8635,136481.7204,199656.2667,146550.1802,2080274.475,2418854.035,853900.1699,678228.6484,803462.5541,509369.3261,182722.6882,205224.4677,139557.9371,314930.3393,448766.1248,196325.1355
J9VL75,CNAG_01152,40S ribosomal protein S6 OS=Cryptococcus neoformans var. grubii serotype A (strain H99 / ATCC 208821 / CBS 10515 / FGSC 9487) GN=CNAG_01152 PE=3 SV=1,27,25.25.26.24.26.26.22.26.22.22.24.26.26.25.26.23.25.23.26.26.27.25,28804280.48,31567842.4,15992883.74,20369036.45,27466027.77,27029316.75,20012284.76,25490560.6,22098188.75,8762676.8,12700371.74,13931700,6905647.259,10020393.53,5974252.381,5934560.264,10820355.86,8275618.962
J9VL78,CNAG_00286,Uncharacterized protein OS=Cryptococcus neoformans var. grubii serotype A (strain H99 / ATCC 208821 / CBS 10515 / FGSC 9487) GN=CNAG_00286 PE=4 SV=2,3,1.-.2.-.1.-.2.1.1.1.2.1.1.2.2.3.1.3.2.2.1.2,9341.683337,11368.22682,20383.444,11553.41409,28611.59402,22018.57826,28644.3536,26181.46893,27058.29089,16666.19822,27974.55065,14011.62548,50368.91571,35939.52259,60442.80033,130986.5033,124753.1159,83509.60967
J9VL79,CNAG_03853,Small COPII coat GTPase OS=Cryptococcus neoformans var. grubii serotype A (strain H99 / ATCC 208821 / CBS 10515 / FGSC 9487) GN=CNAG_03853 PE=3 SV=1,3,-.1.2.1.-.1.1.1.-.1.1.2.3.2.2.2.1.2.2.3.3.2,16663.69566,16568.19825,11641.95851,14332.19262,13441.01512,40407.19534,23401.5312,16281.24648,18912.43437,38418.91436,39989.88728,60093.72945,63091.84134,124955.7989,95399.73023,79879.41543,36339.40656,64072.79155
J9VL81,CNAG_00888,Calcineurin subunit B OS=Cryptococcus neoformans var. grubii serotype A (strain H99 / ATCC 208821 / CBS 10515 / FGSC 9487) GN=CNAG_00888 PE=4 SV=1,3,-.-.1.2.1.2.1.2.-.2.1.1.3.3.3.1.1.1.1.2.1.1,11320.71568,20502.40704,10976.57398,82516.48183,51035.77448,127495.1159,30104.50552,23873.82449,16181.53256,7165.933376,7717.766926,8404.159485,111282.6055,124903.8109,35830.35268,10496.08445,10981.17172,10741.83934
J9VL82,CNAG_01147,Actin-related protein 2/3 complex subunit 4 OS=Cryptococcus neoformans var. grubii serotype A (strain H99 / ATCC 208821 / CBS 10515 / FGSC 9487) GN=CNAG_01147 PE=3 SV=1,1,-.-.-.-.-.-.-.-.-.-.-.-.-.-.1.1.-.-.-.-.-.-,5995.416958,4331.919374,794.2341778,11367.59308,9388.366405,4847.683106,3596.481035,4515.586665,5380.582658,1383.247753,5451.563521,3161.833525,2664.259035,1290.784634,1644.866781,942.1547185,3692.2669,530.7808755
J9VL86,CNAG_01142,Endoplasmic reticulum protein OS=Cryptococcus neoformans var. grubii serotype A (strain H99 / ATCC 208821 / CBS 10515 / FGSC 9487) GN=CNAG_01142 PE=4 SV=2,3,1.1.2.1.1.1.1.1.1.1.1.1.2.1.1.1.2.2.2.1.1.1,276445.5521,251968.5214,92817.08567,304097.5004,428769.9453,120344.7057,170506.9943,291204.0292,229416.7562,30719.98826,39163.47271,43547.19009,107380.7074,86941.69203,8243.763993,18048.41684,48178.95682,55731.3913
J9VL88,CNAG_07347,Heat shock protein OS=Cryptococcus neoformans var. grubii serotype A (strain H99 / ATCC 208821 / CBS 10515 / FGSC 9487) GN=CNAG_07347 PE=3 SV=1,11,-.1.10.1.1.-.1.-.-.7.5.6.7.9.11.10.7.10.6.7.7.7,98291.98701,72113.98783,137439.9212,71609.66925,120506.1936,55760.91318,91562.78704,49992.19753,63881.1111,312434.8369,340962.6912,354073.1925,385128.0987,353894.7961,455899.3727,850745.0118,552812.6129,622912.4616
J9VL89,CNAG_01137,"Aconitate hydratase, mitochondrial OS=Cryptococcus neoformans var. grubii serotype A (strain H99 / ATCC 208821 / CBS 10515 / FGSC 9487) GN=CNAG_01137 PE=3 SV=1",25,18.7.25.14.10.10.14.15.14.20.16.24.20.22.25.20.20.22.20.18.22.22,2754931.792,2745838.654,3500092.979,1873276.606,1150673.91,1129190.657,1688939.271,2117632.908,1738400.478,2506708.517,2601972.313,3053122.5,3373844.25,2607880.001,3481152.128,2722731.492,1898189.758,2395339.807
J9VL93,CNAG_04950,PRA1 family protein OS=Cryptococcus neoformans var. grubii serotype A (strain H99 / ATCC 208821 / CBS 10515 / FGSC 9487) GN=CNAG_04950 PE=3 SV=1,2,-.-.2.-.-.1.1.-.-.1.-.-.1.1.2.2.1.2.-.-.-.2,4187.773511,4735.772311,2679.032869,13212.09928,4369.047881,42982.97121,4056.746823,11265.56544,8414.795451,44340.56299,8494.011859,5647.613859,34612.95658,40675.70562,52502.57254,102062.0888,80720.61956,73579.98652
J9VL98,CNAG_04955,Oxidoreductase OS=Cryptococcus neoformans var. grubii serotype A (strain H99 / ATCC 208821 / CBS 10515 / FGSC 9487) GN=CNAG_04955 PE=4 SV=2,1,-.-.1.1.-.-.1.-.-.1.-.1.1.1.1.1.1.1.1.1.1.1,5047.250559,3978.607773,22683.71949,10374.18321,10921.10292,2298.348716,13227.38185,4124.546826,3643.428995,13319.97072,8370.321114,7352.408647,23787.56935,15745.80316,27057.50275,27567.82698,10592.47118,17537.54716
J9VLA1,CNAG_00311,"3-hydroxyisobutyryl-CoA hydrolase, mitochondrial OS=Cryptococcus neoformans var. grubii serotype A (strain H99 / ATCC 208821 / CBS 10515 / FGSC 9487) GN=CNAG_00311 PE=3 SV=2",4,-.1.4.1.1.1.2.-.-.2.1.1.2.3.3.2.3.2.3.2.1.1,87314.94424,72956.80808,97647.38321,67825.31555,81618.94132,65727.72236,69481.55678,25146.44807,19122.30118,44897.27352,74215.21862,54625.76681,106492.5977,105002.5039,114552.0091,82659.16673,117017.1463,53465.18834
J9VLB2,CNAG_01113,Uncharacterized protein OS=Cryptococcus neoformans var. grubii serotype A (strain H99 / ATCC 208821 / CBS 10515 / FGSC 9487) GN=CNAG_01113 PE=4 SV=1,2,-.-.2.-.-.-.1.-.-.1.-.1.1.2.2.2.1.2.2.2.1.1,5416.549706,9928.193379,14955.85256,7095.425604,12213.48782,10350.38116,11623.67592,4350.047301,10109.28135,10705.77762,2815.451808,33425.34102,54603.98185,24537.00763,33769.49987,68362.50858,95877.19721,33066.65154
J9VLB3,CNAG_00326,Uncharacterized protein OS=Cryptococcus neoformans var. grubii serotype A (strain H99 / ATCC 208821 / CBS 10515 / FGSC 9487) GN=CNAG_00326 PE=4 SV=2,5,-.-.3.-.-.-.-.-.-.2.-.2.1.3.5.5.2.4.3.1.1.2,16427.68395,13423.03433,27514.42175,25109.09492,19778.74321,20087.73934,34094.61172,31231.88352,22265.4217,42463.64493,96691.47099,100139.2467,139726.4863,151075.7255,182749.7324,184016.6978,160216.7305,207179.8294
J9VLB4,CNAG_04976,Zuotin OS=Cryptococcus neoformans var. grubii serotype A (strain H99 / ATCC 208821 / CBS 10515 / FGSC 9487) GN=CNAG_04976 PE=4 SV=1,12,6.3.11.8.3.7.3.3.4.8.7.9.11.8.12.12.8.11.10.9.8.10,816006.9496,537946.9457,278293.9254,888263.6956,720008.7782,639584.474,670095.6242,789308.4909,412947.1431,497623.0014,395675.5171,449554.6772,338921.622,401684.688,407284.2235,549649.6408,446884.1375,418182.5216
J9VLB6,CNAG_01108,Allantoicase OS=Cryptococcus neoformans var. grubii serotype A (strain H99 / ATCC 208821 / CBS 10515 / FGSC 9487) GN=CNAG_01108 PE=4 SV=1,1,-.-.1.1.-.-.-.-.-.1.-.1.1.1.1.1.1.1.1.1.1.1,5522.553749,8333.861214,9127.935436,10932.08429,2037.609522,2382.641178,1599.6129,1879.16425,9381.395677,5832.541237,8850.401841,8924.755292,14256.98189,8799.584855,19235.90539,18399.09239,9419.232196,11684.57447
J9VLB9,CNAG_04981,Catalase OS=Cryptococcus neoformans var. grubii serotype A (strain H99 / ATCC 208821 / CBS 10515 / FGSC 9487) GN=CNAG_04981 PE=3 SV=1,16,3.2.16.1.2.1.1.-.-.13.11.14.14.16.16.11.11.15.13.11.10.10,581712.9248,245593.7532,482485.9688,156093.4296,328232.3075,344560.5962,173459.8995,93190.75054,107820.7165,744401.7668,729162.6533,993562.404,915051.0745,605460.2636,779405.3525,463553.7273,514716.0852,596893.0646
J9VLD5,CNAG_01083,26S proteasome regulatory subunit N5 OS=Cryptococcus neoformans var. grubii serotype A (strain H99 / ATCC 208821 / CBS 10515 / FGSC 9487) GN=CNAG_01083 PE=4 SV=1,5,1.-.3.-.-.-.-.-.-.1.2.2.3.3.4.5.3.4.2.3.1.3,26900.90324,116205.0469,43505.97877,21847.79659,28166.72583,15770.99926,32269.6991,23027.06565,20878.72119,46444.81262,54382.21981,38185.78815,127628.1419,93599.95304,92892.44324,150794.4321,72675.01447,84182.47475
J9VLE6,CNAG_00370,Polyubiquitin OS=Cryptococcus neoformans var. grubii serotype A (strain H99 / ATCC 208821 / CBS 10515 / FGSC 9487) GN=CNAG_00370 PE=4 SV=1,16,15.14.16.16.15.15.15.16.16.14.14.15.16.16.16.15.16.16.16.16.16.16,11489749.86,13339621.59,11829641.43,58222994.57,94417988.6,67376183.59,33888783,40548331.71,32786256.57,10399847.48,10686494.52,7561079.658,16227904.97,19491469.99,8376744.103,13352289.58,19925751.28,21486285.9
J9VLF7,CNAG_03899,Hypoxia up-regulated 1 OS=Cryptococcus neoformans var. grubii serotype A (strain H99 / ATCC 208821 / CBS 10515 / FGSC 9487) GN=CNAG_03899 PE=3 SV=1,8,2.1.8.1.2.1.1.2.2.4.2.6.7.7.8.7.4.7.6.4.4.4,511396.4184,387494.6535,188980.2554,361176.5898,281139.7103,107138.258,322086.9448,707485.6166,437474.069,156096.9367,168699.5466,291086.0545,255636.2478,234836.9237,348367.5235,295289.0858,224664.857,253641.7936
J9VLG3,CNAG_03904,26S protease regulatory subunit 6B OS=Cryptococcus neoformans var. grubii serotype A (strain H99 / ATCC 208821 / CBS 10515 / FGSC 9487) GN=CNAG_03904 PE=3 SV=1,7,2.1.6.3.3.1.2.2.2.2.2.3.4.5.5.7.5.5.5.3.3.3,82911.83193,68052.83063,128299.9243,125383.1095,126055.9601,142073.2308,97037.95299,88551.4419,128313.7652,75621.15386,64006.01332,94249.32396,163153.359,138592.5354,157736.7927,377568.1108,213709.4872,250324.2778
J9VLH0,CNE1 CNAG_02500,Calnexin OS=Cryptococcus neoformans var. grubii serotype A (strain H99 / ATCC 208821 / CBS 10515 / FGSC 9487) GN=CNAG_02500 PE=3 SV=1,19,5.5.16.5.3.5.6.3.4.14.12.17.16.17.19.17.16.17.15.15.15.13,892642.307,3490875.986,1212332.154,2280468.935,3885422.865,2987292.003,3133837.355,1149753.682,2781183.809,4233009.974,3513201.031,3258382.51,3425383.561,2832701.795,3589154.228,4220754.305,3042195.339,3285984.68
J9VLH1,CNAG_05031,Succinyl-CoA:3-ketoacid-coenzyme A transferase OS=Cryptococcus neoformans var. grubii serotype A (strain H99 / ATCC 208821 / CBS 10515 / FGSC 9487) GN=CNAG_05031 PE=3 SV=1,4,2.1.4.2.1.1.2.2.2.2.2.2.3.3.4.3.2.2.2.2.3.2,43025.09832,60853.53611,57767.61054,64294.18585,97572.20541,61879.57891,21824.97315,51456.17418,46430.34619,74580.80577,41024.51363,59127.70542,98046.51719,70582.24863,79933.16305,37031.05275,23930.31371,40605.50978
J9VLH4,CNAG_00402,Translation initiation factor 4G OS=Cryptococcus neoformans var. grubii serotype A (strain H99 / ATCC 208821 / CBS 10515 / FGSC 9487) GN=CNAG_00402 PE=4 SV=1,14,1.1.10.2.-.2.2.-.2.6.3.6.12.8.12.13.9.11.6.8.8.7,160317.2961,73906.78689,100505.4765,141154.6994,108163.2727,184633.1525,77032.15357,120656.5838,98703.71001,130201.1187,154462.7765,112705.7487,347473.8042,308653.5698,216826.8381,388240.5988,435736.434,500956.8212
J9VLH9,CNAG_00407,Glyoxal oxidase OS=Cryptococcus neoformans var. grubii serotype A (strain H99 / ATCC 208821 / CBS 10515 / FGSC 9487) GN=CNAG_00407 PE=4 SV=1,8,3.4.8.4.2.2.1.1.1.6.5.5.8.6.8.7.4.7.5.5.5.5,338854.4642,1574226.898,365470.5213,1023231.707,1268578.087,958576.5237,736038.272,192945.8275,495031.6718,1307767.401,1372317.726,725886.6409,746902.9426,808181.6507,1277790.743,606533.9949,506228.0052,653381.8209
J9VLI2,CNAG_05041,NADH-ubiquinone oxidoreductase subunit 8 OS=Cryptococcus neoformans var. grubii serotype A (strain H99 / ATCC 208821 / CBS 10515 / FGSC 9487) GN=CNAG_05041 PE=3 SV=1,3,-.1.3.-.-.-.-.-.-.1.1.2.2.1.3.3.3.2.3.2.2.1,89236.20103,17043.55203,90044.99918,14495.93635,13027.30958,29534.03499,19395.21221,20591.38546,14775.40621,56391.14461,40001.34309,72564.46667,50028.42424,94279.62639,106234.455,156420.6258,58582.14672,83626.48045
J9VLI9,CNAG_00417,Elongation factor 1-gamma OS=Cryptococcus neoformans var. grubii serotype A (strain H99 / ATCC 208821 / CBS 10515 / FGSC 9487) GN=CNAG_00417 PE=4 SV=1,26,14.5.25.14.4.10.14.8.13.21.16.22.22.23.26.23.18.22.19.20.22.20,2400073.33,4429205.662,4198060.667,2181076.165,1607476.749,1129118.63,1604588.086,1450691.305,1545763.769,2430324.684,1484236.652,2873061.854,3944858.016,3003040.452,4479841.045,6383114.8,3642915.957,3717514.585
J9VLJ5,CNAG_03939,5-aminolevulinate synthase OS=Cryptococcus neoformans var. grubii serotype A (strain H99 / ATCC 208821 / CBS 10515 / FGSC 9487) GN=CNAG_03939 PE=3 SV=1,2,2.1.2.1.1.1.1.1.1.1.-.1.1.2.1.1.1.2.1.1.1.2,66799.36637,72051.98813,34446.12967,18079.07728,40804.317,10313.16607,7647.199124,12445.80756,8150.040987,6117.403733,7888.703588,6318.954508,7447.687884,12569.29119,9428.253561,12915.40453,6368.166523,22687.30303
J9VLJ8,CNAG_03944,Chaperone regulator OS=Cryptococcus neoformans var. grubii serotype A (strain H99 / ATCC 208821 / CBS 10515 / FGSC 9487) GN=CNAG_03944 PE=3 SV=1,8,4.-.7.2.1.1.5.1.-.5.5.6.8.7.8.7.5.8.6.7.6.7,214467.0318,454445.3444,351121.8298,91700.7244,74131.21658,76850.32391,121594.7354,70127.4623,41616.87821,298454.5297,201411.4699,335742.4456,552608.5469,412039.9379,654614.6701,860857.9496,856663.4606,659721.5894
J9VLJ9,SOD1 CNAG_01019,Superoxide dismutase [Cu-Zn] OS=Cryptococcus neoformans var. grubii serotype A (strain H99 / ATCC 208821 / CBS 10515 / FGSC 9487) GN=CNAG_01019 PE=3 SV=1,6,3.1.6.1.1.1.3.1.4.2.5.5.3.5.6.6.3.5.6.4.3.4,248452.8247,273520.2628,914930.88,36229.94431,57625.11969,111853.4799,300988.1631,319770.5625,184753.8612,1224936.64,1586081.591,2029522.056,2265154.314,939794.196,3185967.97,664551.0074,973343.3265,1442121.15
J9VLK7,CNAG_03954,Ribosomal RNA-processing protein 17 OS=Cryptococcus neoformans var. grubii serotype A (strain H99 / ATCC 208821 / CBS 10515 / FGSC 9487) GN=CNAG_03954 PE=4 SV=1,6,5.6.6.6.6.6.6.5.6.5.5.5.5.6.6.6.6.6.6.6.5.6,6579809.548,5652098.293,3806050.855,8587432.07,11018461.02,15171880.29,5790337.56,5303950.644,4931439.619,927304.3919,1339190.921,941948.2839,1148213.295,1694583.859,818326.3516,1420797.493,2030536.728,1365760.459
J9VLL1,CNAG_03959,Uncharacterized protein OS=Cryptococcus neoformans var. grubii serotype A (strain H99 / ATCC 208821 / CBS 10515 / FGSC 9487) GN=CNAG_03959 PE=4 SV=1,6,4.2.6.4.3.3.4.5.4.6.6.6.6.6.6.6.6.6.6.6.6.5,752994.4552,989149.5588,701940.2466,425695.8496,483098.5378,294525.5085,2007400.548,992646.2714,572199.5008,1190615.746,883604.7832,1640599.828,1181143.85,1764596.01,1175492.369,1447676.126,1900680.071,2339648.499
J9VLM0,CNAG_07487,"ATP synthase subunit d, mitochondrial OS=Cryptococcus neoformans var. grubii serotype A (strain H99 / ATCC 208821 / CBS 10515 / FGSC 9487) GN=CNAG_07487 PE=3 SV=1",14,6.7.14.7.3.7.5.3.5.10.7.9.11.11.13.12.8.11.10.10.8.8,1649919.314,860724.7134,2520423.332,668724.4125,505480.6033,677454.2168,769671.2198,391396.8998,332832.9783,1525071.449,1046278.966,1727968.357,1246062.189,1477128.388,2519208.429,2891275.23,1576119.923,1887436.305
J9VLM2,CNAG_00994,Protein mago nashi OS=Cryptococcus neoformans var. grubii serotype A (strain H99 / ATCC 208821 / CBS 10515 / FGSC 9487) GN=CNAG_00994 PE=4 SV=1,1,1.-.1.-.-.-.1.-.1.-.-.-.1.1.1.1.1.1.1.1.-.-,10294.40885,9142.048111,18631.2815,2381.383148,11692.40641,3375.790728,9291.445573,15264.03809,13587.44482,1818.011829,1091.525762,3973.384636,12953.81609,11911.31918,11842.97676,10500.39149,8398.228226,12621.52863
J9VLM3,CNAG_03974,Uncharacterized protein OS=Cryptococcus neoformans var. grubii serotype A (strain H99 / ATCC 208821 / CBS 10515 / FGSC 9487) GN=CNAG_03974 PE=4 SV=1,2,-.-.2.-.-.-.-.-.-.2.-.2.1.2.2.2.2.2.2.2.1.2,10104.3588,8439.397093,16100.2236,6563.999967,16761.02159,17509.83954,7249.101434,8516.907993,10509.80635,47415.48742,45602.50163,49758.90521,34859.56449,35448.82025,46630.35431,88729.19108,42125.70324,54635.4711
J9VLN0,CNAG_00984,Glucose and ribitol dehydrogenase OS=Cryptococcus neoformans var. grubii serotype A (strain H99 / ATCC 208821 / CBS 10515 / FGSC 9487) GN=CNAG_00984 PE=4 SV=1,8,1.-.8.2.1.1.2.1.1.8.5.7.8.7.8.8.7.8.7.7.8.7,537927.2898,393967.8319,110079.9412,300374.0123,191840.7672,236589.083,820559.8197,539219.0979,746487.9411,1051673.805,1122393.791,1149794.943,854872.282,513113.6564,812183.3869,736150.4052,570702.9025,987603.6469
J9VLN9,CNAG_07362,Nucleolin OS=Cryptococcus neoformans var. grubii serotype A (strain H99 / ATCC 208821 / CBS 10515 / FGSC 9487) GN=CNAG_07362 PE=4 SV=1,8,6.3.6.7.4.3.5.3.5.3.5.5.5.4.5.7.2.4.7.5.5.5,1486012.005,2446156.242,672489.5218,2547550.441,1704949.305,3273742.788,1279187.115,1035656.977,1032995.341,307195.9617,892571.4934,206763.1632,631317.1659,521422.6628,326850.7617,154656.519,431852.6319,305186.3747
J9VLP2,CNAG_02457,Importin beta-2 subunit OS=Cryptococcus neoformans var. grubii serotype A (strain H99 / ATCC 208821 / CBS 10515 / FGSC 9487) GN=CNAG_02457 PE=4 SV=1,2,2.2.2.2.2.2.2.2.2.2.2.2.2.2.2.2.2.2.1.2.2.2,1277215.668,149780.3881,246809.1135,1346795.467,542589.5505,457713.9938,794260.4724,927442.2371,2178257.053,304141.6215,894799.0816,547189.7481,432017.0812,409006.4707,129687.9666,212318.1487,202459.318,251164.291
J9VLP5,RPS1 CNAG_04004,40S ribosomal protein S1 OS=Cryptococcus neoformans var. grubii serotype A (strain H99 / ATCC 208821 / CBS 10515 / FGSC 9487) GN=RPS1 PE=3 SV=1,29,25.20.28.20.16.22.21.18.16.24.24.24.28.25.28.24.21.24.25.27.26.27,8444288.839,6528783.461,18088349.45,6965961.902,6488860.229,9385281.55,5998642.369,3969490.922,4746810.529,6665484.004,7977724.033,7207393.449,6776896.946,7154516.08,8119262.189,6856474.9,3997537.473,5669326.505
J9VLP9,CNAG_04009,Aminopeptidase OS=Cryptococcus neoformans var. grubii serotype A (strain H99 / ATCC 208821 / CBS 10515 / FGSC 9487) GN=CNAG_04009 PE=3 SV=1,215,213.206.203.203.204.199.208.215.210.203.204.213.202.209.201.188.203.201.208.205.206.202,50216970975,29902647999,9221337861,47044088475,35057586298,30649130397,54487258661,62807341383,50953365810,16859859964,20956310536,22223596562,6934571853,10141504376,4265963369,4810975765,9729263309,8068207983
J9VLR5,CNAG_00509,Eukaryotic translation initiation factor 3 subunit M OS=Cryptococcus neoformans var. grubii serotype A (strain H99 / ATCC 208821 / CBS 10515 / FGSC 9487) GN=CNAG_00509 PE=3 SV=1,2,1.1.1.1.-.-.-.-.-.1.1.-.1.-.2.2.1.2.-.-.-.-,53760.52958,21774.75211,10360.69946,59791.94522,17189.52548,6168.694306,13632.74078,11124.48063,5489.387524,19740.02612,20248.42872,20004.6694,73313.19681,151708.7405,111014.4701,193756.3188,164508.9728,111638.3672
J9VLS1,CNAG_04039,Iron-sulfur cluster assembly protein OS=Cryptococcus neoformans var. grubii serotype A (strain H99 / ATCC 208821 / CBS 10515 / FGSC 9487) GN=CNAG_04039 PE=3 SV=1,3,-.1.1.-.-.-.-.1.-.2.1.1.-.2.2.3.-.2.1.1.-.1,16739.56977,15076.85561,16189.95014,14047.63214,18052.25595,17890.34417,12217.33761,25956.05705,21235.90737,17089.82532,24174.81526,21722.98946,30536.29765,18036.66682,31891.11874,90406.15378,73816.59804,59011.63641
J9VLS7,CNAG_02422,Uncharacterized protein OS=Cryptococcus neoformans var. grubii serotype A (strain H99 / ATCC 208821 / CBS 10515 / FGSC 9487) GN=CNAG_02422 PE=4 SV=1,2,-.-.1.-.-.-.-.-.-.-.-.-.2.2.1.1.-.2.1.-.-.-,6049.209868,14205.24172,4079.165108,13283.18355,13053.87273,7952.053146,7531.256709,14428.36836,10500.21175,9732.253635,4791.362126,2851.569488,59791.35565,61650.77072,49613.31041,31571.57628,32445.86283,59944.16475
J9VLT3,CNAG_04054,Translation initiation factor SUI1 OS=Cryptococcus neoformans var. grubii serotype A (strain H99 / ATCC 208821 / CBS 10515 / FGSC 9487) GN=CNAG_04054 PE=4 SV=1,4,3.1.4.1.2.1.2.3.2.4.4.4.4.4.4.3.4.4.4.3.3.2,209716.6358,235666.8984,350882.0595,111492.6121,164484.4958,98940.26468,124006.0681,175984.1179,164940.2672,253155.9642,221863.5014,225657.1478,192469.4148,178563.5866,287544.6972,212217.2821,190172.6127,244252.4682
J9VLU2,CNAG_04064,Uncharacterized protein OS=Cryptococcus neoformans var. grubii serotype A (strain H99 / ATCC 208821 / CBS 10515 / FGSC 9487) GN=CNAG_04064 PE=4 SV=1,1,-.-.1.-.-.-.-.-.-.-.-.-.-.-.-.-.-.-.-.-.-.1,1594.127603,6244.40216,507.8110479,4505.826384,3257.696704,2714.418382,1777.907705,13343.41039,4796.246387,1890.341746,3648.811772,3078.030225,605.7226257,748.9618106,881.9255241,586.1943442,3994.32649,846.726502
J9VLU4,CNAG_00538,Uncharacterized protein OS=Cryptococcus neoformans var. grubii serotype A (strain H99 / ATCC 208821 / CBS 10515 / FGSC 9487) GN=CNAG_00538 PE=4 SV=1,1,-.-.1.-.-.-.-.-.-.1.-.1.1.1.1.1.-.1.1.1.1.-,2390.019634,2761.285687,1214.865895,3033.959084,2215.804145,6144.98023,5253.484383,4177.548086,7887.087613,14726.75982,25964.09746,17036.47053,15440.75311,57104.3231,24879.43513,40976.82509,39916.09674,20890.29111
J9VLU5,CNAG_00897,Glucosidase OS=Cryptococcus neoformans var. grubii serotype A (strain H99 / ATCC 208821 / CBS 10515 / FGSC 9487) GN=CNAG_00897 PE=4 SV=2,1,-.-.1.-.-.-.-.-.-.-.-.-.-.-.1.1.1.1.-.1.-.1,8335.395827,7933.155181,3879.889206,4854.501464,3049.703624,3178.394177,8982.115784,3195.907559,2714.725056,3755.159901,5106.262416,1053.493137,1528.86892,1497.102604,4279.218017,12882.65532,1532.070972,2382.465584
J9VLU7,CNAG_04069,U4/U6 small nuclear ribonucleoprotein PRP31 OS=Cryptococcus neoformans var. grubii serotype A (strain H99 / ATCC 208821 / CBS 10515 / FGSC 9487) GN=CNAG_04069 PE=4 SV=1,1,-.-.1.-.-.-.-.-.-.-.-.-.1.1.1.1.1.1.-.-.-.-,6018.447623,2303.061113,2534.991739,1877.524713,3900.116844,2899.480655,4985.811076,4025.876768,11924.14593,1060.757854,2828.89528,1166.195984,6568.543208,2740.520163,5410.473826,10338.60811,3530.466595,6205.306308
J9VLV1,CNAG_04074,Coatomer subunit beta' OS=Cryptococcus neoformans var. grubii serotype A (strain H99 / ATCC 208821 / CBS 10515 / FGSC 9487) GN=CNAG_04074 PE=3 SV=1,7,-.-.5.1.1.-.3.-.-.3.1.5.6.4.7.7.3.6.4.2.6.5,25600.27574,32139.87195,60856.37373,102434.4377,128541.9076,157509.4895,164652.4676,42286.9876,36768.30965,81314.7107,103857.3646,118353.9398,151275.6777,161378.5301,121442.1664,217362.5916,195797.9391,126772.3216
J9VLV3,CNAG_05131,Uncharacterized protein OS=Cryptococcus neoformans var. grubii serotype A (strain H99 / ATCC 208821 / CBS 10515 / FGSC 9487) GN=CNAG_05131 PE=4 SV=1,9,3.1.7.1.1.1.3.2.1.5.4.4.6.6.9.5.5.4.6.4.6.5,424255.106,1020631.19,470526.7079,152814.9623,243058.7195,167076.8593,121353.6689,88881.06931,125643.2858,188288.3833,258807.744,231562.2185,296273.2166,371047.3743,448530.473,237094.7323,150638.6159,166668.8105
J9VLV6,CNAG_05136,Cation-transporting ATPase OS=Cryptococcus neoformans var. grubii serotype A (strain H99 / ATCC 208821 / CBS 10515 / FGSC 9487) GN=CNAG_05136 PE=3 SV=2,3,-.-.1.-.-.-.-.-.-.-.-.1.-.2.3.3.-.3.-.1.-.1,6757.279147,9639.563819,11250.03161,20671.01411,25152.19631,18205.45754,15600.97641,25907.76067,17635.15128,8074.03536,12273.73957,11702.40034,24076.46177,14831.0579,32658.07652,72011.31042,125853.0641,41890.39351
J9VLW1,CNAG_02378,H/ACA ribonucleoprotein complex subunit 2 OS=Cryptococcus neoformans var. grubii serotype A (strain H99 / ATCC 208821 / CBS 10515 / FGSC 9487) GN=CNAG_02378 PE=4 SV=1,2,1.1.2.2.2.2.2.2.2.2.1.2.2.1.2.-.1.2.2.2.2.1,51113.56508,81257.42831,25507.40807,138624.8224,83438.43183,52488.87363,69134.77522,92618.24127,80768.88822,22968.45791,33954.15922,36244.3268,18781.61861,21075.12802,15058.98836,6765.840929,7656.907931,9844.349192
J9VLW5,CNAG_05146,DNA-directed RNA polymerase subunit OS=Cryptococcus neoformans var. grubii serotype A (strain H99 / ATCC 208821 / CBS 10515 / FGSC 9487) GN=CNAG_05146 PE=3 SV=1,1,1.-.1.-.-.-.-.-.-.1.-.1.1.1.1.1.1.1.1.1.1.-,6561.445874,31804.25319,10891.77617,1841.542859,2359.487507,3742.170158,9786.087209,5339.425702,2689.156267,6181.962502,10745.85195,8337.366052,9164.332815,9535.156061,13774.53992,23376.46927,8437.720454,12838.695
J9VLX1,CNAG_02367,GTP-binding protein ypt3 OS=Cryptococcus neoformans var. grubii serotype A (strain H99 / ATCC 208821 / CBS 10515 / FGSC 9487) GN=CNAG_02367 PE=4 SV=1,6,1.-.6.1.2.1.3.2.1.6.2.6.6.6.6.6.6.6.6.6.6.6,39405.88356,84079.24486,71004.90956,65362.83897,144657.1086,56877.94292,111162.2378,106130.1968,116455.9875,414333.6554,494515.7909,487662.3605,482640.8862,402434.2487,535607.425,897103.9276,431005.8638,643174.9772
J9VLZ5,CNAG_02337,Uracil phosphoribosyltransferase OS=Cryptococcus neoformans var. grubii serotype A (strain H99 / ATCC 208821 / CBS 10515 / FGSC 9487) GN=CNAG_02337 PE=4 SV=1,6,-.1.6.1.1.1.1.-.-.4.3.3.6.5.6.6.5.5.6.5.5.3,214613.435,95534.56169,178502.5207,44922.7668,70587.23547,44948.45842,48596.57401,37405.69247,41440.51677,131798.0252,153646.3925,125598.6404,205844.2272,208612.1727,191950.3287,268293.1952,88078.21611,138489.6503
J9VM05,CNAG_02326,V-type proton ATPase catalytic subunit A OS=Cryptococcus neoformans var. grubii serotype A (strain H99 / ATCC 208821 / CBS 10515 / FGSC 9487) GN=CNAG_02326 PE=3 SV=2,12,3.4.9.3.2.2.4.3.3.7.5.8.9.7.12.12.7.10.8.9.7.9,520808.3574,496645.5129,450156.2751,187575.0374,163114.7638,99305.40156,337861.5989,257440.3182,237071.0159,410420.4062,354139.3436,430805.1387,534486.871,482301.6034,569455.0853,974156.5826,594655.7952,640971.504
J9VM07,CNAG_00600,Capsular associated protein OS=Cryptococcus neoformans var. grubii serotype A (strain H99 / ATCC 208821 / CBS 10515 / FGSC 9487) GN=CNAG_00600 PE=4 SV=1,1,-.-.-.-.-.-.-.-.-.-.-.1.-.-.1.1.-.-.-.-.-.-,2082.57442,4924.085549,842.4038517,2534.558701,13647.72691,4273.107473,2314.600915,12896.56754,2138.48763,3557.443811,3751.55449,13790.48854,1047.638813,910.1948387,738.5599142,2070.631845,677.0482878,1155.19652
J9VM09,CNAG_02545,Inorganic pyrophosphatase OS=Cryptococcus neoformans var. grubii serotype A (strain H99 / ATCC 208821 / CBS 10515 / FGSC 9487) GN=CNAG_02545 PE=4 SV=2,15,7.2.14.7.5.3.7.7.8.12.9.11.12.11.15.14.12.13.13.12.12.13,814791.6685,882277.9319,794422.7693,649251.3463,662885.2014,388881.1636,848322.451,586489.5251,835204.9418,1169858.545,887569.4408,1512040.104,1341160.072,1678795.192,2143855.048,1995890.096,1255894.64,1683359.924
J9VM12,CNAG_00605,Cytoplasmic protein OS=Cryptococcus neoformans var. grubii serotype A (strain H99 / ATCC 208821 / CBS 10515 / FGSC 9487) GN=CNAG_00605 PE=4 SV=1,3,-.-.3.-.1.-.1.-.-.2.1.3.3.3.3.3.3.3.2.3.3.2,17977.33383,8570.189675,17778.38904,7949.956168,35253.82518,11068.9621,67642.70364,23267.9776,14408.48663,88915.40209,81670.62774,155252.6553,97466.43274,88926.03027,151930.4999,247488.5426,108405.5308,139031.3803
J9VM13,CNAG_05196,Nuclear cap-binding protein subunit 2 OS=Cryptococcus neoformans var. grubii serotype A (strain H99 / ATCC 208821 / CBS 10515 / FGSC 9487) GN=CNAG_05196 PE=3 SV=2,1,-.-.1.-.-.-.-.-.-.-.-.-.1.1.1.1.1.1.1.1.-.1,6886.297325,3859.529813,28626.20794,4068.512745,5582.240817,4150.416904,4814.408017,2317.90499,10074.5821,1644.084773,2816.288532,5108.85833,15050.07237,21546.22901,21867.74119,26596.42428,12625.5759,14934.80078
J9VM14,CNAG_02315,"Cytochrome b-c1 complex subunit Rieske, mitochondrial OS=Cryptococcus neoformans var. grubii serotype A (strain H99 / ATCC 208821 / CBS 10515 / FGSC 9487) GN=CNAG_02315 PE=4 SV=1",7,5.4.6.4.1.2.2.3.4.5.5.6.7.6.7.4.6.6.7.6.6.3,456900.9643,577375.887,775012.3613,452952.633,664073.8647,314233.8428,366168.1636,205112.3998,331049.6005,768164.0583,629059.9721,617914.2998,647652.9014,610004.6803,713307.4946,862602.794,613936.0792,446050.8357
J9VM18,CNAG_02310,Casein kinase II subunit beta OS=Cryptococcus neoformans var. grubii serotype A (strain H99 / ATCC 208821 / CBS 10515 / FGSC 9487) GN=CNAG_02310 PE=4 SV=1,8,7.6.6.7.8.5.4.5.6.5.6.7.6.6.7.7.7.8.7.7.7.7,3483599.267,3661096.512,1174226.131,3870493.662,6058349.886,2855725.606,1935563.299,2906575.147,2650869.629,880218.2975,1426975.316,1046261.745,515067.5022,865111.4013,486532.8881,885823.1007,2573679.68,1259616.923
J9VM25,CNAG_02530,Uncharacterized protein OS=Cryptococcus neoformans var. grubii serotype A (strain H99 / ATCC 208821 / CBS 10515 / FGSC 9487) GN=CNAG_02530 PE=4 SV=1,1,-.1.1.-.-.1.-.-.1.1.-.-.1.1.1.1.-.1.1.-.1.1,135861.1921,35436.50604,42217.53402,1940.018006,3019.03827,71510.33697,2443.150883,10666.12578,7740.03699,41190.90622,4946.899777,2011.824046,16505.59502,16641.21326,12001.59289,20229.71225,44725.05996,16551.45627
J9VM30,CNAG_03040,Transketolase OS=Cryptococcus neoformans var. grubii serotype A (strain H99 / ATCC 208821 / CBS 10515 / FGSC 9487) GN=CNAG_03040 PE=4 SV=2,13,4.3.13.3.2.3.3.1.3.10.6.10.12.10.13.10.7.13.10.10.9.9,1255571.608,762565.8755,330147.5185,1848288.721,1499127.545,937127.6828,1306764.615,1508209.539,3182454.264,1287438.409,1068321.9,1835302.58,950025.0933,901062.9537,1017589.263,612569.5079,769090.431,935289.2362
J9VM39,CNAG_00632,PRA1 family protein OS=Cryptococcus neoformans var. grubii serotype A (strain H99 / ATCC 208821 / CBS 10515 / FGSC 9487) GN=CNAG_00632 PE=3 SV=1,1,-.1.-.-.-.-.-.-.-.-.-.1.1.-.1.1.-.-.-.-.1.-,7899.544384,8585.747823,686.4975017,4417.154318,1862.33756,11495.82766,2818.63801,10809.38455,10560.03691,5052.80698,6947.471962,12126.24751,10075.16685,18300.50689,14904.8594,522.7850459,1858.23311,1674.052301
J9VM42,CNAG_02285,Nucleoside diphosphate kinase OS=Cryptococcus neoformans var. grubii serotype A (strain H99 / ATCC 208821 / CBS 10515 / FGSC 9487) GN=CNAG_02285 PE=3 SV=1,7,5.5.7.3.2.7.4.1.3.7.7.7.7.7.7.6.6.7.7.7.7.7,917398.9291,1197254.639,3438310.529,381764.1995,373682.6731,551379.2069,487664.8949,331688.6923,431161.3126,853033.5843,763547.6632,1117509.365,575580.3007,776334.4563,750107.4642,729900.8746,404595.4866,589217.9664
J9VM43,CNAG_05236,Uncharacterized protein OS=Cryptococcus neoformans var. grubii serotype A (strain H99 / ATCC 208821 / CBS 10515 / FGSC 9487) GN=CNAG_05236 PE=4 SV=2,2,-.2.2.2.1.2.-.1.-.1.2.2.1.2.1.2.2.2.1.1.1.1,78783.78845,87619.97911,62007.97448,329562.2907,156840.8778,130174.182,15477.73382,42771.95437,9399.045554,99743.16724,161458.0888,65975.64881,53193.70809,57099.42448,125283.7266,77267.25837,72969.92701,72216.17195
J9VM47,CNAG_05241,U6 snRNA-associated Sm-like protein LSm7 OS=Cryptococcus neoformans var. grubii serotype A (strain H99 / ATCC 208821 / CBS 10515 / FGSC 9487) GN=CNAG_05241 PE=4 SV=2,1,1.1.1.1.1.1.1.1.1.1.1.1.1.1.1.1.1.1.1.1.1.1,54260.01716,209651.8148,121723.6061,47587.22362,58193.45125,209125.2629,67491.70492,66348.25674,52711.22116,155845.2485,98805.0433,84770.73861,85855.07033,68567.8308,73381.63202,61132.13604,32622.05648,82418.82586
J9VM57,CNAG_02269,Autophagy-like protein 18 Atg18 OS=Cryptococcus neoformans var. grubii serotype A (strain H99 / ATCC 208821 / CBS 10515 / FGSC 9487) GN=CNAG_02269 PE=4 SV=1,1,1.-.1.-.-.-.1.1.1.1.-.1.1.1.-.1.1.1.1.1.1.1,6339.731319,7985.94708,5348.815485,9959.695056,10885.096,2515.630142,10769.53387,10662.39027,7507.603052,6418.01727,10151.77567,10342.79108,4921.609721,5331.965207,3703.663531,11175.81126,8213.345482,12100.17798
J9VM62,CNAG_02266,NADH-quinone oxidoreductase subunit B 2 OS=Cryptococcus neoformans var. grubii serotype A (strain H99 / ATCC 208821 / CBS 10515 / FGSC 9487) GN=CNAG_02266 PE=3 SV=1,1,1.-.1.-.1.-.-.-.-.1.1.1.-.1.1.1.1.1.-.1.1.-,25832.06002,63673.95493,36474.60818,7096.650201,8822.230639,4298.349545,4104.264609,2133.688546,5569.126529,19130.46232,22652.22819,19480.68134,17562.6861,20621.98472,23800.46388,28691.2368,11375.48254,20571.99956
J9VM66,CNAG_00656,Large subunit ribosomal protein L7e OS=Cryptococcus neoformans var. grubii serotype A (strain H99 / ATCC 208821 / CBS 10515 / FGSC 9487) GN=CNAG_00656 PE=4 SV=1,18,12.15.17.13.7.13.13.10.9.12.14.13.15.13.16.17.11.15.14.14.16.13,7181196.381,9669141.822,9978863.93,4617478.393,4223396.746,7065433.491,6702426.694,4731592.594,5830943.375,2850787.068,2987919.967,4084789.327,3110302.513,3301800.845,3115803.703,2602199.775,2220224.023,2193647.128
J9VM74,CNAG_02486,Translation initiation factor 2 subunit 2 OS=Cryptococcus neoformans var. grubii serotype A (strain H99 / ATCC 208821 / CBS 10515 / FGSC 9487) GN=CNAG_02486 PE=4 SV=2,4,2.1.3.2.-.1.1.1.1.2.2.2.3.4.4.3.4.4.3.3.2.3,211204.2746,74049.11996,85362.38411,157002.7516,87913.56469,104170.2269,259366.3304,199931.5068,178997.3058,112620.3228,92128.73999,71332.05282,273865.612,219615.6934,198271.8564,231253.0952,180911.4871,222545.6774
J9VM77,CNAG_00666,Nucleoporin nsp1 OS=Cryptococcus neoformans var. grubii serotype A (strain H99 / ATCC 208821 / CBS 10515 / FGSC 9487) GN=CNAG_00666 PE=4 SV=1,3,-.-.3.1.-.-.-.-.1.1.1.1.1.1.2.2.1.2.1.2.1.1,11124.26224,9328.840152,34886.80065,13441.2137,22974.98279,8572.53372,19804.61816,22721.18152,50437.19661,13092.86132,33732.59236,8637.364518,13167.33354,22803.49822,21894.29893,45056.23954,35471.61053,31587.11033
J9VM82,CNAG_05277,Vesicle-associated membrane protein 4 OS=Cryptococcus neoformans var. grubii serotype A (strain H99 / ATCC 208821 / CBS 10515 / FGSC 9487) GN=CNAG_05277 PE=4 SV=2,2,1.1.2.-.-.-.-.2.-.2.1.1.2.2.2.1.2.2.1.1.1.1,871757.0848,139720.4741,125977.0685,11485.52982,8313.280812,5405.460499,12679.24776,26330.42862,11929.73401,74945.60398,340318.799,90689.53914,42458.86237,131310.0723,99583.89316,149927.3425,204982.9221,81032.90802
J9VM96,CNAG_02223,Sortilin OS=Cryptococcus neoformans var. grubii serotype A (strain H99 / ATCC 208821 / CBS 10515 / FGSC 9487) GN=CNAG_02223 PE=4 SV=2,2,1.-.2.1.1.-.1.1.-.1.1.1.1.2.2.2.1.2.1.1.1.1,10854.1683,14333.7338,39588.17349,22545.22296,29302.34221,18881.08127,10928.00926,18928.64748,8932.708985,14062.83115,13114.58663,18858.10594,33253.9426,21028.39381,27689.53429,39197.22783,20550.22728,21840.03918
J9VM98,CNAG_00686,Uncharacterized protein OS=Cryptococcus neoformans var. grubii serotype A (strain H99 / ATCC 208821 / CBS 10515 / FGSC 9487) GN=CNAG_00686 PE=4 SV=1,4,1.2.3.2.2.2.2.3.2.4.4.3.3.3.3.3.2.3.3.3.3.3,478797.9557,747928.0182,183240.2751,411638.6455,365659.7759,682497.4331,400877.1122,507715.7816,692533.8205,865756.5676,490626.6293,301525.3632,303570.0063,195263.6189,258580.1469,356591.3784,354413.1213,342456.3607
J9VMB0,CNAG_02208,Ribonucleoside-diphosphate reductase OS=Cryptococcus neoformans var. grubii serotype A (strain H99 / ATCC 208821 / CBS 10515 / FGSC 9487) GN=CNAG_02208 PE=3 SV=1,4,4.-.4.1.1.2.2.2.2.2.2.3.4.4.4.4.2.4.3.3.4.4,132297.1078,328301.0305,127119.9678,67982.10306,71966.71904,60853.971,120870.7745,93260.38292,56282.13162,34371.58756,23080.14087,71615.51426,84925.39703,86627.47866,111467.8176,139072.7691,134225.5923,94465.64476
J9VMB5,CNAG_05314,ADP-ribosylation factor GTPase-activating protein 2/3 OS=Cryptococcus neoformans var. grubii serotype A (strain H99 / ATCC 208821 / CBS 10515 / FGSC 9487) GN=CNAG_05314 PE=4 SV=1,9,3.2.8.4.1.3.6.5.4.6.6.6.7.9.9.9.7.8.6.6.6.6,84166.93069,123704.3909,151491.447,144134.0519,106986.8504,134858.8287,264952.1514,322811.5092,231582.8351,255018.98,191043.6012,216564.254,590967.6494,476184.6809,384862.1839,515397.5107,621853.4245,453384.3623
J9VMB8,CNAG_00705,RuvB-like helicase OS=Cryptococcus neoformans var. grubii serotype A (strain H99 / ATCC 208821 / CBS 10515 / FGSC 9487) GN=CNAG_00705 PE=3 SV=1,2,1.-.2.2.-.-.2.2.1.2.1.1.2.2.2.1.2.2.2.2.1.2,8233.604525,18870.46097,16250.41753,37246.69811,14620.38515,12001.0023,16663.74096,22583.17099,18110.23911,13789.74295,9559.303108,7480.541928,15352.62888,14745.01556,21604.94492,24931.59931,12432.23503,13833.75703
J9VMC5,NIP1 CNAG_07628,Eukaryotic translation initiation factor 3 subunit C OS=Cryptococcus neoformans var. grubii serotype A (strain H99 / ATCC 208821 / CBS 10515 / FGSC 9487) GN=NIP1 PE=3 SV=1,9,5.2.7.5.4.5.4.3.3.6.4.4.7.7.9.9.6.7.6.6.7.7,704394.606,1050900.827,514297.9702,947784.8783,1498619.05,1665238.255,347844.4562,701572.1031,730060.1182,714017.3884,1369434.768,323282.5131,545222.7497,624012.1868,398990.1944,543917.3911,557498.1362,572538.3326
J9VMD3,CNAG_02928,Large subunit ribosomal protein L5e OS=Cryptococcus neoformans var. grubii serotype A (strain H99 / ATCC 208821 / CBS 10515 / FGSC 9487) GN=CNAG_02928 PE=3 SV=1,17,11.10.17.10.11.14.13.9.11.14.14.15.16.16.16.15.14.14.15.14.14.13,5648395.284,3082946.629,11466504.35,4200500.629,4672114.296,6739494.427,3866946.915,2750619.921,3031863.406,4334060.879,3992817.233,3760350.412,3917853.472,3843628.76,4299347.834,4258184.693,2543138.356,2989403.006
J9VMD9,CNAG_07629,Endopolyphosphatase OS=Cryptococcus neoformans var. grubii serotype A (strain H99 / ATCC 208821 / CBS 10515 / FGSC 9487) GN=CNAG_07629 PE=4 SV=1,9,3.8.5.6.4.5.5.4.3.7.8.6.7.5.8.5.7.8.7.7.6.6,4694292.413,16984578.62,2781556.49,9296192.613,10792580.24,28600562.48,4034102.352,6328020.254,5570332.403,5316182.962,6854722.756,2415639.77,3776930.372,3541484.481,1472424.546,2296699.082,3096742.955,2660966.735
J9VME3,CNAG_02918,Acetyl-CoA C-acetyltransferase OS=Cryptococcus neoformans var. grubii serotype A (strain H99 / ATCC 208821 / CBS 10515 / FGSC 9487) GN=CNAG_02918 PE=3 SV=1,8,3.2.8.3.1.3.1.2.1.4.3.4.5.4.6.5.2.3.3.1.3.3,2272182.794,1069933.711,523465.5008,189929.1146,315349.3878,245565.7733,1319050.967,1587863.14,1505811.029,693394.5927,1408273.751,627280.6703,243382.8722,277128.6579,253638.8172,135983.8939,154719.5402,152576.4052
J9VMF7,CNAG_07400,Aspartate-tRNA(Asn) ligase OS=Cryptococcus neoformans var. grubii serotype A (strain H99 / ATCC 208821 / CBS 10515 / FGSC 9487) GN=CNAG_07400 PE=3 SV=1,6,2.-.4.2.-.-.1.1.3.3.2.3.4.2.4.5.2.3.3.4.4.4,157881.197,217359.4056,89017.85234,99319.48956,41481.83188,27225.03856,63835.27812,84440.69662,205730.9948,79706.43162,64961.01301,84430.50334,107984.2757,104430.6144,110634.3879,189748.1238,189494.708,97587.58268
J9VMF9,CNAG_02153,Glucose repression regulatory protein TUP1 OS=Cryptococcus neoformans var. grubii serotype A (strain H99 / ATCC 208821 / CBS 10515 / FGSC 9487) GN=CNAG_02153 PE=4 SV=1,3,3.-.3.-.-.-.-.-.1.-.1.1.1.2.3.2.1.2.-.1.1.1,60356.76395,68775.58642,63733.82057,7462.071565,24680.60284,24225.53468,14663.3595,15714.36632,23081.93551,8343.109123,62948.94057,4676.332475,44420.54236,42557.73777,37501.46469,29813.61694,53529.73464,24340.14814
J9VMG3,CNAG_02148,Ubiquitin-conjugating enzyme E2 35 OS=Cryptococcus neoformans var. grubii serotype A (strain H99 / ATCC 208821 / CBS 10515 / FGSC 9487) GN=CNAG_02148 PE=3 SV=2,1,1.1.1.-.-.-.-.-.-.-.-.1.-.-.-.1.-.-.-.-.-.-,98579.67008,163519.4844,57617.55703,2678.965969,9281.115674,3858.084523,4579.100669,3872.899763,11560.34221,1126.299751,2075.369052,38547.2749,1950.706464,689.6446038,1333.375679,546.2134539,774.0678585,3077.343012
J9VMG4,CNAG_02421,Uncharacterized protein OS=Cryptococcus neoformans var. grubii serotype A (strain H99 / ATCC 208821 / CBS 10515 / FGSC 9487) GN=CNAG_02421 PE=4 SV=1,1,1.-.1.1.-.-.-.-.-.1.1.1.1.1.1.1.1.1.1.1.1.1,58752.28747,64682.5681,65522.80137,53777.04017,3167.521455,3050.960341,11128.257,5557.138428,12494.15242,45266.52237,34574.41471,80918.01874,53481.25849,53100.98209,80319.49216,135027.1902,64770.0395,61547.88313
J9VMI9,CNAG_06813,Uncharacterized protein OS=Cryptococcus neoformans var. grubii serotype A (strain H99 / ATCC 208821 / CBS 10515 / FGSC 9487) GN=CNAG_06813 PE=4 SV=1,3,-.1.2.1.1.-.-.1.1.1.1.-.-.1.3.3.2.1.2.2.1.2,102479.0729,63790.62271,48306.68818,110451.4396,127612.7108,196523.8765,119811.4246,63650.27158,151610.466,35845.65915,193548.551,48418.59943,8614.130823,10668.29679,14527.02731,28819.30165,224658.433,45573.86363
J9VMJ0,CNAG_02117,NAD-binding Rossmann fold oxidoreductase OS=Cryptococcus neoformans var. grubii serotype A (strain H99 / ATCC 208821 / CBS 10515 / FGSC 9487) GN=CNAG_02117 PE=4 SV=1,6,-.-.5.1.-.2.2.-.1.3.3.4.4.6.6.4.4.6.2.4.2.4,30079.23769,25295.56567,8949.647625,57646.94925,34533.81295,183676.7625,77580.87006,77417.22235,70887.34611,168975.4786,212399.448,174529.514,304843.1929,252255.0666,267882.5163,274145.0359,256155.5715,223855.5082
J9VMJ3,CNAG_02377,Aldehyde dehydrogenase OS=Cryptococcus neoformans var. grubii serotype A (strain H99 / ATCC 208821 / CBS 10515 / FGSC 9487) GN=CNAG_02377 PE=3 SV=2,1,-.-.1.-.-.-.-.-.-.-.-.1.-.-.1.-.1.1.-.-.-.-,9577.751701,5939.520873,8717.344754,1882.013384,6755.699902,4849.281168,12070.29415,10880.32478,3649.587182,1882.80739,3123.768238,10825.06755,669.9999145,3806.5755,13869.45491,4250.545939,7381.446963,7642.417508
J9VMJ7,CNAG_02372,Enoyl reductase OS=Cryptococcus neoformans var. grubii serotype A (strain H99 / ATCC 208821 / CBS 10515 / FGSC 9487) GN=CNAG_02372 PE=4 SV=1,2,-.1.1.1.1.1.1.-.1.-.1.1.1.1.2.2.1.-.1.1.1.1,9245.311235,8249.143932,27941.06394,16314.64271,13836.22225,15205.71948,14033.18922,14063.23259,19715.86401,12346.1044,11519.53233,9096.524263,10116.54291,8943.702141,18832.08279,3228.262153,4996.176627,6172.493204
J9VML5,CNAG_02351,Uncharacterized protein OS=Cryptococcus neoformans var. grubii serotype A (strain H99 / ATCC 208821 / CBS 10515 / FGSC 9487) GN=CNAG_02351 PE=4 SV=1,5,-.-.-.-.-.-.-.-.-.-.2.-.-.-.-.5.5.5.4.3.3.2,36491.48372,15935.83367,8150.096306,19896.59336,25755.45604,29593.70616,22081.18571,38437.38682,28189.20855,10666.02675,34493.80835,14070.67513,9982.243103,8895.801992,4081.15982,227719.5007,1044269.814,1406109.249
J9VML6,CNAG_02091,Nucleosome assembly protein 1-like 1 OS=Cryptococcus neoformans var. grubii serotype A (strain H99 / ATCC 208821 / CBS 10515 / FGSC 9487) GN=CNAG_02091 PE=3 SV=1,8,4.1.7.1.2.2.2.2.2.6.3.7.7.6.8.7.6.6.8.5.5.5,532405.1001,1178696.366,905587.4591,232818.4806,154507.0683,206259.5797,164216.755,248160.8523,158600.6073,856494.2353,944241.8714,971421.4444,1067053.618,1033037.607,1468637.319,1827950.346,914877.0035,1507928.664
J9VML7,CNAG_00774,Phosphoglycerate dehydrogenase OS=Cryptococcus neoformans var. grubii serotype A (strain H99 / ATCC 208821 / CBS 10515 / FGSC 9487) GN=CNAG_00774 PE=4 SV=1,11,3.2.10.4.3.4.5.1.5.9.7.8.9.7.11.10.7.10.9.7.6.7,312659.8915,263052.18,451860.2119,414612.8227,245856.6762,215636.9889,302924.4019,232702.5707,247479.5821,252881.0273,279223.2062,352499.2271,307575.9315,361750.0075,491559.6877,422831.4543,325772.0487,386436.2424
J9VMM1,CNAG_00779,Large subunit ribosomal protein L27e OS=Cryptococcus neoformans var. grubii serotype A (strain H99 / ATCC 208821 / CBS 10515 / FGSC 9487) GN=CNAG_00779 PE=4 SV=1,11,6.3.11.8.5.7.6.6.5.9.8.10.9.9.10.6.8.8.8.8.9.8,1738659.908,1857561.751,6708466.823,1479002.947,3054243.894,5544872.525,1708626.799,1498287.166,1482511.012,2354911.807,2381125.995,1640064.519,2070593.912,2013492.415,2379121.224,1787199.432,1240808.547,1740078.219
J9VMM5,CNAG_01442,Cysteine desulfurase IscS OS=Cryptococcus neoformans var. grubii serotype A (strain H99 / ATCC 208821 / CBS 10515 / FGSC 9487) GN=CNAG_01442 PE=3 SV=1,5,2.-.3.-.1.1.1.-.1.2.1.2.2.2.4.5.1.3.2.3.2.2,129327.1353,187806.5354,56122.85564,34872.47679,48955.33652,42412.3565,43370.30219,30758.42524,31903.14396,53340.91302,25406.15592,74665.72697,110404.8859,97800.85922,77946.7884,160773.4228,173549.7272,106875.2609
J9VMN2,CNAG_02331,Small subunit ribosomal protein S9 OS=Cryptococcus neoformans var. grubii serotype A (strain H99 / ATCC 208821 / CBS 10515 / FGSC 9487) GN=CNAG_02331 PE=3 SV=1,17,14.10.17.13.8.12.12.9.8.11.14.15.14.14.16.15.11.13.13.13.11.14,5781648.732,4689034.101,10572117.67,3700029.019,4433991.197,6223729.671,3282816.188,2614872.752,2330783.307,2990935.082,3775420.677,3535814.002,2982506.461,3246326.214,3478152.346,3012203.594,2667195.608,2676356.013
J9VMN7,CNAG_00799,Cellulase OS=Cryptococcus neoformans var. grubii serotype A (strain H99 / ATCC 208821 / CBS 10515 / FGSC 9487) GN=CNAG_00799 PE=4 SV=1,1,-.-.1.-.-.-.-.-.-.-.-.-.-.-.1.1.1.1.-.-.-.1,1577.995891,4735.708686,8775.945524,2820.056359,3018.419767,10997.44216,9595.783091,12990.9974,2199.535062,2904.656794,2970.875156,4617.624949,1133.425948,3539.991977,10855.41875,5004.050815,20753.84343,32552.41589
J9VMP7,CNAG_00809,ATP-dependent RNA helicase ded1 OS=Cryptococcus neoformans var. grubii serotype A (strain H99 / ATCC 208821 / CBS 10515 / FGSC 9487) GN=CNAG_00809 PE=3 SV=1,1,1.1.1.1.1.1.1.1.1.1.1.1.1.1.1.1.1.1.1.1.1.1,101466.1196,304076.9349,44845.51104,202717.0056,71687.03392,141322.9324,33705.01437,90968.18242,100368.7856,110427.8699,191932.1495,39992.64792,52023.18424,93249.22062,25782.0907,80273.58496,53567.44135,93071.71862
J9VMQ2,CNAG_02309,Peptidylprolyl isomerase OS=Cryptococcus neoformans var. grubii serotype A (strain H99 / ATCC 208821 / CBS 10515 / FGSC 9487) GN=CNAG_02309 PE=4 SV=1,2,1.-.2.1.-.1.1.1.1.1.1.1.1.1.2.1.2.1.1.1.1.1,15491.15672,34286.68995,32923.93951,15164.31003,19415.42817,24892.3929,33008.16026,14158.51707,17479.72419,22956.21506,22279.30329,17382.0249,33925.30186,29177.05051,32897.017,54591.92824,41411.67452,32441.43416
J9VMQ3,CNAG_00819,40S ribosomal protein S30 OS=Cryptococcus neoformans var. grubii serotype A (strain H99 / ATCC 208821 / CBS 10515 / FGSC 9487) GN=CNAG_00819 PE=3 SV=1,10,10.9.8.7.9.9.8.9.9.10.8.9.10.10.9.8.7.9.9.10.9.10,35076854.1,55476533.13,10957934.59,22722714.71,31618144.64,25941662.39,17335271.43,31417480.66,23250375.28,15233423.39,20655177.79,16937003.2,12996369.28,15568815.09,7420457.872,11197146.94,17551965.43,12493094
J9VMR1,CNAG_00829,E3 ubiquitin ligase complex SCF subunit sconC OS=Cryptococcus neoformans var. grubii serotype A (strain H99 / ATCC 208821 / CBS 10515 / FGSC 9487) GN=CNAG_00829 PE=3 SV=1,4,3.-.3.-.1.1.1.-.1.4.-.4.4.3.4.3.3.3.4.3.2.2,159531.3189,146945.0901,295055.341,73669.47541,42565.651,78822.96269,63958.27766,21102.4015,25494.47696,284808.4951,519765.0178,432903.8345,360515.6565,316327.6065,324729.8072,359557.5532,274638.4959,180952.0833
J9VMS4,CNAG_02814,Glycerol-3-phosphate dehydrogenase OS=Cryptococcus neoformans var. grubii serotype A (strain H99 / ATCC 208821 / CBS 10515 / FGSC 9487) GN=CNAG_02814 PE=3 SV=2,6,3.2.5.2.2.2.2.1.2.4.4.4.4.4.5.6.5.4.4.4.4.6,100119.3122,320184.7635,137510.4649,58449.65373,94066.44007,79156.42289,47191.49408,46409.42083,64512.6363,75723.92052,86329.90171,80352.51855,72384.64009,76040.06697,104911.0707,131144.5812,59442.12078,103396.3839
J9VMS8,CNAG_00854,C-8 sterol isomerase OS=Cryptococcus neoformans var. grubii serotype A (strain H99 / ATCC 208821 / CBS 10515 / FGSC 9487) GN=CNAG_00854 PE=4 SV=1,1,-.-.1.-.-.-.-.-.-.-.-.-.-.-.1.1.-.1.-.-.-.-,4276.037193,4141.085922,21534.00252,6042.970687,2659.789815,8436.559222,4134.247523,6864.963596,8452.36865,2203.061773,1270.068389,2379.346747,2223.418633,1187.312553,15276.96016,37851.5056,22798.72284,14782.41406
J9VMU0,CNAG_06800,Uncharacterized protein OS=Cryptococcus neoformans var. grubii serotype A (strain H99 / ATCC 208821 / CBS 10515 / FGSC 9487) GN=CNAG_06800 PE=4 SV=1,3,2.3.2.2.2.1.2.1.2.3.3.3.3.3.3.3.3.3.3.3.3.2,1207059.699,2473323.84,1138894.495,1304912.81,4082921.031,1323219.713,1993550.676,2153534.045,1619317.178,1043672.573,3153659.181,1987337.988,1287044.47,793973.9872,844389.0247,690238.7077,728021.8815,465345.6805
J9VMW1,CNAG_02230,Phosphoketolase OS=Cryptococcus neoformans var. grubii serotype A (strain H99 / ATCC 208821 / CBS 10515 / FGSC 9487) GN=CNAG_02230 PE=4 SV=2,12,2.1.12.2.2.2.2.2.3.9.6.11.12.8.12.8.8.12.10.9.8.7,84812.07679,113151.4728,160608.0303,107440.4414,160454.1078,76578.02643,80723.61957,142831.6011,106676.3658,640187.7149,401424.2153,965191.1637,673903.61,609719.9762,653897.4939,319535.649,390981.3717,562941.5026
J9VMW3,CNAG_06775,Uncharacterized protein OS=Cryptococcus neoformans var. grubii serotype A (strain H99 / ATCC 208821 / CBS 10515 / FGSC 9487) GN=CNAG_06775 PE=4 SV=1,5,4.5.5.3.4.3.4.4.2.3.3.4.4.5.4.4.3.4.4.4.4.4,1480593.242,1473267.923,2080118.264,1042503.56,872137.56,2522449.167,925203.1135,1186143.173,1083985.877,1157638.425,968594.9564,1220859.704,1177595.109,1516006.051,1374329.195,2287317.255,1073297.802,1489885.844
J9VMX9,CNAG_01339,Cytoplasmic protein OS=Cryptococcus neoformans var. grubii serotype A (strain H99 / ATCC 208821 / CBS 10515 / FGSC 9487) GN=CNAG_01339 PE=4 SV=2,3,2.1.3.2.1.-.2.1.1.2.2.2.2.2.3.3.2.2.2.3.1.2,24424.29855,89404.83597,46098.41285,44566.02733,74881.54487,32370.56731,43205.75841,49996.50135,50498.51871,67580.22,58608.29306,36122.32807,35644.36554,26711.1716,20215.15929,24106.93536,34568.83691,28936.863
J9VMY0,CNAG_02763,"Phenylalanine-tRNA ligase, beta subunit OS=Cryptococcus neoformans var. grubii serotype A (strain H99 / ATCC 208821 / CBS 10515 / FGSC 9487) GN=CNAG_02763 PE=4 SV=1",3,1.-.3.1.-.-.-.1.-.1.-.2.2.3.3.2.3.3.3.2.3.1,38296.07523,37617.36331,85778.08778,39034.86658,13196.91041,10030.91873,7981.061253,27286.13241,32202.13344,14950.85542,21410.61466,45705.25558,80079.71472,68865.24878,79891.73012,155849.4341,84436.42274,78876.39224
J9VMY1,CNAG_06755,Threonine-tRNA ligase OS=Cryptococcus neoformans var. grubii serotype A (strain H99 / ATCC 208821 / CBS 10515 / FGSC 9487) GN=CNAG_06755 PE=3 SV=2,11,7.5.9.4.2.5.5.3.4.6.3.8.10.8.10.8.8.9.7.7.6.7,2019447.958,1084809.556,509070.1133,1702987.9,827378.5928,598978.9072,1904331.043,2784675.195,1815768.397,816715.6046,724931.1818,956853.0819,490236.0332,443764.0834,413879.4996,527366.0916,369894.7287,387633.6358
J9VMY2,TIF32 CNAG_02212,Eukaryotic translation initiation factor 3 subunit A OS=Cryptococcus neoformans var. grubii serotype A (strain H99 / ATCC 208821 / CBS 10515 / FGSC 9487) GN=TIF32 PE=3 SV=1,10,6.1.9.1.2.2.3.2.2.5.2.6.7.6.10.10.6.9.6.7.8.5,225079.5271,374806.417,238538.3007,345423.7364,286995.7985,327007.3237,177636.9859,57569.66584,124172.4352,118230.9005,199740.2374,177113.7842,271828.9013,216999.3769,233450.816,567217.2258,319099.6652,332285.1227
J9VMY8,CNAG_02753,Endoplasmic reticulum protein OS=Cryptococcus neoformans var. grubii serotype A (strain H99 / ATCC 208821 / CBS 10515 / FGSC 9487) GN=CNAG_02753 PE=4 SV=1,3,1.-.2.1.-.-.1.1.1.1.1.1.1.1.3.2.1.2.2.1.1.1,18882.82451,22485.25363,52173.19657,32790.21097,10080.31183,14905.84764,41949.21519,14851.62245,17880.00767,19928.97422,21990.89619,47152.29807,26294.02735,31759.89398,55376.71057,113744.7715,72698.31981,58259.41851
J9VMZ2,CNAG_02748,UTP-glucose-1-phosphate uridylyltransferase OS=Cryptococcus neoformans var. grubii serotype A (strain H99 / ATCC 208821 / CBS 10515 / FGSC 9487) GN=CNAG_02748 PE=4 SV=1,23,8.3.18.11.5.4.9.8.4.18.7.14.19.18.21.23.18.20.20.17.17.17,599042.4359,1519359.371,603762.2663,835843.6665,836881.8865,705813.0371,663327.4343,548333.6427,617909.9653,1006779.555,705350.973,876824.5383,1190007.739,1180220.417,1466934.447,2282002.836,1412120.925,1751636.799
J9VMZ3,CNAG_02202,Adenylyl-sulfate kinase OS=Cryptococcus neoformans var. grubii serotype A (strain H99 / ATCC 208821 / CBS 10515 / FGSC 9487) GN=CNAG_02202 PE=3 SV=1,1,1.-.1.-.-.-.-.-.-.-.-.1.1.1.1.-.-.-.-.1.-.1,39137.22258,26285.46827,23421.22812,11222.59425,11753.48596,7170.949498,2419.268286,12789.36475,5251.555787,2504.762999,3173.130702,2542.17265,31544.8573,24688.70281,39639.19363,1289.342939,3949.736933,2292.116432
J9VMZ4,CNAG_06740,Septation protein imp2 OS=Cryptococcus neoformans var. grubii serotype A (strain H99 / ATCC 208821 / CBS 10515 / FGSC 9487) GN=CNAG_06740 PE=4 SV=1,2,-.-.1.-.1.-.1.1.1.2.-.2.1.1.2.2.2.2.2.2.1.1,7264.204244,11014.37555,7782.37481,13617.10332,23345.06691,8593.392989,6662.560378,15317.6548,8543.246713,19154.56763,25614.20341,17812.60746,26139.53671,20382.65703,22938.6911,36986.53914,23580.33859,32396.13958
J9VN00,CNAG_02736,T-complex protein 1 subunit theta OS=Cryptococcus neoformans var. grubii serotype A (strain H99 / ATCC 208821 / CBS 10515 / FGSC 9487) GN=CNAG_02736 PE=3 SV=1,9,3.1.6.4.1.3.2.4.2.4.3.4.7.6.9.9.7.8.6.5.6.5,219197.2263,562889.3007,324907.2465,666664.4532,644483.3827,471269.0934,640169.8344,371338.041,615033.8729,610879.6257,502009.901,447623.6617,532406.0917,458079.9702,416311.7764,1038937.275,1151519.246,609248.2261
J9VN02,CNAG_01316,Replication factor A2 OS=Cryptococcus neoformans var. grubii serotype A (strain H99 / ATCC 208821 / CBS 10515 / FGSC 9487) GN=CNAG_01316 PE=4 SV=1,2,1.1.1.1.2.1.1.1.1.2.2.1.2.1.1.1.1.1.1.1.1.1,858663.9934,1924519.932,6784717.746,2138631.101,31667229.59,2582870.701,12396378.2,14368034.99,22877230.05,10813441.49,5088073.224,4683122.606,401393.1659,5105761.907,547522.3327,513013.7954,14700826.87,31972.54881
J9VN06,CNAG_07427,CK1/CK1/CK1-D protein kinase OS=Cryptococcus neoformans var. grubii serotype A (strain H99 / ATCC 208821 / CBS 10515 / FGSC 9487) GN=CNAG_07427 PE=3 SV=1,5,1.1.5.1.1.1.1.1.2.3.1.4.3.4.4.4.4.4.1.4.2.1,252216.2807,455981.0527,112081.0598,376209.8946,553708.3123,322887.6278,335975.1925,279569.8037,409943.3729,289177.1239,318506.4228,262164.415,278085.925,288810.6835,212097.2497,218000.9829,264314.0657,254795.8022
J9VN10,CNAG_02725,20S proteasome subunit beta 2 OS=Cryptococcus neoformans var. grubii serotype A (strain H99 / ATCC 208821 / CBS 10515 / FGSC 9487) GN=CNAG_02725 PE=4 SV=2,1,-.-.1.-.-.-.-.-.-.-.-.-.-.-.-.-.-.1.-.-.-.-,2616.267821,7635.40728,491.9445752,1616.023484,13800.19982,9012.788515,10305.54563,1852.277839,2049.96925,1576.247613,3410.792615,1098.42901,902.7356705,1157.55555,643.5535175,770.5295432,736.1001949,29136.66799
J9VN11,CNAG_02182,D-lactaldehyde dehydrogenase OS=Cryptococcus neoformans var. grubii serotype A (strain H99 / ATCC 208821 / CBS 10515 / FGSC 9487) GN=CNAG_02182 PE=4 SV=1,13,1.-.12.1.2.1.3.3.1.8.5.10.10.11.13.10.9.11.8.10.9.9,316841.4689,214057.6857,105199.109,75653.6018,176063.3227,63304.42223,229104.2686,408587.3917,74633.56644,701607.6389,660011.6798,1180623.16,909066.2244,788500.3739,1072247.093,884112.5473,577483.9258,654740.9158
J9VN13,CNAG_06576,Allergen OS=Cryptococcus neoformans var. grubii serotype A (strain H99 / ATCC 208821 / CBS 10515 / FGSC 9487) GN=CNAG_06576 PE=4 SV=1,14,3.3.10.3.3.3.2.3.2.13.11.13.14.13.13.13.11.14.13.12.11.10,458485.4938,397516.9934,971137.5407,224596.1828,203821.9436,135975.355,130985.5882,177852.008,137282.8021,10480199.48,6827921.338,13666888.99,17924986.29,14807828.17,8715202.03,6837916.396,10562934.63,26812583.63
J9VN14,CNAG_02720,Nuclear GTP-binding protein OS=Cryptococcus neoformans var. grubii serotype A (strain H99 / ATCC 208821 / CBS 10515 / FGSC 9487) GN=CNAG_02720 PE=4 SV=1,4,3.3.4.1.2.2.-.2.1.2.1.1.2.2.3.4.2.1.-.2.2.1,157403.5369,1145359.862,316287.6842,730489.5522,849283.6723,928864.8204,68427.57128,80718.46442,85737.87793,45563.79799,39509.30201,13807.24397,112911.1069,82100.6027,35984.94951,40006.91169,99705.86127,50878.03235
J9VN22,CNAG_02710,T-complex protein 1 subunit gamma OS=Cryptococcus neoformans var. grubii serotype A (strain H99 / ATCC 208821 / CBS 10515 / FGSC 9487) GN=CNAG_02710 PE=3 SV=1,11,6.2.9.4.3.2.2.1.2.9.4.8.10.8.11.10.9.11.10.8.9.6,375540.089,276718.6288,297785.2756,292560.1691,276851.6539,154901.5048,170303.8011,195081.6186,368612.8085,401449.8744,332635.5507,282960.511,368540.5468,297982.3099,320089.372,601294.3234,347607.6179,416303.471
J9VN29,CNAG_01291,Uncharacterized protein OS=Cryptococcus neoformans var. grubii serotype A (strain H99 / ATCC 208821 / CBS 10515 / FGSC 9487) GN=CNAG_01291 PE=4 SV=1,3,-.-.3.2.1.-.-.-.1.3.2.3.3.3.3.3.2.3.3.3.3.2,10701.13939,10614.24452,24042.60318,35805.29471,20154.06026,23730.2488,27437.2265,13061.76603,31605.45799,127700.4599,104030.0866,118218.2052,102042.3932,108989.5692,107903.9077,113048.09,81708.8191,90340.86407
J9VN36,CNAG_02692,Nitroreductase OS=Cryptococcus neoformans var. grubii serotype A (strain H99 / ATCC 208821 / CBS 10515 / FGSC 9487) GN=CNAG_02692 PE=4 SV=1,5,-.-.3.1.-.-.1.1.1.3.1.2.3.2.5.4.2.3.2.1.3.2,25542.04226,22247.09975,53523.47276,15278.35526,16562.97471,27197.44842,45365.49318,69517.78856,72628.69633,85491.38168,78992.86462,77577.7178,91494.24503,123869.697,228752.4821,234133.9766,110459.1623,135782.8782
J9VN41,CNAG_03606,Translation initiation factor aIF-2 OS=Cryptococcus neoformans var. grubii serotype A (strain H99 / ATCC 208821 / CBS 10515 / FGSC 9487) GN=CNAG_03606 PE=4 SV=1,40,35.17.32.33.27.34.31.27.32.23.24.26.37.34.33.21.28.31.35.35.35.29,14513358.99,7655332.142,2239946.559,10375286.98,10150878.44,10152617.41,7455473.797,6787823.048,8586248.492,2337030.809,4090452.86,2302253.643,5170267.231,3693405.94,1467113.494,1094994.964,1881699.494,2132883.525
J9VN45,CNAG_07469,Nuclear pore complex protein Nup98-Nup96 OS=Cryptococcus neoformans var. grubii serotype A (strain H99 / ATCC 208821 / CBS 10515 / FGSC 9487) GN=CNAG_07469 PE=4 SV=2,2,1.-.1.-.-.-.-.-.1.-.1.2.1.1.1.1.2.2.1.1.1.-,35349.10959,6266.391933,25230.73399,11788.27887,14680.02035,8015.64197,20208.07555,12982.1594,65429.39782,20900.2824,37953.75844,30131.9874,37734.04757,39312.08895,34990.81637,55445.19568,43817.19832,57388.66486
J9VN49,CNAG_01271,Pre-mRNA-splicing factor ISY1 OS=Cryptococcus neoformans var. grubii serotype A (strain H99 / ATCC 208821 / CBS 10515 / FGSC 9487) GN=CNAG_01271 PE=4 SV=1,3,-.-.2.-.-.-.1.-.1.1.1.2.1.1.3.3.2.2.2.1.1.2,5843.902149,10059.23904,37006.80496,21493.55836,10989.85673,14886.60317,19104.71647,19642.80246,16517.18744,20838.5618,29486.09655,24554.19632,14271.43681,16265.60963,31989.21593,42448.99247,22197.22847,29651.96212
J9VN50,CNAG_02673,NAD dependent epimerase/dehydratase OS=Cryptococcus neoformans var. grubii serotype A (strain H99 / ATCC 208821 / CBS 10515 / FGSC 9487) GN=CNAG_02673 PE=4 SV=1,13,4.-.11.1.-.3.3.2.1.6.7.11.11.10.13.11.8.10.10.10.9.8,274452.3822,628721.2017,433502.7718,109615.8938,104478.1486,138721.6577,185292.893,120743.837,146609.1459,504562.6044,383723.6596,860136.2516,832590.329,717439.5905,1350016.475,1231111.865,773938.2658,911158.8769
J9VN56,CNAG_03627,Peptidyl-prolyl cis-trans isomerase OS=Cryptococcus neoformans var. grubii serotype A (strain H99 / ATCC 208821 / CBS 10515 / FGSC 9487) GN=CNAG_03627 PE=3 SV=1,13,10.3.13.9.5.7.8.8.9.10.10.12.11.13.13.12.13.13.11.12.12.12,2043094.475,3178693.899,4481209.159,2233359.369,1366813.413,1283813.992,1908671.772,1463074.483,1702969.309,3471144.307,2331598.865,3780073.708,3507987.852,3702360.992,5223831.457,7170387.357,3493114.197,4709862.38
J9VN60,TIF35 CNAG_02657,Eukaryotic translation initiation factor 3 subunit G OS=Cryptococcus neoformans var. grubii serotype A (strain H99 / ATCC 208821 / CBS 10515 / FGSC 9487) GN=TIF35 PE=3 SV=1,3,-.-.1.-.-.-.-.-.-.-.1.-.-.1.2.3.-.2.1.1.-.-,25305.98559,9897.513482,18176.41528,17719.33973,15890.86009,15841.55095,17878.9393,12165.7993,18851.40284,5929.259956,16550.61463,3809.832652,14978.78502,17262.09556,20064.30937,100886.8846,158158.2862,71550.98685
J9VN61,CNAG_02121,Uncharacterized protein OS=Cryptococcus neoformans var. grubii serotype A (strain H99 / ATCC 208821 / CBS 10515 / FGSC 9487) GN=CNAG_02121 PE=4 SV=1,2,-.-.2.-.-.-.-.-.-.1.-.2.1.1.2.2.1.2.1.1.1.1,11443.71462,7675.602246,15656.96287,12121.22484,6008.138846,6850.666835,14356.84847,10115.57211,14232.86386,4947.945886,7286.153701,17062.28718,9743.454161,13131.64593,14169.01403,30233.07358,31221.25235,21590.3323
J9VN69,CNAG_06602,Cysteine-type peptidase OS=Cryptococcus neoformans var. grubii serotype A (strain H99 / ATCC 208821 / CBS 10515 / FGSC 9487) GN=CNAG_06602 PE=4 SV=1,3,1.1.1.1.1.1.1.1.1.2.1.3.1.2.3.2.3.3.2.2.1.1,58316.08156,269595.9022,35624.67399,147373.2462,299711.4059,186022.4961,101163.7598,238006.159,208511.0107,268908.8124,163397.3224,114445.9011,80235.92018,56112.47596,40996.38406,158163.0379,131541.109,122917.9199
J9VN71,CNAG_06606,Rho family protein OS=Cryptococcus neoformans var. grubii serotype A (strain H99 / ATCC 208821 / CBS 10515 / FGSC 9487) GN=CNAG_06606 PE=3 SV=1,2,1.-.2.1.-.-.1.1.-.1.1.2.2.2.2.2.2.2.2.1.1.1,12528.03897,24228.32946,53157.8887,20534.82265,17452.14527,10855.15079,12062.24287,17106.66093,10443.65568,38360.33297,20859.03939,63001.80152,50196.04442,43188.60534,59224.15915,78054.86495,31215.92858,53023.54394
J9VN86,CNAG_07558,Uncharacterized protein OS=Cryptococcus neoformans var. grubii serotype A (strain H99 / ATCC 208821 / CBS 10515 / FGSC 9487) GN=CNAG_07558 PE=4 SV=1,3,2.2.3.-.1.1.2.1.1.3.2.3.3.3.3.3.3.3.3.3.3.3,243112.4718,101805.9178,300703.5807,196753.7661,442658.6942,210953.2029,181857.7577,152214.2198,334500.2717,363035.4814,326146.1011,256710.3866,427660.8147,299778.834,336152.1125,383595.6272,274882.0157,441906.0567
J9VN98,CNAG_03675,Pumilio domain-containing protein OS=Cryptococcus neoformans var. grubii serotype A (strain H99 / ATCC 208821 / CBS 10515 / FGSC 9487) GN=CNAG_03675 PE=4 SV=1,2,2.2.2.1.2.2.2.2.1.1.2.1.2.2.2.2.2.2.2.2.2.1,1172491.194,408437.0548,139733.0552,616855.2102,370383.7509,343552.7311,934841.4516,1041470.024,884623.9742,235991.6091,325426.6863,268791.8403,76421.33505,107522.2278,38745.03126,42470.59946,92516.25738,54215.36974
J9VNA1,CNAG_06949,Uncharacterized protein OS=Cryptococcus neoformans var. grubii serotype A (strain H99 / ATCC 208821 / CBS 10515 / FGSC 9487) GN=CNAG_06949 PE=4 SV=1,3,-.2.3.3.1.3.1.1.1.3.2.3.3.3.3.3.2.3.3.3.3.3,507115.8592,137756.2794,264080.6053,143331.2107,149329.5103,180929.5277,11550.5466,20433.12081,41060.32596,127776.5677,128229.2197,163286.949,141095.688,130945.6939,179933.8221,213800.0808,93771.52559,112625.3592
J9VNA2,CNAG_02076,Leukotriene A-4 hydrolase/aminopeptidase OS=Cryptococcus neoformans var. grubii serotype A (strain H99 / ATCC 208821 / CBS 10515 / FGSC 9487) GN=CNAG_02076 PE=4 SV=1,4,1.-.4.-.1.1.-.1.-.2.2.1.1.1.4.3.2.3.3.2.1.1,20070.37305,40796.23296,104178.168,134017.9586,77575.68063,237258.0604,24610.10702,31900.71765,12473.00862,33783.82622,45687.21224,45598.00984,39783.92577,43027.06421,47853.74436,61800.53054,54601.53622,39334.00828
J9VNA3,CNAG_03680,Uncharacterized protein OS=Cryptococcus neoformans var. grubii serotype A (strain H99 / ATCC 208821 / CBS 10515 / FGSC 9487) GN=CNAG_03680 PE=4 SV=2,2,2.2.2.2.2.2.2.2.2.2.2.2.2.2.2.2.2.2.2.2.2.2,19452372.1,15468584.04,6976430.111,5238317.53,64610689.41,21952793.63,10418140.06,57688410.58,19446155.37,2831285.71,6457689.048,2223794.361,6093970.979,7312088.865,4936764.507,812953.7962,6297321.135,1854251.162
J9VNB1,CNAG_01250,tRNA ligase OS=Cryptococcus neoformans var. grubii serotype A (strain H99 / ATCC 208821 / CBS 10515 / FGSC 9487) GN=CNAG_01250 PE=4 SV=1,1,1.-.1.-.-.-.-.-.-.1.-.1.1.1.1.1.-.1.1.1.1.-,3488.260729,10324.37358,5632.840072,2755.201464,10773.04904,1969.295043,4096.822949,5227.323361,1771.827231,4951.933081,6230.380653,5994.585136,7729.747407,3644.02633,5994.94414,9131.851546,18165.941,7318.905297
J9VNB3,CNAG_07473,Valine-tRNA ligase OS=Cryptococcus neoformans var. grubii serotype A (strain H99 / ATCC 208821 / CBS 10515 / FGSC 9487) GN=CNAG_07473 PE=3 SV=2,8,6.-.6.4.-.-.5.6.2.4.1.7.7.4.7.8.5.7.6.8.6.5,353634.8994,586859.4117,199143.9732,196323.6464,41425.83069,34668.45264,244404.5356,360887.7355,233100.5035,101864.4517,165381.5514,238258.9057,171890.4002,184229.9354,201021.4033,375595.331,281083.3467,219719.6979
J9VNC2,CNAG_01240,Uncharacterized protein OS=Cryptococcus neoformans var. grubii serotype A (strain H99 / ATCC 208821 / CBS 10515 / FGSC 9487) GN=CNAG_01240 PE=4 SV=2,4,1.2.3.2.1.1.1.1.1.2.2.1.1.1.4.4.1.3.2.2.1.2,96724.12182,171415.6315,39062.36671,209103.1199,776296.6912,244020.3882,23902.75434,96860.9587,57371.22723,30308.37487,103944.7268,21020.07473,33809.18684,49089.85866,52150.95022,115102.5625,100893.2108,168711.3704
J9VNC9,CNAG_02051,Kinesin family member 20/23 OS=Cryptococcus neoformans var. grubii serotype A (strain H99 / ATCC 208821 / CBS 10515 / FGSC 9487) GN=CNAG_02051 PE=3 SV=1,1,1.-.1.1.-.-.1.1.1.1.1.1.1.1.1.1.1.1.1.1.1.1,4006.011161,2446.004189,2612.67356,6408.263217,4240.266373,6439.674397,6941.458845,15221.63432,8377.016504,4460.258419,5983.749808,5571.666085,24674.64688,21362.03362,7752.814466,14126.3485,15579.03837,26291.40747
J9VND1,CNAG_03705,Uncharacterized protein OS=Cryptococcus neoformans var. grubii serotype A (strain H99 / ATCC 208821 / CBS 10515 / FGSC 9487) GN=CNAG_03705 PE=4 SV=1,8,1.2.8.1.-.1.1.-.2.7.5.7.7.8.8.7.7.8.7.8.7.6,71560.47175,64284.92849,169767.5038,66116.83995,68073.02413,69916.84774,92837.63097,80544.62601,99307.77276,856752.2248,597432.0937,893773.9282,2048745.91,2041452.345,1155258.269,1150728.509,1960039.85,3146780.549
J9VND2,CDA2 MP98 CNAG_01230,Chitin deacetylase 2 OS=Cryptococcus neoformans var. grubii serotype A (strain H99 / ATCC 208821 / CBS 10515 / FGSC 9487) GN=CNAG_01230 PE=4 SV=1,2,2.-.2.2.1.1.2.1.2.2.2.2.2.2.2.1.2.2.2.2.2.2,329709.9776,594605.771,564691.4874,327271.5537,276095.8062,131720.0672,205038.2714,236066.3031,238211.0577,483689.3152,315134.2219,655639.61,520706.7724,475441.701,729165.4247,236790.8414,188591.7282,342035.2873
J9VND3,CNAG_07665,Uncharacterized protein OS=Cryptococcus neoformans var. grubii serotype A (strain H99 / ATCC 208821 / CBS 10515 / FGSC 9487) GN=CNAG_07665 PE=4 SV=2,2,1.-.2.-.-.-.1.-.-.-.-.1.1.2.1.2.1.1.-.1.1.-,10421.10059,11913.949,7864.099258,12371.23912,12771.10358,3741.773595,10814.58876,5229.002815,10236.93293,2956.348978,4705.825461,4558.096873,6160.859491,7297.517924,6180.039928,10993.24105,6094.013732,5602.850874
J9VND4,PBP1 CNAG_02046,Poly(A)-binding protein binding protein OS=Cryptococcus neoformans var. grubii serotype A (strain H99 / ATCC 208821 / CBS 10515 / FGSC 9487) GN=CNAG_02046 PE=4 SV=2,14,4.-.8.6.2.3.9.12.7.6.2.8.13.12.14.13.12.13.12.14.11.9,205284.0074,172856.3127,207851.8757,334729.4071,240215.5484,224000.8665,642424.3351,1107250.732,575447.1741,327818.775,297065.9772,344024.3945,1789700.416,1964086.563,948107.2119,1054512.092,2242861.238,3131216.32
J9VNE3,CNAG_06690,Uncharacterized protein OS=Cryptococcus neoformans var. grubii serotype A (strain H99 / ATCC 208821 / CBS 10515 / FGSC 9487) GN=CNAG_06690 PE=4 SV=2,9,9.1.4.5.2.2.1.4.2.-.1.4.2.2.6.9.6.4.5.7.4.5,405123.7356,235244.5407,30082.82329,179398.9057,145842.8436,145499.3248,61113.48282,105418.5902,127159.0838,25128.01702,28876.72938,72740.32376,85814.23649,133887.7904,84768.08559,78956.33206,113061.2503,57574.94334
J9VNF3,CNAG_03724,Ribosomal RNA methyltransferase Nop2 OS=Cryptococcus neoformans var. grubii serotype A (strain H99 / ATCC 208821 / CBS 10515 / FGSC 9487) GN=CNAG_03724 PE=3 SV=1,7,5.4.5.6.5.5.5.4.5.5.5.5.5.5.6.7.6.6.5.5.5.5,428481.5805,349077.2258,148813.7406,376466.6511,440343.4104,423407.9981,290874.8938,348425.1071,335178.5625,305313.0257,277481.3185,269191.2185,189003.2315,283577.5634,156355.7516,161877.3727,328234.8503,262967.6892
J9VNF9,CNAG_01197,Ran GTPase-activating protein 1 OS=Cryptococcus neoformans var. grubii serotype A (strain H99 / ATCC 208821 / CBS 10515 / FGSC 9487) GN=CNAG_01197 PE=4 SV=1,2,-.2.2.2.1.1.2.2.2.2.2.2.2.2.2.2.2.2.2.2.2.2,108789.8581,84536.075,45630.377,70489.90984,85263.7002,68220.94823,54552.31607,63856.47291,58681.4555,81212.45172,47616.30756,50004.29848,29096.19252,28766.78429,44162.66372,83674.01859,39520.88425,57302.05471
J9VNH4,CNAG_05694,CMGC/CK2 protein kinase OS=Cryptococcus neoformans var. grubii serotype A (strain H99 / ATCC 208821 / CBS 10515 / FGSC 9487) GN=CNAG_05694 PE=3 SV=1,14,14.13.14.13.13.12.14.14.13.12.12.14.11.13.11.12.12.13.14.14.13.13,3081211.554,3142315.133,1992665.242,2852042.975,5463996.814,2440320.529,2673479.353,2244256.345,2766841.129,921553.0391,1313514.642,1542024.203,557748.8606,1706524.079,796053.1486,764312.6003,1902806.916,1249592.289
J9VNH7,CNAG_01178,Nuclear envelope-endoplasmic reticulum network protein OS=Cryptococcus neoformans var. grubii serotype A (strain H99 / ATCC 208821 / CBS 10515 / FGSC 9487) GN=CNAG_01178 PE=4 SV=1,2,1.1.1.1.1.1.1.1.1.1.1.1.2.2.2.2.2.2.2.2.2.1,439383.401,388001.1391,408709.5062,61810.18165,328543.9702,108978.6796,258629.7664,271142.5117,714259.5765,68227.8176,78893.70428,234757.195,195398.1728,254019.2938,137916.0654,66281.00672,186774.5417,158433.7705
J9VNI1,CNAG_06908,Pyridoxal biosynthesis lyase pdxS OS=Cryptococcus neoformans var. grubii serotype A (strain H99 / ATCC 208821 / CBS 10515 / FGSC 9487) GN=CNAG_06908 PE=3 SV=1,11,4.3.11.6.2.6.8.4.3.6.7.7.10.10.11.11.8.8.10.9.8.8,529746.6135,1198098.248,1335853.973,973655.3019,1564711.395,2822597.5,1747190.648,1175800.816,1352406.92,1272091.726,1076970.25,593038.3333,828898.3409,898085.0025,872189.2731,731186.921,1184156.838,715866.2849
J9VNJ0,CNAG_01164,Glutamine-fructose-6-phosphate transaminase (Isomerizing) OS=Cryptococcus neoformans var. grubii serotype A (strain H99 / ATCC 208821 / CBS 10515 / FGSC 9487) GN=CNAG_01164 PE=4 SV=1,5,2.1.5.2.1.1.1.1.1.3.1.2.5.4.5.5.4.5.3.3.3.3,6758013.876,389947.6546,252423.2393,3295621.684,173508.7856,232517.2443,990665.063,1481105.09,1262685.178,303781.103,257783.346,1055589.17,345697.042,367781.9564,591236.8656,926256.9855,1037027.084,701065.0729
J9VNK2,CNAG_05724,Uncharacterized protein OS=Cryptococcus neoformans var. grubii serotype A (strain H99 / ATCC 208821 / CBS 10515 / FGSC 9487) GN=CNAG_05724 PE=4 SV=1,1,-.-.1.-.-.1.-.-.-.1.-.1.1.-.1.1.-.-.1.-.-.-,5630.132038,5864.438387,19832.74515,3444.870846,7150.035177,21207.66661,8028.84407,9532.998308,4276.109431,14072.56469,18500.51271,10583.25246,18149.30691,19043.32998,17610.18291,337.3672629,3853.232146,833.9531443
J9VNK3,CNAG_03769,Phosphotransferase OS=Cryptococcus neoformans var. grubii serotype A (strain H99 / ATCC 208821 / CBS 10515 / FGSC 9487) GN=CNAG_03769 PE=3 SV=1,11,1.2.8.4.3.3.4.2.2.5.6.6.10.7.11.9.6.8.6.7.7.7,205193.1991,205140.3077,156487.8259,232115.3884,406350.7626,123441.0862,215899.4213,123132.3751,144571.7545,202885.4827,181531.9706,254964.6062,346468.6224,482249.5247,431784.7824,394344.3762,298010.221,320958.9781
J9VNK9,CNAG_01144,Replication factor A1 OS=Cryptococcus neoformans var. grubii serotype A (strain H99 / ATCC 208821 / CBS 10515 / FGSC 9487) GN=CNAG_01144 PE=4 SV=1,4,1.-.2.1.-.-.-.-.-.1.-.1.1.-.4.4.1.3.-.1.-.-,14753.34995,13129.49635,23779.27365,47500.71992,14330.00018,19894.22062,15816.70066,19652.5505,17780.59167,24075.24566,11343.62495,8710.034514,17921.41096,26021.30365,27207.05829,113432.5292,98228.39633,64412.81029
J9VNL0,CNAG_05734,Uncharacterized protein OS=Cryptococcus neoformans var. grubii serotype A (strain H99 / ATCC 208821 / CBS 10515 / FGSC 9487) GN=CNAG_05734 PE=4 SV=1,15,1.3.6.5.3.4.5.7.4.7.4.8.13.14.14.11.12.12.8.9.11.10,3405602.459,323838.4661,2194479.641,12258742.82,13974567.36,14493972.68,7977092.522,8765195.061,7871043.085,3193704.249,1522325.136,1971108.7,4687321.331,6552104.572,3163542.222,3545778.407,5082841.462,6235719.014
J9VNL9,CNAG_06563,Eukaryotic translation initiation factor 3 subunit F OS=Cryptococcus neoformans var. grubii serotype A (strain H99 / ATCC 208821 / CBS 10515 / FGSC 9487) GN=CNAG_06563 PE=3 SV=1,5,2.-.4.1.-.-.1.2.2.3.2.3.2.5.4.5.3.5.2.1.3.2,92040.97225,67913.424,101202.7057,78321.94733,45795.51806,25613.98773,64057.98051,61875.72511,66264.4899,92296.47839,69887.88981,122057.8222,134506.8441,138431.9115,140755.498,409246.6917,215086.5229,172459.4559
J9VNN1,CNAG_01120,Acetyltransferase component of pyruvate dehydrogenase complex OS=Cryptococcus neoformans var. grubii serotype A (strain H99 / ATCC 208821 / CBS 10515 / FGSC 9487) GN=CNAG_01120 PE=3 SV=1,18,11.2.16.10.4.8.10.8.8.13.11.13.15.16.18.18.11.15.16.12.12.14,1254060.858,1705460.504,2200719.623,1447533.489,1032659.877,1044540.347,1715406.772,727795.0465,1022613.396,1457257.745,1154129.421,1398958.344,1861850.103,2014327.447,2328973.068,2645697.939,1543302.19,1913932.306
J9VNN2,CNAG_04948,Tubulin beta chain OS=Cryptococcus neoformans var. grubii serotype A (strain H99 / ATCC 208821 / CBS 10515 / FGSC 9487) GN=CNAG_04948 PE=3 SV=2,2,1.-.1.-.-.-.-.-.-.1.-.-.2.-.2.2.1.1.1.1.1.1,22585.05294,47971.50474,20405.81161,5952.628137,13685.2544,11854.50217,5279.480456,11922.22871,23178.11461,11639.00941,2801.60204,5027.791025,48991.49523,76220.05906,63731.57083,107257.4832,65806.10232,58810.67288
J9VNN5,CNAG_06577,Uncharacterized protein OS=Cryptococcus neoformans var. grubii serotype A (strain H99 / ATCC 208821 / CBS 10515 / FGSC 9487) GN=CNAG_06577 PE=4 SV=2,8,1.-.-.-.-.-.-.-.-.4.4.7.7.8.7.8.6.8.4.4.3.5,46030.74915,35759.7979,13396.82746,31205.84696,65297.13004,50952.13166,43568.12821,46048.34296,37600.03752,153524.6709,143251.9573,212080.3979,482293.6383,438432.0514,229903.6808,312909.5588,387824.6015,749317.6451
J9VNN7,CNAG_04953,Uncharacterized protein OS=Cryptococcus neoformans var. grubii serotype A (strain H99 / ATCC 208821 / CBS 10515 / FGSC 9487) GN=CNAG_04953 PE=4 SV=1,1,1.-.1.1.-.1.1.1.-.-.1.1.1.1.1.1.1.1.1.1.1.1,267097.2077,421845.8736,50420.82459,73578.62472,42815.6037,35170.94418,242053.7822,251412.287,166331.2122,68556.09838,65230.15503,149668.2609,82536.9974,73154.72221,75527.9616,98090.5239,34552.88651,100485.2396
J9VNP3,CNAG_03814,Small nuclear ribonucleoprotein Sm D2 OS=Cryptococcus neoformans var. grubii serotype A (strain H99 / ATCC 208821 / CBS 10515 / FGSC 9487) GN=CNAG_03814 PE=4 SV=1,2,-.-.2.1.-.2.-.-.1.1.2.1.2.2.2.2.2.2.1.1.1.1,5949.095041,14846.19316,3296.746582,44042.00761,51918.96893,57985.65035,15318.37965,8679.007163,70627.29345,67563.65159,57637.48863,117482.0466,166617.3457,182879.9881,223819.6474,123906.3788,129728.2491,190512.8296
J9VNQ3,CNAG_03824,"Solute carrier family 25 (Mitochondrial phosphate transporter), member 3 OS=Cryptococcus neoformans var. grubii serotype A (strain H99 / ATCC 208821 / CBS 10515 / FGSC 9487) GN=CNAG_03824 PE=3 SV=1",2,-.-.2.1.-.-.-.-.-.1.-.1.1.2.2.-.2.2.-.1.1.-,4933.492353,11453.79383,14811.15841,21154.08166,10687.53644,7584.485866,13868.77576,10966.35981,10818.87703,16578.24123,6161.520811,6466.563676,14113.32097,14984.81639,21185.64691,10784.62943,13390.49575,20046.60215
J9VNQ8,CNAG_03829,L-carnitine dehydratase/bile acid-inducible protein F OS=Cryptococcus neoformans var. grubii serotype A (strain H99 / ATCC 208821 / CBS 10515 / FGSC 9487) GN=CNAG_03829 PE=4 SV=2,1,-.-.1.-.-.-.-.-.-.-.-.-.1.1.1.1.-.1.-.-.-.-,2002.882129,2621.750701,15432.78682,6428.787605,3970.670642,4351.144703,10808.155,3331.329719,8544.097502,4326.743963,1353.405951,808.8890135,13429.62501,17317.42127,21178.92681,19090.04223,17221.5068,12702.96721
J9VNR0,CNAG_05788,V-type proton ATPase subunit G OS=Cryptococcus neoformans var. grubii serotype A (strain H99 / ATCC 208821 / CBS 10515 / FGSC 9487) GN=CNAG_05788 PE=3 SV=2,3,1.-.2.-.-.-.1.1.1.3.2.-.3.2.3.3.1.3.1.3.2.2,50051.1083,19320.48288,2370.716685,22483.82586,10617.76916,26200.18755,93069.92845,73344.74334,69111.89117,135945.6327,68805.99401,91209.97213,185705.9561,169228.2491,189878.2685,273398.0466,370724.8505,202902.0686
J9VNR3,CNAG_04984,Pleiotropic drug resistance protein OS=Cryptococcus neoformans var. grubii serotype A (strain H99 / ATCC 208821 / CBS 10515 / FGSC 9487) GN=CNAG_04984 PE=4 SV=1,1,1.1.1.1.1.1.1.1.1.1.1.1.1.1.1.1.1.1.1.1.1.1,20883.5221,139356.6178,21788.37735,80624.87993,51511.25637,76215.39912,32214.87926,42997.86865,56679.29091,10452.30785,33007.16764,19498.98901,16157.40082,26096.79853,30726.72221,30958.43786,30545.12662,28554.32365
J9VNR7,CNAG_05798,Signal recognition particle subunit SRP9 OS=Cryptococcus neoformans var. grubii serotype A (strain H99 / ATCC 208821 / CBS 10515 / FGSC 9487) GN=CNAG_05798 PE=4 SV=1,2,-.1.2.1.1.1.1.-.2.2.1.1.2.2.2.2.2.2.2.2.1.1,255254.2106,124307.9961,102426.373,110568.7454,75149.42708,54929.53749,96669.86515,94157.70725,143512.646,67413.39646,42879.31513,155470.6432,61255.7255,81312.61971,109702.6399,134987.5364,121906.5089,131251.4961
J9VNS2,CNAG_04994,Signal recognition particle subunit SRP14 OS=Cryptococcus neoformans var. grubii serotype A (strain H99 / ATCC 208821 / CBS 10515 / FGSC 9487) GN=CNAG_04994 PE=4 SV=1,1,-.-.1.-.1.1.1.1.1.1.1.1.1.1.1.-.1.1.1.1.1.1,1723.671759,1354.40419,1021.064628,45379.66678,76421.24125,47066.62118,65167.09974,45013.63828,55255.71049,47585.12348,36467.63008,48398.92412,56833.87967,50936.94237,65399.29025,15260.01759,28636.39002,45198.95408
J9VNT0,CNAG_01060,Uncharacterized protein OS=Cryptococcus neoformans var. grubii serotype A (strain H99 / ATCC 208821 / CBS 10515 / FGSC 9487) GN=CNAG_01060 PE=4 SV=1,9,4.3.8.4.3.6.4.4.5.5.6.6.8.6.8.8.6.7.6.8.5.7,187885.6307,825945.3576,858538.3076,379731.8584,800331.8271,718472.5416,589320.7534,468655.5444,624524.6766,760894.4197,949362.4799,571066.9002,523321.4246,495501.5443,630437.0591,776974.3328,509853.2142,692256.7603
J9VNT4,CHS5 CNAG_05818,Chitin synthase OS=Cryptococcus neoformans var. grubii serotype A (strain H99 / ATCC 208821 / CBS 10515 / FGSC 9487) GN=CNAG_05818 PE=4 SV=1,2,1.1.2.1.1.1.1.1.1.1.1.1.2.1.2.1.1.1.1.1.1.1,48340145.54,96177719.98,26624754.41,77909980.34,117668497.4,126704867.3,49582639.7,51884790.19,59472523.97,49945701.98,61941346.03,31080070.1,34106504.46,41632423.67,16586986.52,19254850.54,39026188.74,27788232.47
J9VNU3,CNAG_05828,UDP-N-acetylglucosamine pyrophosphorylase OS=Cryptococcus neoformans var. grubii serotype A (strain H99 / ATCC 208821 / CBS 10515 / FGSC 9487) GN=CNAG_05828 PE=4 SV=1,5,-.1.3.-.1.1.2.1.2.1.-.4.4.4.5.4.4.5.4.4.3.4,22841.50455,22686.71079,62509.05062,16094.11767,30302.09379,58122.13917,839703.3075,1005591.782,898335.2862,34995.15351,42300.37355,48895.37254,673341.9865,525938.4004,281353.6485,312167.5508,372215.899,420937.7584
J9VNU4,CNAG_01046,"N,N-dimethylglycine oxidase OS=Cryptococcus neoformans var. grubii serotype A (strain H99 / ATCC 208821 / CBS 10515 / FGSC 9487) GN=CNAG_01046 PE=4 SV=1",1,-.-.1.-.-.-.-.-.-.-.-.-.-.-.1.1.1.-.-.-.-.-,3641.133466,3752.312644,28484.57907,5994.521151,12011.32008,5476.714144,2457.114266,1864.703465,6476.668011,3233.474823,4718.719943,741.6673341,1477.144654,2569.098635,14026.90317,16624.79576,9765.851574,8434.271101
J9VNV6,CNAG_01031,Protein YOP1 OS=Cryptococcus neoformans var. grubii serotype A (strain H99 / ATCC 208821 / CBS 10515 / FGSC 9487) GN=CNAG_01031 PE=3 SV=1,4,2.2.4.2.2.2.2.2.2.3.3.3.4.3.4.4.3.3.3.4.3.4,700196.1985,986862.5829,227515.8229,1392148.009,1563091.254,2089129.775,528575.1578,352014.0497,871839.8655,328884.2409,580999.4578,600518.3943,579692.8934,621115.6858,350745.9744,224922.3519,681118.986,374463.4335
J9VNW1,CNAG_05848,Splicing factor U2AF 65 kDa subunit OS=Cryptococcus neoformans var. grubii serotype A (strain H99 / ATCC 208821 / CBS 10515 / FGSC 9487) GN=CNAG_05848 PE=4 SV=1,3,3.2.2.3.2.2.2.-.2.2.2.3.2.2.3.3.3.2.2.3.3.1,47546.25438,93169.54926,34112.99362,64127.83625,58653.64142,66719.56997,74517.44669,74619.61494,36339.49828,34649.35703,53680.28175,56114.24726,24180.15979,32033.17159,55283.71089,94107.38939,25393.9615,51485.16709
J9VNW2,CNAG_06628,Aldehyde dehydrogenase (NAD ) OS=Cryptococcus neoformans var. grubii serotype A (strain H99 / ATCC 208821 / CBS 10515 / FGSC 9487) GN=CNAG_06628 PE=3 SV=1,2,-.-.2.1.-.-.-.-.-.1.-.-.-.-.2.1.2.2.1.1.1.1,19362.28031,3563.432783,24519.46351,108819.0813,4334.439115,12143.49331,14374.38428,10791.82865,9805.343226,9795.927372,7478.552125,5397.82827,1074.847987,2211.423805,8128.301584,40398.98783,31123.93336,24133.76315
J9VNW4,CNAG_01021,ATP phosphoribosyltransferase OS=Cryptococcus neoformans var. grubii serotype A (strain H99 / ATCC 208821 / CBS 10515 / FGSC 9487) GN=CNAG_01021 PE=3 SV=1,2,-.1.2.-.1.1.1.-.1.2.1.2.2.2.2.2.2.2.2.2.2.2,138140.3845,47217.80149,44698.42465,93954.01748,224663.15,126995.1217,46856.19606,60393.36765,103646.1933,64875.5637,92806.44116,50506.52007,40488.02111,38517.51296,36406.2271,68591.2197,53726.05599,88357.5154
J9VNW6,CNAG_06633,Small subunit ribosomal protein S15 OS=Cryptococcus neoformans var. grubii serotype A (strain H99 / ATCC 208821 / CBS 10515 / FGSC 9487) GN=CNAG_06633 PE=3 SV=1,9,8.5.9.5.7.7.8.5.6.8.8.9.9.9.9.9.8.9.8.8.8.7,762700.8738,1461194.22,2728933.329,1209176.216,892957.5104,1722446.844,936318.4917,815184.3339,676772.1506,1884450.144,2217137.449,1566234.873,1109081.124,1285848.041,1104335.355,1119057.489,1044633.45,888560.8635
J9VNX0,CNAG_06638,Malic enzyme OS=Cryptococcus neoformans var. grubii serotype A (strain H99 / ATCC 208821 / CBS 10515 / FGSC 9487) GN=CNAG_06638 PE=3 SV=1,4,2.1.4.2.1.1.1.1.2.3.1.4.4.4.4.3.2.4.4.4.3.3,76158.89502,215714.5238,143468.2607,52290.54743,20407.0082,29783.90038,31636.71806,42553.25895,52500.93464,63455.56672,59758.86401,90446.89025,97388.0421,91322.03725,145234.859,119200.7631,124881.8323,89251.4018
J9VNY7,CNAG_05878,Uncharacterized protein OS=Cryptococcus neoformans var. grubii serotype A (strain H99 / ATCC 208821 / CBS 10515 / FGSC 9487) GN=CNAG_05878 PE=4 SV=1,5,2.2.5.2.2.2.2.2.2.4.2.5.5.5.5.5.5.5.3.5.5.2,447892.6994,109766.0768,134408.1636,257998.3748,186689.9997,177033.4058,348680.9079,441075.0761,353821.0241,172032.4274,197313.0778,342816.2946,241064.3664,306063.811,370606.58,227617.319,261646.3566,299280.1152
J9VNZ0,CNAG_06668,Mitochondrial protein OS=Cryptococcus neoformans var. grubii serotype A (strain H99 / ATCC 208821 / CBS 10515 / FGSC 9487) GN=CNAG_06668 PE=4 SV=1,1,-.-.1.-.-.-.-.-.-.1.1.1.1.1.1.1.1.1.1.1.1.1,2038.208693,8970.56649,22496.53288,3101.257555,4683.071674,4533.561975,6574.040748,6237.925568,1797.233833,21665.65389,18060.52938,27888.87193,43197.05688,19753.96495,35590.64948,23048.73738,13907.66914,22284.77096
J9VNZ3,CNAG_05070,"Sulfite reductase (NADPH) hemoprotein, beta-component OS=Cryptococcus neoformans var. grubii serotype A (strain H99 / ATCC 208821 / CBS 10515 / FGSC 9487) GN=CNAG_05070 PE=3 SV=2",13,4.4.12.4.2.2.6.3.3.8.5.8.8.8.12.10.8.9.7.9.8.4,1183605.286,1214271.098,581918.8796,1178744.216,743312.0543,546935.9165,1202165.298,1089835.616,975161.0038,379136.174,567350.1137,588870.5661,370788.1034,562374.677,459570.403,374787.1938,589301.9826,509866.5203
J9VNZ4,CNAG_06673,Uncharacterized protein OS=Cryptococcus neoformans var. grubii serotype A (strain H99 / ATCC 208821 / CBS 10515 / FGSC 9487) GN=CNAG_06673 PE=4 SV=1,2,1.-.-.1.1.1.-.1.-.1.1.2.2.1.2.2.1.2.2.2.-.2,24740.73956,9058.59274,1202.127237,65532.91572,21228.00744,48950.01162,8121.345227,24843.31894,11620.17856,13026.98044,12134.34762,56677.77748,90335.52778,108440.3859,69444.93557,139970.4831,202078.794,128926.5048
J9VP01,CNAG_05892,Phosphoglycerate mutase OS=Cryptococcus neoformans var. grubii serotype A (strain H99 / ATCC 208821 / CBS 10515 / FGSC 9487) GN=CNAG_05892 PE=4 SV=1,3,-.-.3.-.-.-.2.-.-.2.1.2.2.2.3.1.2.2.2.2.1.1,8186.151056,6170.659125,34571.94385,19479.5294,18509.13998,15368.21876,46436.2043,23607.50686,22699.18169,37868.48162,39517.83104,58507.87285,26753.339,46266.14236,66724.55741,13587.16791,23582.07633,29282.68429
J9VP03,CNAG_07177,NADH dehydrogenase (Ubiquinone) Fe-S protein 3 OS=Cryptococcus neoformans var. grubii serotype A (strain H99 / ATCC 208821 / CBS 10515 / FGSC 9487) GN=CNAG_07177 PE=3 SV=2,2,1.-.2.1.-.1.2.1.2.2.2.2.2.2.2.2.2.2.2.2.2.2,102351.6566,199947.782,124530.3086,36105.25355,50065.23251,38978.43462,35875.68965,58801.56666,54693.43026,142122.5235,97438.57271,166448.1214,148242.4528,145556.6804,179195.9036,262272.3755,87517.82677,143008.9104
J9VP08,CNAG_00976,"Carbamoyl-phosphate synthase, small subunit OS=Cryptococcus neoformans var. grubii serotype A (strain H99 / ATCC 208821 / CBS 10515 / FGSC 9487) GN=CNAG_00976 PE=3 SV=1",2,1.-.2.-.-.-.1.1.1.-.1.1.1.1.2.1.1.1.1.1.-.1,62865.41512,146372.427,48997.70779,11687.48395,8100.711722,12203.6419,50444.83509,26702.54674,30880.50159,22710.98734,23941.37247,23409.11079,26140.01081,31007.29627,34247.07948,42892.94978,18914.9976,26516.57872
J9VP09,CNAG_03900,"Capping protein (Actin filament) muscle Z-line, beta OS=Cryptococcus neoformans var. grubii serotype A (strain H99 / ATCC 208821 / CBS 10515 / FGSC 9487) GN=CNAG_03900 PE=4 SV=2",2,-.-.2.-.-.1.-.1.-.1.-.1.1.2.2.1.2.2.1.1.2.2,12109.2635,11252.29142,4850.034844,15435.0545,7657.824338,17447.56579,11120.10043,20936.17197,9876.366288,46129.92107,54908.56683,37890.14615,110485.8687,69936.65497,136288.6796,57405.00096,80095.41172,134469.141
J9VP17,CNAG_05907,Pyruvate carboxylase OS=Cryptococcus neoformans var. grubii serotype A (strain H99 / ATCC 208821 / CBS 10515 / FGSC 9487) GN=CNAG_05907 PE=4 SV=2,178,177.122.121.162.138.129.146.170.169.146.129.163.151.144.154.141.153.142.152.156.153.154,13957237880,864858212.7,389279680,6795428536,1926240229,1812568869,5271004913,8059415163,6074606143,948443086.2,1101604415,2527679127,771443982.3,895842640.2,609473708.8,1087620497,1612392679,1208696000
J9VP27,CNAG_03920,Isocitrate dehydrogenase [NADP] OS=Cryptococcus neoformans var. grubii serotype A (strain H99 / ATCC 208821 / CBS 10515 / FGSC 9487) GN=CNAG_03920 PE=3 SV=2,10,6.5.10.7.5.6.4.5.6.6.4.5.8.8.10.8.6.7.7.8.8.7,2125012.743,690729.1298,1059886.636,1094387.518,1121414.187,600410.9505,1023603.401,1165624.231,550457.8372,664275.8183,440015.6628,1054304.906,358430.2573,368685.5234,481842.0666,419471.3082,481300.3952,364211.6914
J9VP38,CNAG_03935,Endothelin-converting enzyme OS=Cryptococcus neoformans var. grubii serotype A (strain H99 / ATCC 208821 / CBS 10515 / FGSC 9487) GN=CNAG_03935 PE=4 SV=2,9,1.2.8.-.1.2.1.2.-.6.4.7.8.7.9.8.6.8.7.6.6.5,210097.0726,56093.80605,141381.8167,33003.47503,68228.21364,78925.44987,69016.10025,65961.24444,56300.52391,300205.2069,286926.0846,346809.7171,426138.1273,312446.9644,365057.1568,310776.3413,259288.8456,388457.209
J9VP42,CNAG_05933,Uncharacterized protein OS=Cryptococcus neoformans var. grubii serotype A (strain H99 / ATCC 208821 / CBS 10515 / FGSC 9487) GN=CNAG_05933 PE=3 SV=2,2,-.-.2.-.-.-.-.1.1.-.-.1.-.-.1.2.-.1.1.-.-.-,13028.27069,5045.69158,15279.05204,4888.716335,6434.855991,7418.632039,16111.55906,5540.377551,13674.5674,5679.289253,4763.100269,4169.503536,1226.920355,3698.308229,7029.920199,14142.72618,12127.48704,6467.885364
J9VP48,CNAG_05700,Endoplasmic reticulum protein OS=Cryptococcus neoformans var. grubii serotype A (strain H99 / ATCC 208821 / CBS 10515 / FGSC 9487) GN=CNAG_05700 PE=4 SV=1,1,1.1.1.1.1.1.1.1.1.1.1.1.1.1.1.1.-.1.1.1.1.-,31747.15901,26847.05788,21374.9133,63881.59542,78699.49266,41907.13501,55560.81407,39611.65697,48378.61447,25152.79498,24123.1308,17420.87098,39387.7604,31567.84306,22634.235,10686.12555,41498.04118,30952.39071
J9VP60,CNAG_05715,Charged multivesicular body protein 5 OS=Cryptococcus neoformans var. grubii serotype A (strain H99 / ATCC 208821 / CBS 10515 / FGSC 9487) GN=CNAG_05715 PE=3 SV=1,1,1.-.1.1.-.-.-.1.-.-.-.1.1.-.1.1.1.1.1.-.-.1,9712.544028,7319.80366,11633.77116,28099.06031,7596.568469,2487.609358,10794.39309,12194.44242,5846.847297,3247.730753,3114.985997,916.927766,30663.88859,44503.74998,44135.52861,30092.75355,54296.19831,36213.84334
J9VP67,CNAG_05725,"Ketol-acid reductoisomerase, mitochondrial OS=Cryptococcus neoformans var. grubii serotype A (strain H99 / ATCC 208821 / CBS 10515 / FGSC 9487) GN=CNAG_05725 PE=3 SV=1",11,11.2.11.7.4.7.8.3.5.8.7.10.11.11.11.11.9.11.11.11.11.10,674986.6566,1256836.45,1270242.312,337482.5031,309857.065,286806.9433,412946.0723,326123.7071,445187.5288,523444.3137,473128.5935,646014.6453,730540.4854,945432.2172,1019544.753,1352487.665,964725.6457,924063.8204
J9VP74,CNAG_00894,Uncharacterized protein OS=Cryptococcus neoformans var. grubii serotype A (strain H99 / ATCC 208821 / CBS 10515 / FGSC 9487) GN=CNAG_00894 PE=4 SV=1,2,2.1.2.1.1.1.1.1.1.1.1.2.1.1.1.2.1.1.2.1.1.1,560946.8637,1077498.742,465794.9397,1151819.979,1482406.653,1056424.36,417019.1318,795909.1541,892022.2494,734530.2514,538354.3332,517619.8433,488002.8421,344090.8553,355383.4801,682173.5903,217952.8754,305597.2281
J9VP81,CNAG_05976,Nucleolar protein 58 OS=Cryptococcus neoformans var. grubii serotype A (strain H99 / ATCC 208821 / CBS 10515 / FGSC 9487) GN=CNAG_05976 PE=4 SV=1,6,6.2.5.5.4.5.5.5.5.5.3.5.5.5.5.5.5.4.6.6.5.5,3961828.128,3816265.416,1351049.627,3680218.829,5737842.896,4488171.587,4037365.6,3357355.487,3100233.009,1858109.986,2012653.877,1536664.042,1541328.725,1377223.464,901778.2384,706107.1707,1548183.527,1079744.714
J9VP84,CNAG_05745,Cytoplasmic protein OS=Cryptococcus neoformans var. grubii serotype A (strain H99 / ATCC 208821 / CBS 10515 / FGSC 9487) GN=CNAG_05745 PE=4 SV=2,8,1.1.7.2.1.1.1.2.-.4.4.5.6.6.7.8.7.7.6.5.5.5,332291.6233,413522.5352,268943.0847,100493.2079,92583.11863,128670.5081,85532.1701,172759.5553,84794.35792,176632.615,188387.4376,170255.8951,386171.5266,321886.3134,241965.4245,301426.7859,263686.1821,493102.5899
J9VP88,CNAG_05750,ATP synthase subunit alpha OS=Cryptococcus neoformans var. grubii serotype A (strain H99 / ATCC 208821 / CBS 10515 / FGSC 9487) GN=CNAG_05750 PE=3 SV=1,46,36.33.45.34.31.36.36.27.34.38.41.39.44.39.46.42.35.40.41.39.38.38,17208503.94,19508469.44,52384903.82,13276011.92,13131819.06,25343431.07,16073855.84,10570478.72,13713703.42,16670821.48,19483981.39,17218930.11,18401163.44,19226374.83,21248799.44,20666148.94,11331557.96,15301499.94
J9VP95,CNAG_00873,Uncharacterized protein OS=Cryptococcus neoformans var. grubii serotype A (strain H99 / ATCC 208821 / CBS 10515 / FGSC 9487) GN=CNAG_00873 PE=4 SV=2,1,-.-.-.-.-.-.-.-.-.-.-.-.-.-.1.-.1.1.1.1.-.-,8578.639654,8018.102554,809.4906277,1944.808685,3595.904447,2790.109909,1853.59186,13396.00417,3121.819011,2963.560576,3963.468024,4076.260029,3208.502477,551.387957,5518.18813,15712.68822,26426.30892,20707.13136
J9VP96,CNAG_04010,GTP cyclohydrolase I OS=Cryptococcus neoformans var. grubii serotype A (strain H99 / ATCC 208821 / CBS 10515 / FGSC 9487) GN=CNAG_04010 PE=3 SV=1,3,2.-.3.2.-.1.-.1.-.-.1.2.2.3.3.3.2.3.3.3.3.1,73076.4746,129523.8247,154093.8553,71066.37498,21398.43976,67621.37072,19206.80964,44592.05773,22505.55834,16068.01886,14191.94262,43449.01532,80826.19976,64475.64116,92351.15326,135677.6496,81240.52966,86312.88664
J9VP99,CNAG_05134,Ornithine-oxo-acid transaminase OS=Cryptococcus neoformans var. grubii serotype A (strain H99 / ATCC 208821 / CBS 10515 / FGSC 9487) GN=CNAG_05134 PE=3 SV=1,4,1.2.4.-.-.1.-.1.-.3.1.4.4.4.4.4.2.4.2.2.4.4,117019.7541,45921.07481,86697.43039,18535.65637,21359.66333,36722.92895,22599.34345,40318.60663,13467.2156,124099.5399,113936.0791,113104.76,251771.6615,124334.969,244054.181,268734.0975,197352.8165,141181.1452
J9VPA5,CNAG_04021,Large subunit ribosomal protein L24 OS=Cryptococcus neoformans var. grubii serotype A (strain H99 / ATCC 208821 / CBS 10515 / FGSC 9487) GN=CNAG_04021 PE=4 SV=1,16,11.10.16.10.8.10.10.10.10.14.12.13.14.14.15.15.10.13.15.13.15.10,4238118.429,2575451.681,8441401.309,2403709.159,2086319.776,3801768.216,2985322.57,2660810.555,2294534.443,2266805.772,2438698.641,2683115.518,2462691.931,2471950.355,2943482.903,1813860.972,1597355.769,1927786.38
J9VPA7,CNAG_05144,Carbonic anhydrase OS=Cryptococcus neoformans var. grubii serotype A (strain H99 / ATCC 208821 / CBS 10515 / FGSC 9487) GN=CNAG_05144 PE=3 SV=1,1,-.-.-.-.-.1.-.-.-.-.-.-.1.1.1.1.1.1.-.-.-.-,1441.464814,2678.475106,2601.455896,9063.714324,12864.59935,20434.80484,8272.353614,3142.521152,4148.59538,2010.285104,2121.3639,1998.02131,14044.40742,26716.65971,41505.85629,236564.8135,57965.10319,39389.3533
J9VPA9,CNAG_05768,Uncharacterized protein OS=Cryptococcus neoformans var. grubii serotype A (strain H99 / ATCC 208821 / CBS 10515 / FGSC 9487) GN=CNAG_05768 PE=4 SV=1,3,1.-.3.-.-.1.-.1.1.2.2.3.3.3.3.3.2.3.3.2.2.2,37007.77554,259277.353,149767.9349,12471.23885,12053.02558,47483.72939,91375.26078,106446.4668,80141.4083,149582.429,124147.4617,130511.0686,261152.5538,227416.7415,206604.4558,274578.7609,205845.8727,363322.4555
J9VPD3,CNAG_04050,Small nuclear ribonucleoprotein D3 OS=Cryptococcus neoformans var. grubii serotype A (strain H99 / ATCC 208821 / CBS 10515 / FGSC 9487) GN=CNAG_04050 PE=4 SV=1,2,1.1.2.1.-.2.1.1.1.2.2.2.2.2.2.2.2.2.2.2.2.2,98419.48233,1217355.131,571648.71,255852.6944,512627.0372,954728.4251,303486.3944,253480.0727,953206.7341,955162.3922,343061.5209,178149.6683,444330.5239,218940.5034,199690.5319,329283.7456,653660.6361,502238.8955
J9VPD5,CNAG_02542,Fructosamine kinase OS=Cryptococcus neoformans var. grubii serotype A (strain H99 / ATCC 208821 / CBS 10515 / FGSC 9487) GN=CNAG_02542 PE=4 SV=1,2,-.-.2.-.-.-.1.-.1.1.1.1.2.2.2.2.2.2.2.2.1.1,12283.10257,2887.065258,6234.840214,6866.403777,8290.24629,8043.302392,45796.02349,75479.34423,65042.96802,39404.54926,29368.17415,56616.48216,51026.17971,47899.70153,99247.13593,57363.10959,57459.38875,77716.3446
J9VPD7,CDA1 CNAG_05799,Chitin deacetylase OS=Cryptococcus neoformans var. grubii serotype A (strain H99 / ATCC 208821 / CBS 10515 / FGSC 9487) GN=CNAG_05799 PE=4 SV=1,4,-.-.3.1.-.-.2.1.1.3.3.4.3.3.4.4.3.4.4.3.3.4,22414.84647,16366.09398,4806.506333,60808.42691,23034.53349,14602.98074,52163.69063,66451.37598,80654.48001,559229.8646,523626.2956,639204.6322,496854.84,256243.7452,354855.5403,977665.7134,843938.4737,932607.4984
J9VPD8,QCR2 CNAG_05179,Ubiquinol-cytochrome c reductase core subunit 2 OS=Cryptococcus neoformans var. grubii serotype A (strain H99 / ATCC 208821 / CBS 10515 / FGSC 9487) GN=CNAG_05179 PE=4 SV=1,16,6.-.15.8.1.2.6.5.3.11.8.12.13.15.16.15.13.14.13.13.11.11,413297.8697,691352.6722,739754.8842,344429.4662,177566.4741,127091.6374,354616.9957,335602.5009,280317.4931,687209.0229,666551.7579,959382.8693,1324375.223,1155702.582,1833935.893,1726062.067,1024664.288,1412145.257
J9VPE0,CNAG_03127,Small subunit ribosomal protein S23 OS=Cryptococcus neoformans var. grubii serotype A (strain H99 / ATCC 208821 / CBS 10515 / FGSC 9487) GN=CNAG_03127 PE=3 SV=1,7,7.6.7.5.5.7.5.6.5.7.7.7.7.7.7.4.7.7.7.7.7.5,2867786.017,2152978.392,3400716.374,2001412.593,2465822.684,1744186.285,1586015.202,2021095.303,2689383.853,1406180.251,1166258.637,1597935.727,1309495.678,1486670.169,1162524.188,708437.0958,1426618.338,1084749.589
J9VPE5,CNAG_05189,Uncharacterized protein OS=Cryptococcus neoformans var. grubii serotype A (strain H99 / ATCC 208821 / CBS 10515 / FGSC 9487) GN=CNAG_05189 PE=4 SV=1,2,-.-.-.1.-.-.2.1.-.-.-.-.-.-.1.-.-.-.2.-.-.-,6057.977957,7844.036496,1942.563885,98621.80343,14367.21164,16085.88167,85555.83613,31659.7725,27754.64142,3665.510883,2320.412832,4082.159923,1703.895827,3105.847572,10735.02258,2290.8555,6860.503303,2358.740146
J9VPF2,CNAG_05814,Small subunit ribosomal protein S10e OS=Cryptococcus neoformans var. grubii serotype A (strain H99 / ATCC 208821 / CBS 10515 / FGSC 9487) GN=CNAG_05814 PE=4 SV=1,11,7.5.10.4.6.6.9.5.5.8.7.10.8.10.10.7.8.8.9.8.5.5,3918819.352,2503383.261,5885598.185,4249028.518,4580987.97,2576856.37,3239994.318,3331504.486,3321456.369,2408954.658,2674298.268,2346789.295,2445287.399,2407211.629,2277813.402,2126453.774,1370842.686,1536628.007
J9VPF5,CNAG_05199,Chaperone DnaK OS=Cryptococcus neoformans var. grubii serotype A (strain H99 / ATCC 208821 / CBS 10515 / FGSC 9487) GN=CNAG_05199 PE=3 SV=1,33,18.13.33.13.12.13.18.13.14.24.22.25.25.26.32.30.26.26.24.26.22.23,5658553.486,5648832.403,10951248.06,4035444.539,4601463.948,4986417.578,4805295.856,3471250.642,4768115.764,7943527.425,7041530.733,5891982.049,6183798.769,6264871.975,7463795.389,8223416.491,3987891.245,6527844.318
J9VPG3,CNAG_05219,Uncharacterized protein OS=Cryptococcus neoformans var. grubii serotype A (strain H99 / ATCC 208821 / CBS 10515 / FGSC 9487) GN=CNAG_05219 PE=4 SV=2,2,2.1.2.-.1.1.1.1.2.2.1.2.1.2.2.2.1.1.2.2.2.2,109356.4709,145122.9104,90142.72799,134478.2536,138882.0543,292276.525,54240.4381,124739.1225,104550.3493,107825.5468,109782.4029,96855.88402,126974.7462,84634.1266,68091.96819,23487.29322,28570.62642,28692.98103
J9VPG5,CNAG_03146,Alpha-amylase OS=Cryptococcus neoformans var. grubii serotype A (strain H99 / ATCC 208821 / CBS 10515 / FGSC 9487) GN=CNAG_03146 PE=4 SV=2,8,3.1.7.-.-.1.1.1.1.6.2.6.5.6.7.7.4.7.5.6.7.4,177539.8964,157637.5462,515879.0477,49136.07862,64122.93746,69321.2653,143721.1385,65348.34263,125448.2388,359533.5122,303612.701,372348.4959,350420.8327,484635.1057,471682.8819,395931.1475,331323.6335,301095.6283
J9VPI0,CNAG_02501,Uncharacterized protein OS=Cryptococcus neoformans var. grubii serotype A (strain H99 / ATCC 208821 / CBS 10515 / FGSC 9487) GN=CNAG_02501 PE=4 SV=2,3,1.-.3.-.1.1.-.1.2.1.2.1.2.2.3.2.-.2.1.1.1.-,74325.13044,74542.06872,49029.0978,125835.7988,141574.8541,91061.04823,116492.3454,82261.20416,134475.0126,30137.43398,55090.04315,37747.4466,63457.08409,56404.01248,55829.12671,91148.49526,229892.8998,145265.899
J9VPI4,CNAG_07676,ATP-dependent RNA helicase DBP2-A OS=Cryptococcus neoformans var. grubii serotype A (strain H99 / ATCC 208821 / CBS 10515 / FGSC 9487) GN=CNAG_07676 PE=3 SV=2,2,-.-.2.1.-.-.-.-.-.-.-.-.1.2.2.1.-.2.-.-.-.1,4733.597194,7951.329433,3075.165972,36961.69408,8483.054792,6835.802644,4303.678228,10911.12466,7785.003394,6587.392709,6215.189851,4364.846908,69664.64973,86909.00155,64022.90624,56703.79124,77596.59956,43419.58987
J9VPI7,CNAG_05252,Chaperone regulator OS=Cryptococcus neoformans var. grubii serotype A (strain H99 / ATCC 208821 / CBS 10515 / FGSC 9487) GN=CNAG_05252 PE=4 SV=1,2,-.1.-.-.1.-.-.1.-.1.-.1.1.1.2.2.-.1.1.1.1.1,7784.440958,40116.76795,1656.684299,4099.881268,28227.20885,10462.05195,10851.04576,29040.84253,8919.317445,21361.00922,19288.6321,17861.83147,27953.35141,26861.42782,33647.77108,35402.22903,77512.8521,26801.50115
J9VPK3,CNAG_03064,Nucleolar protein 16 OS=Cryptococcus neoformans var. grubii serotype A (strain H99 / ATCC 208821 / CBS 10515 / FGSC 9487) GN=CNAG_03064 PE=4 SV=1,4,2.3.3.2.3.3.1.1.2.3.3.2.3.2.2.2.2.3.2.2.3.2,1415776.815,3639685.986,1096389.739,942245.0725,4156480.873,3293599.124,807428.6221,1196419.929,982712.5738,1442208.605,1959493.31,638523.3553,884667.0594,1291020.013,315539.889,165928.0291,533432.5487,822045.7502
J9VPL1,CNAG_03055,Bud site selection protein 20 OS=Cryptococcus neoformans var. grubii serotype A (strain H99 / ATCC 208821 / CBS 10515 / FGSC 9487) GN=CNAG_03055 PE=4 SV=1,2,1.-.2.1.2.2.-.-.1.1.2.-.2.2.2.2.2.2.1.1.1.1,17507.34729,10902.75311,11333.61875,63907.80607,75942.52037,62919.77499,9661.042803,12721.80862,8502.226847,8908.883206,43214.45652,6420.980657,14874.57189,29696.09676,13559.30696,12134.55046,24755.67621,23748.27291
J9VPL3,CNAG_05285,Uncharacterized protein OS=Cryptococcus neoformans var. grubii serotype A (strain H99 / ATCC 208821 / CBS 10515 / FGSC 9487) GN=CNAG_05285 PE=4 SV=1,1,1.1.-.1.1.1.1.1.1.1.1.1.1.1.1.1.1.1.1.1.1.1,2497523.608,291869.8415,724848.6621,2365249.492,319589.8118,222644.5783,958489.4485,2534709.883,1536874.816,572999.671,452631.2434,875545.9866,582890.3943,472612.9421,403694.3334,99665.29164,296916.4856,227817.1649
J9VPM3,CNAG_03165,Uncharacterized protein OS=Cryptococcus neoformans var. grubii serotype A (strain H99 / ATCC 208821 / CBS 10515 / FGSC 9487) GN=CNAG_03165 PE=4 SV=1,2,1.2.1.1.1.1.1.-.1.2.1.1.2.2.2.2.2.2.1.1.1.1,45678.46399,225754.0184,68407.14958,91693.64397,187763.2379,164352.7872,136570.1777,173673.8355,114214.7687,63668.2125,71229.50421,78338.04888,49635.96118,81046.65359,59457.69203,79341.33378,109340.6146,74822.41786
J9VPM5,CNAG_03039,DNA damage-inducible protein 1 OS=Cryptococcus neoformans var. grubii serotype A (strain H99 / ATCC 208821 / CBS 10515 / FGSC 9487) GN=CNAG_03039 PE=4 SV=1,2,-.-.1.-.-.-.-.-.-.-.-.1.-.-.2.2.1.2.-.1.1.1,12354.10603,8053.680986,29473.46563,15064.73178,7755.307628,5488.215105,15861.36851,10556.75981,5048.035321,2989.828394,4702.968658,13531.25334,3155.349416,3691.175463,12514.03712,69564.70882,60558.00098,50887.83173
J9VPP1,CNAG_03017,Transcription initiation factor TFIIF subunit alpha OS=Cryptococcus neoformans var. grubii serotype A (strain H99 / ATCC 208821 / CBS 10515 / FGSC 9487) GN=CNAG_03017 PE=4 SV=1,3,-.1.3.-.1.-.-.-.-.2.-.1.1.2.3.3.1.1.1.1.1.1,27792.61136,27028.33262,22358.20418,15639.94897,19748.86573,14611.36454,17367.06332,27918.35126,15560.79365,17811.88163,14275.71233,10439.10505,9902.295381,9454.942618,16597.63381,28425.6349,7348.744257,9954.383795
J9VPP7,CNAG_05918,ATP synthase subunit beta OS=Cryptococcus neoformans var. grubii serotype A (strain H99 / ATCC 208821 / CBS 10515 / FGSC 9487) GN=CNAG_05918 PE=3 SV=1,34,25.20.34.23.23.24.27.19.21.32.30.31.33.31.33.30.29.29.30.30.30.29,8442218.377,9500918.753,34996856.61,7707682.246,7012766.227,11040159.53,9392656.322,4435604.336,7944489.926,11401312.81,10392197.93,14297888.59,10367077.22,12207414.82,15221966.32,13617273.16,8484134.01,11266622.45
J9VPP8,CNAG_03007,Uncharacterized protein OS=Cryptococcus neoformans var. grubii serotype A (strain H99 / ATCC 208821 / CBS 10515 / FGSC 9487) GN=CNAG_03007 PE=4 SV=1,3,1.1.3.1.2.1.1.2.-.3.1.3.3.3.3.3.3.3.3.3.3.2,88079.6473,39031.23003,212967.3293,242349.7724,115400.0696,115072.76,41343.82995,119147.7661,47859.26138,475055.5166,530864.1072,773313.0695,241652.0111,225477.0121,322813.4791,150087.631,299538.4208,179215.3782
J9VPP9,CNAG_02458,GTPase activating protein OS=Cryptococcus neoformans var. grubii serotype A (strain H99 / ATCC 208821 / CBS 10515 / FGSC 9487) GN=CNAG_02458 PE=4 SV=2,3,-.-.2.1.-.-.1.1.-.-.-.-.2.1.3.2.1.2.1.1.1.1,9198.802884,17467.65125,23328.99311,114963.6304,27898.16124,26449.03378,43020.35397,46562.21399,46689.27163,3745.783203,10033.1573,12024.02222,16852.38764,20001.74948,20597.1051,59675.7161,31719.48435,28294.13713
J9VPR3,CNAG_02992,Actin cross-linking protein OS=Cryptococcus neoformans var. grubii serotype A (strain H99 / ATCC 208821 / CBS 10515 / FGSC 9487) GN=CNAG_02992 PE=4 SV=1,1,-.-.1.-.-.-.-.-.-.1.-.1.-.1.-.1.1.1.1.1.-.1,3380.958396,2899.215975,2364.84963,5633.794308,12814.02295,3311.976814,2602.023796,2850.402981,6654.915306,3937.67029,2882.751896,2654.803142,1958.08017,4603.178446,304.5749243,16614.12477,4214.890798,7028.903273
J9VPR5,CNAG_05939,Uncharacterized protein OS=Cryptococcus neoformans var. grubii serotype A (strain H99 / ATCC 208821 / CBS 10515 / FGSC 9487) GN=CNAG_05939 PE=4 SV=1,2,-.-.-.-.-.-.-.-.-.2.-.2.2.1.2.-.1.1.1.1.1.-,9366.153002,6140.61325,2156.382086,4150.091157,17786.77647,8234.167131,10218.6519,9440.203119,15373.30166,11151.59579,16811.34686,21547.77775,10340.01106,9802.919563,7707.684488,4076.852958,11259.44588,5399.459026
J9VPT7,CNAG_06847,Small subunit ribosomal protein S28 OS=Cryptococcus neoformans var. grubii serotype A (strain H99 / ATCC 208821 / CBS 10515 / FGSC 9487) GN=CNAG_06847 PE=3 SV=1,9,8.2.9.3.4.3.4.2.4.7.6.9.7.9.9.6.8.5.9.9.8.4,570384.1134,1067931.546,2335300.159,269055.9108,278423.669,518057.3778,374938.9142,145719.6506,255321.3433,911486.0588,663998.2008,745129.7179,562756.5305,826506.361,771587.9515,735703.9029,406977.053,604196.156
J9VPU1,CNAG_03251,ADP-ribosylation factor OS=Cryptococcus neoformans var. grubii serotype A (strain H99 / ATCC 208821 / CBS 10515 / FGSC 9487) GN=CNAG_03251 PE=3 SV=1,4,2.2.4.3.3.3.3.2.2.3.3.4.4.4.4.4.3.4.4.3.4.4,361285.9,368508.1228,698676.8204,441387.3797,1916271.391,347583.9058,354385.9891,385097.9717,361130.3618,732797.4457,509679.9961,779666.7025,1069985.178,802375.1891,1041501.065,1358056.969,777050.2689,1069311.469
J9VPU9,CNAG_02418,Asparagine-tRNA ligase OS=Cryptococcus neoformans var. grubii serotype A (strain H99 / ATCC 208821 / CBS 10515 / FGSC 9487) GN=CNAG_02418 PE=4 SV=1,11,6.3.8.7.3.3.2.3.2.6.3.9.9.10.9.9.10.8.7.9.8.8,625837.516,1055240.092,548738.901,825633.9144,954102.1548,706626.6374,297279.5267,323129.4635,351072.2137,587854.8115,713227.0396,534293.6202,569016.2545,463895.3308,485826.6916,679969.5053,723066.5055,604660.1426
J9VPV1,CNAG_03266,"Malate dehydrogenase, NAD-dependent OS=Cryptococcus neoformans var. grubii serotype A (strain H99 / ATCC 208821 / CBS 10515 / FGSC 9487) GN=CNAG_03266 PE=3 SV=2",8,4.3.8.6.5.4.5.2.5.6.5.7.7.7.8.7.6.7.6.6.5.7,537347.7118,663759.6576,931401.2716,515823.9386,330920.8517,356419.1295,543474.0019,383467.3435,476151.9908,571189.0078,516837.9665,768427.5883,702636.7544,658428.1489,876424.5669,1113534.267,487249.4252,687172.2481
J9VPV9,CNAG_05977,Proteasome activator subunit 4 OS=Cryptococcus neoformans var. grubii serotype A (strain H99 / ATCC 208821 / CBS 10515 / FGSC 9487) GN=CNAG_05977 PE=4 SV=2,3,1.-.2.1.-.-.-.-.1.3.-.1.2.2.3.3.1.1.1.2.-.2,15968.91052,9830.420668,17294.00557,22656.2048,24237.81517,9418.267822,9894.781157,20272.55781,11379.37941,10839.62516,16114.50314,7239.031758,9243.018185,20011.70311,8537.923902,20245.84624,15774.9933,26343.50271
J9VPW1,CNAG_02947,SCYL protein kinase OS=Cryptococcus neoformans var. grubii serotype A (strain H99 / ATCC 208821 / CBS 10515 / FGSC 9487) GN=CNAG_02947 PE=4 SV=2,2,1.1.2.1.2.1.1.2.2.2.1.1.2.1.2.1.2.2.2.1.1.1,115067.4548,520679.8553,291350.3881,534671.5059,1085513.683,789484.8972,742034.7834,637976.8553,885424.9176,532432.7746,617840.4678,165504.8607,401073.3728,525715.2355,165830.8205,329361.4066,863018.9571,348499.1066
J9VPW9,CNAG_03287,Golgi SNAP receptor complex member 1 OS=Cryptococcus neoformans var. grubii serotype A (strain H99 / ATCC 208821 / CBS 10515 / FGSC 9487) GN=CNAG_03287 PE=3 SV=1,1,-.-.-.-.-.-.-.-.-.-.-.-.-.-.1.-.-.-.-.-.1.-,1492.749193,8315.242615,642.054055,6970.533732,9636.557881,4375.70147,4168.876406,4233.368631,8029.36733,800.9383315,5081.678338,3607.10383,616.1556079,827.3444079,515.7835889,373.538472,2991.865953,520.8879181
J9VPY2,CNAG_02927,Protein disulfide-isomerase OS=Cryptococcus neoformans var. grubii serotype A (strain H99 / ATCC 208821 / CBS 10515 / FGSC 9487) GN=CNAG_02927 PE=4 SV=1,4,-.1.3.-.1.-.1.1.1.3.2.2.2.3.3.3.3.4.3.2.2.2,40532.31649,26282.98881,77016.26432,13932.66225,32294.66744,21175.91457,23061.37365,52714.63354,47726.83951,77234.04448,37355.14442,79800.52301,80987.35739,70508.38842,82727.06698,183239.3557,99373.72619,128117.1006
J9VPY7,CNAG_07408,STE/STE20/PAKA protein kinase OS=Cryptococcus neoformans var. grubii serotype A (strain H99 / ATCC 208821 / CBS 10515 / FGSC 9487) GN=CNAG_07408 PE=4 SV=2,1,-.-.-.-.-.-.-.-.-.-.-.-.-.-.1.1.-.-.1.-.-.-,2338.286677,1685.027825,1461.884462,6128.163444,13821.89661,4209.29013,3165.672613,2083.638422,6631.145609,1782.003926,3314.960146,968.1540111,1577.067295,766.6279037,7061.192944,9715.719593,2245.617906,593.7151215
J9VPZ2,CNAG_03311,Hydroxymethylglutaryl-CoA synthase OS=Cryptococcus neoformans var. grubii serotype A (strain H99 / ATCC 208821 / CBS 10515 / FGSC 9487) GN=CNAG_03311 PE=3 SV=1,12,4.3.11.7.5.7.6.2.4.7.5.3.9.7.10.10.7.8.9.6.7.10,205356.6501,151572.6739,503330.4305,393428.5353,429289.9508,405539.6827,284315.7577,185586.7217,257943.783,208001.4454,299962.7791,162182.7755,225525.7734,320813.5494,299649.3141,275959.3352,211923.5267,169160.8301
J9VPZ5,CNAG_02917,Uncharacterized protein OS=Cryptococcus neoformans var. grubii serotype A (strain H99 / ATCC 208821 / CBS 10515 / FGSC 9487) GN=CNAG_02917 PE=3 SV=1,1,-.-.1.-.-.-.-.-.-.1.-.1.1.1.1.1.1.1.1.1.1.-,10667.80375,5724.666758,2849.689663,1920.450044,5077.310441,2041.764052,2542.6437,6209.376645,2332.475909,21824.79715,51172.79835,31550.19139,22172.89894,23304.65384,36117.41822,39749.71101,10134.37152,36637.74837
J9VPZ6,CNAG_03109,Ubiquitin carboxyl-terminal hydrolase 14 OS=Cryptococcus neoformans var. grubii serotype A (strain H99 / ATCC 208821 / CBS 10515 / FGSC 9487) GN=CNAG_03109 PE=3 SV=1,2,-.1.1.-.-.1.1.1.-.1.1.2.1.2.2.2.1.1.1.2.1.1,11777.96023,19049.90147,14992.42044,10109.30062,5356.983924,19161.7254,27897.88787,55414.4039,53957.70836,22461.11841,18097.48395,37401.8622,30119.74974,21286.69114,35568.15714,37579.80574,16667.45422,23826.9232
J9VPZ7,CNAG_03316,Rho GDP-dissociation inhibitor OS=Cryptococcus neoformans var. grubii serotype A (strain H99 / ATCC 208821 / CBS 10515 / FGSC 9487) GN=CNAG_03316 PE=4 SV=1,5,-.2.5.1.2.-.1.2.1.2.2.4.5.4.5.4.4.5.2.2.2.3,118044.5697,90469.84263,100794.841,46831.49759,66724.10424,44945.09814,224146.5823,55869.85358,131002.9993,41908.12695,56904.18964,56502.50333,166457.876,146141.1352,251623.5818,290947.4272,166262.9331,179156.8803
J9VPZ8,CNAG_01455,Large subunit ribosomal protein L39 OS=Cryptococcus neoformans var. grubii serotype A (strain H99 / ATCC 208821 / CBS 10515 / FGSC 9487) GN=CNAG_01455 PE=3 SV=2,7,6.7.6.7.7.6.6.6.6.6.7.6.7.7.7.6.7.6.7.7.6.6,909540645.6,1315933654,416847844.8,1285601622,1810153188,1280274729,1042787093,1126915549,1052567357,525383132,769741508.5,461033808,550024248.7,629204291.3,288570742.6,261692111.8,658411190.9,454213412.4
J9VQ02,CNAG_03114,Uncharacterized protein OS=Cryptococcus neoformans var. grubii serotype A (strain H99 / ATCC 208821 / CBS 10515 / FGSC 9487) GN=CNAG_03114 PE=4 SV=2,3,-.1.2.-.1.1.1.1.-.2.2.2.3.-.3.2.-.-.1.1.1.-,57154.87014,28396.91002,50676.71764,37740.5413,31108.40332,33394.8591,27835.68528,17441.53956,11302.08146,329003.8892,205197.1278,287269.7986,229132.4367,448222.9033,208351.8348,5960.561547,10122.7407,3504.306551
J9VQ03,NOG2 CNAG_07413,Nucleolar GTP-binding protein 2 OS=Cryptococcus neoformans var. grubii serotype A (strain H99 / ATCC 208821 / CBS 10515 / FGSC 9487) GN=NOG2 PE=3 SV=2,2,2.2.2.2.2.2.2.2.2.1.2.1.2.2.1.1.1.1.2.2.2.2,482271.5224,1033307.979,337836.1623,594359.5336,1947541.508,1462530.607,1088479.297,983718.5753,749432.0371,218116.0384,365566.4567,123010.2372,228332.6433,172461.9624,68267.23051,60197.82634,96124.55595,144672.0519
J9VQ10,LSM4 CNAG_02901,U6 snRNA-associated Sm-like protein LSm4 OS=Cryptococcus neoformans var. grubii serotype A (strain H99 / ATCC 208821 / CBS 10515 / FGSC 9487) GN=CNAG_02901 PE=4 SV=2,1,-.-.-.-.-.-.-.-.-.1.-.-.1.1.1.1.-.1.-.-.1.-,8968.799972,2426.355032,801.3920708,1754.907814,4507.994614,5672.62313,4888.563715,11563.26474,3050.337614,30081.76394,1120.267811,1012.826916,18613.3735,11485.49987,23137.63156,61712.22502,63064.20597,21507.06212
J9VQ15,CNAG_02896,Hydroxymethylglutaryl-CoA synthase OS=Cryptococcus neoformans var. grubii serotype A (strain H99 / ATCC 208821 / CBS 10515 / FGSC 9487) GN=CNAG_02896 PE=3 SV=2,4,3.3.4.4.1.4.3.2.2.4.1.3.4.3.4.3.4.3.4.3.3.4,342536.6888,291048.5231,303644.7573,162818.2707,190535.3927,263663.2712,142836.4721,189835.5737,166257.4289,102880.5603,129325.2334,97563.65013,92057.21089,128517.5044,107836.5825,86047.63646,106147.2916,95376.25848
J9VQ16,CNAG_03337,Uncharacterized protein OS=Cryptococcus neoformans var. grubii serotype A (strain H99 / ATCC 208821 / CBS 10515 / FGSC 9487) GN=CNAG_03337 PE=4 SV=1,1,-.-.1.-.-.-.-.1.-.1.-.1.-.1.1.1.1.1.1.1.1.1,5961.845091,2326.7672,825.6709764,9819.869525,8015.623436,8686.710782,5319.485498,39478.11895,7459.007872,11313.00582,25810.80312,23613.75822,19816.83395,18287.1811,32966.19969,57212.61047,10288.7253,20287.81965
J9VQ17,CNAG_02338,Cellular nucleic acid-binding protein OS=Cryptococcus neoformans var. grubii serotype A (strain H99 / ATCC 208821 / CBS 10515 / FGSC 9487) GN=CNAG_02338 PE=4 SV=1,1,-.1.1.-.1.1.-.-.-.1.1.1.1.1.1.1.1.1.1.1.1.1,275559.5317,55683.8131,227629.7919,152153.5748,79664.37363,112943.8398,5913.935044,4215.313259,5226.580211,71403.69001,55865.58272,105205.4214,42403.17424,61662.40256,95550.64893,61465.08141,43090.86603,38168.03919
J9VQ22,CNAG_02891,Endoplasmic reticulum protein OS=Cryptococcus neoformans var. grubii serotype A (strain H99 / ATCC 208821 / CBS 10515 / FGSC 9487) GN=CNAG_02891 PE=4 SV=1,1,-.-.1.-.-.-.1.-.-.1.-.1.1.1.1.1.1.1.1.-.1.1,6485.561412,2026.950507,29979.99348,2286.029981,4603.285529,2418.492321,18574.68555,12423.5477,2926.961827,19051.11315,17828.69745,14685.39232,8293.648865,23471.03694,25706.76552,8036.826697,32374.07477,17099.58397
J9VQ24,CNAG_01428,Eukaryotic translation initiation factor 5A OS=Cryptococcus neoformans var. grubii serotype A (strain H99 / ATCC 208821 / CBS 10515 / FGSC 9487) GN=CNAG_01428 PE=3 SV=1,10,7.4.10.8.7.9.9.8.7.9.9.9.9.8.9.10.9.9.9.8.9.9,3233016.347,3585780.858,3693801.426,3346223.476,4174029.95,7277623.726,2977644.286,2603137.518,2436175.07,2006129.577,2105790.676,2275333.794,2231786.553,2396365.942,2252004.213,3027635.099,2170657.758,2736380.912
J9VQ34,CNAG_03142,Uncharacterized protein OS=Cryptococcus neoformans var. grubii serotype A (strain H99 / ATCC 208821 / CBS 10515 / FGSC 9487) GN=CNAG_03142 PE=4 SV=1,10,4.1.6.2.2.3.4.3.3.8.7.7.10.9.10.7.8.10.7.7.7.8,128020.8309,245363.9993,150421.574,100814.3829,81901.33297,128571.7626,90550.60373,122039.3112,150819.7051,455966.5597,387234.4952,387817.7013,819075.5596,817289.615,471971.2364,215874.8402,558440.3713,1411429.812
J9VQ35,CNAG_02316,Uncharacterized protein OS=Cryptococcus neoformans var. grubii serotype A (strain H99 / ATCC 208821 / CBS 10515 / FGSC 9487) GN=CNAG_02316 PE=4 SV=2,2,-.-.1.-.-.-.1.-.-.-.-.1.1.-.2.1.1.1.-.1.1.-,15135.09834,9518.003975,8721.54902,9495.677444,9241.189699,8293.854258,41245.86737,9157.023801,14860.37033,5936.556161,1954.531016,31426.67877,8725.630395,11079.36911,4748.411366,9386.88348,6941.68986,5777.530646
J9VQ46,CNAG_02301,Lupus La protein OS=Cryptococcus neoformans var. grubii serotype A (strain H99 / ATCC 208821 / CBS 10515 / FGSC 9487) GN=CNAG_02301 PE=4 SV=1,7,6.3.7.4.2.5.2.5.4.4.4.7.5.5.7.6.4.5.6.4.6.4,269979.2821,540652.5862,320114.1834,379774.6685,448892.5794,332928.8758,215410.1315,298583.3756,188651.7912,374134.0793,378692.0774,238706.4435,355830.0416,302505.9449,318212.8188,335883.1467,313305.2048,268917.6613
J9VQ47,CNAG_03372,Vacuolar protein-sorting protein BRO1 OS=Cryptococcus neoformans var. grubii serotype A (strain H99 / ATCC 208821 / CBS 10515 / FGSC 9487) GN=CNAG_03372 PE=4 SV=1,1,-.-.1.-.-.-.-.-.-.-.-.1.1.1.1.1.1.1.1.1.-.-,2339.889467,6340.440955,13746.57077,7675.683368,2675.56145,6401.658844,3144.719799,7573.407927,4998.721696,1412.635941,3872.994092,10566.65382,47203.5599,29447.16343,15973.54119,28664.0022,23284.38108,49928.57791
J9VQ49,CNAG_01403,Eclair-PA OS=Cryptococcus neoformans var. grubii serotype A (strain H99 / ATCC 208821 / CBS 10515 / FGSC 9487) GN=CNAG_01403 PE=3 SV=1,3,1.-.3.-.1.1.-.-.1.1.1.2.2.1.3.2.2.2.2.1.1.2,23617.18088,19454.89223,24681.07401,67887.04409,67163.6638,49892.14804,19277.47003,22142.02939,43883.82797,16571.5836,19111.98195,20436.55397,22941.80024,21163.24429,22448.4884,48660.93775,26511.10635,38996.95122
J9VQ63,CNAG_03390,AAA family ATPase OS=Cryptococcus neoformans var. grubii serotype A (strain H99 / ATCC 208821 / CBS 10515 / FGSC 9487) GN=CNAG_03390 PE=4 SV=1,1,1.1.1.1.1.1.1.1.1.1.1.1.1.1.1.1.1.1.1.1.1.1,83714.04072,721952.3855,281100.4696,2081867.279,825644.6808,355005.5645,455803.8521,248134.7506,327036.209,347612.3278,799964.5144,182002.19,197677.1975,136787.4462,6650.007904,546760.1269,420783.4192,246649.5178
J9VQ68,CNAG_03395,NifU-like protein c OS=Cryptococcus neoformans var. grubii serotype A (strain H99 / ATCC 208821 / CBS 10515 / FGSC 9487) GN=CNAG_03395 PE=4 SV=2,3,1.-.2.-.-.-.-.-.-.1.1.1.1.2.2.3.1.3.2.1.2.1,18612.29922,17104.7702,25781.98824,22588.13884,15546.77033,23738.11114,10102.96236,24843.14934,14838.83856,28302.24458,24751.38726,12407.971,23549.96902,32938.18244,30900.75734,74713.63211,83917.44055,71341.38981
J9VQ69,CNAG_02843,Uncharacterized protein OS=Cryptococcus neoformans var. grubii serotype A (strain H99 / ATCC 208821 / CBS 10515 / FGSC 9487) GN=CNAG_02843 PE=4 SV=1,25,12.9.17.14.14.11.13.16.14.20.17.16.25.23.25.24.24.25.24.23.22.24,90514383.13,13074255.25,22909361.37,26501008.69,66020895.28,51019656.71,57275569.46,100475610.5,101152930.4,13333882.04,15928992.25,19401050.11,68457632.28,79213695.67,29765703.76,27808773.94,74962543.33,118620298.3
J9VQ75,CNAG_01375,Uncharacterized protein OS=Cryptococcus neoformans var. grubii serotype A (strain H99 / ATCC 208821 / CBS 10515 / FGSC 9487) GN=CNAG_01375 PE=4 SV=2,4,-.-.3.-.-.-.-.-.-.2.1.3.3.4.4.4.3.4.3.2.3.2,13474.09375,14150.08384,15737.13582,19861.64672,29067.83674,20444.28862,38083.00396,27599.3091,19300.03512,27616.72835,21919.22813,34270.9812,239897.4351,155606.809,140930.5401,179391.308,201443.2405,235743.0702
J9VQ82,CNAG_02257,GTP-binding nuclear protein OS=Cryptococcus neoformans var. grubii serotype A (strain H99 / ATCC 208821 / CBS 10515 / FGSC 9487) GN=CNAG_02257 PE=3 SV=1,9,5.2.8.5.2.2.5.4.5.7.5.6.8.8.9.9.9.9.8.9.8.7,1041490.548,403522.3793,671047.6236,450996.5829,428087.4836,121511.3799,345056.869,532338.0696,491642.4054,457401.1046,307776.5217,611274.9761,541268.5769,608609.2034,674644.9929,903564.7006,565173.7927,705042.6184
J9VQ89,CNAG_03418,Exportin-1 OS=Cryptococcus neoformans var. grubii serotype A (strain H99 / ATCC 208821 / CBS 10515 / FGSC 9487) GN=CNAG_03418 PE=4 SV=2,2,1.1.1.1.1.1.1.1.1.1.1.1.1.1.2.2.1.1.1.1.1.1,559608.8847,1212022.77,226638.9315,816553.0286,1044845.293,1147188.704,515596.5562,638852.0926,634994.0903,506844.9155,803692.5077,323357.0349,396645.7376,396062.0531,170913.9057,167227.5067,352039.0131,316258.7445
J9VQ91,CNAG_02237,Cytoskeleton assembly control protein OS=Cryptococcus neoformans var. grubii serotype A (strain H99 / ATCC 208821 / CBS 10515 / FGSC 9487) GN=CNAG_02237 PE=4 SV=2,3,2.1.3.1.1.1.1.2.2.3.1.2.3.3.3.3.2.3.3.3.3.3,192051.8407,360446.0415,143808.1685,156226.069,277563.8388,215146.2934,171416.7246,144818.9367,171505.9201,119555.0751,158295.5533,136012.4586,123682.0623,148995.8534,96032.42742,105089.4236,192319.7664,153480.0999
J9VQ98,CNAG_03176,Endoplasmic oxidoreductin 1 OS=Cryptococcus neoformans var. grubii serotype A (strain H99 / ATCC 208821 / CBS 10515 / FGSC 9487) GN=CNAG_03176 PE=4 SV=2,2,-.1.1.1.1.1.1.1.1.1.1.1.1.1.2.1.1.1.1.1.1.1,69550.95025,89158.02764,13955.476,71037.67087,174494.2395,80515.37628,26096.185,66437.65703,73621.74137,41898.40237,76309.18782,11643.79219,44111.26,37476.58013,11585.3384,20248.08853,25642.48137,20383.84553
J9VQA6,CNAG_03186,THO complex subunit 4 OS=Cryptococcus neoformans var. grubii serotype A (strain H99 / ATCC 208821 / CBS 10515 / FGSC 9487) GN=CNAG_03186 PE=4 SV=1,1,-.-.-.1.1.-.-.-.1.1.-.-.1.1.-.1.-.1.-.-.-.-,5653.468071,3448.993379,1347.330005,16135.05776,90052.5949,45877.73076,5381.753222,7322.300397,45723.7111,20522.4693,3071.115311,2384.467865,23323.69622,20511.74832,8945.082182,11804.61756,35541.87805,23021.06087
J9VQA8,CNAG_01341,Mannose-6-phosphate isomerase OS=Cryptococcus neoformans var. grubii serotype A (strain H99 / ATCC 208821 / CBS 10515 / FGSC 9487) GN=CNAG_01341 PE=4 SV=2,3,1.1.3.1.1.-.1.1.1.3.3.3.1.2.3.3.2.3.3.3.1.2,24408.61157,42108.24803,142607.4601,61261.32558,146323.6167,56250.59234,68109.66831,144564.4152,36075.71992,418350.9231,178170.505,557659.1055,145466.7058,80093.04305,330567.2291,281320.6478,190454.1548,302739.2173
J9VQB3,URA5 CNAG_03196,Orotate phosphoribosyltransferase OS=Cryptococcus neoformans var. grubii serotype A (strain H99 / ATCC 208821 / CBS 10515 / FGSC 9487) GN=URA5 PE=3 SV=1,2,1.1.2.2.1.1.-.-.-.2.2.2.2.1.2.2.1.2.2.1.2.2,32989.94824,15622.15833,40978.21949,61365.81345,90242.3698,68432.19891,15766.06451,5023.033667,4896.450513,100402.6285,51392.00236,70367.13943,66484.54715,186521.3162,113099.6118,81113.62532,126777.8535,74126.8977
J9VQB5,CNAG_02209,Nucleolar protein 56 OS=Cryptococcus neoformans var. grubii serotype A (strain H99 / ATCC 208821 / CBS 10515 / FGSC 9487) GN=CNAG_02209 PE=4 SV=1,20,17.5.12.18.8.14.17.12.17.8.5.11.11.9.13.10.6.6.13.13.15.15,5564338.158,5366925.165,575173.3964,9103253.921,9424712.999,5034432.619,6017721.406,6133773.503,5891388.385,1649915.461,3398030.744,1407702.924,1833112.849,1673878.187,246799.4696,1207707.235,1687803.595,1162050.64
J9VQB7,CNAG_07717,Ubiquitin carboxyl-terminal hydrolase 4/11/15 OS=Cryptococcus neoformans var. grubii serotype A (strain H99 / ATCC 208821 / CBS 10515 / FGSC 9487) GN=CNAG_07717 PE=3 SV=1,2,-.-.1.-.-.-.-.-.-.1.-.1.2.2.2.1.1.2.2.1.2.1,7679.013075,3438.513204,5412.712039,4412.92951,6891.70695,4968.955777,3697.103252,13894.82309,14724.64835,6831.435083,6516.390845,11258.05965,16541.43825,14238.81378,21433.70637,33851.8049,35063.91531,19246.27758
J9VQC2,CNAG_01323,Ubiquinol-cytochrome c reductase subunit 7 OS=Cryptococcus neoformans var. grubii serotype A (strain H99 / ATCC 208821 / CBS 10515 / FGSC 9487) GN=CNAG_01323 PE=4 SV=1,3,2.1.3.-.-.1.-.1.1.2.2.3.2.3.3.2.3.3.2.2.2.2,83530.09076,122869.1726,159991.659,10519.77588,8354.563062,53341.94899,13555.93418,51676.55653,18713.7733,96653.9145,76450.43496,97503.11806,124834.4974,123212.8139,154717.2163,225718.3911,87114.78266,175369.7477
J9VQC3,CNAG_03457,Arginine-tRNA ligase OS=Cryptococcus neoformans var. grubii serotype A (strain H99 / ATCC 208821 / CBS 10515 / FGSC 9487) GN=CNAG_03457 PE=3 SV=1,4,-.-.4.1.-.-.-.1.-.1.-.1.1.2.3.3.2.4.1.3.1.3,16677.87443,15680.2394,81736.03495,37627.21922,20176.1919,17386.48146,25060.52058,41738.10743,14559.59476,24595.31124,10424.21403,20647.08618,34857.79993,36956.27697,47000.44962,77854.84703,44070.22061,58477.44932
J9VQC7,CNAG_07719,26S protease regulatory subunit 7 OS=Cryptococcus neoformans var. grubii serotype A (strain H99 / ATCC 208821 / CBS 10515 / FGSC 9487) GN=CNAG_07719 PE=3 SV=2,5,2.2.5.2.3.2.1.1.2.4.4.4.5.5.5.5.4.5.4.4.4.4,104057.3431,69509.94989,216061.797,195311.6047,146612.786,124101.5285,141700.6271,107089.6971,102263.6795,69305.92181,119619.8263,104688.499,393129.8527,267198.3579,178085.1362,255511.7798,215161.5972,473594.2934
J9VQC9,CNAG_03463,Uncharacterized protein OS=Cryptococcus neoformans var. grubii serotype A (strain H99 / ATCC 208821 / CBS 10515 / FGSC 9487) GN=CNAG_03463 PE=4 SV=1,6,1.1.5.1.1.1.1.1.1.3.1.6.4.5.6.5.5.5.4.4.2.3,355253.7573,1529015.215,795958.4461,551295.5696,1962286.156,1837873.585,739197.1271,1620912.125,1694848.231,1063415.504,1236559.157,680676.221,666307.8178,615084.4647,435754.372,306994.2325,721584.7287,534176.2172
J9VQD3,CNAG_02189,Alpha-amylase OS=Cryptococcus neoformans var. grubii serotype A (strain H99 / ATCC 208821 / CBS 10515 / FGSC 9487) GN=CNAG_02189 PE=4 SV=1,6,-.1.5.2.1.2.2.1.-.4.4.4.4.3.6.5.3.4.3.4.3.4,52578.44951,70769.82883,71559.2586,93128.70684,143834.64,157911.5601,70986.35563,33530.69313,22721.79389,450386.9393,273416.6562,376219.4021,463690.5015,695890.6834,425174.3222,416168.5386,209249.0991,248688.3488
J9VQE1,CNAG_03232,Lactamase OS=Cryptococcus neoformans var. grubii serotype A (strain H99 / ATCC 208821 / CBS 10515 / FGSC 9487) GN=CNAG_03232 PE=4 SV=2,3,-.-.-.-.-.-.-.-.-.-.-.2.3.3.3.3.3.3.1.1.1.2,9337.730293,14759.62609,3957.196514,12357.05855,13730.24935,11752.81748,12013.11409,13513.04991,24128.14137,4656.091931,7354.774215,29972.72065,270521.045,262453.2581,148087.5673,123600.0173,210166.8438,359803.8899
J9VQE6,CNAG_03237,Uncharacterized protein OS=Cryptococcus neoformans var. grubii serotype A (strain H99 / ATCC 208821 / CBS 10515 / FGSC 9487) GN=CNAG_03237 PE=4 SV=1,1,-.-.1.-.-.-.-.-.-.1.-.1.1.1.1.1.1.1.1.1.1.1,1629.010048,2274.060975,31937.75644,9560.323985,2361.530645,4821.054632,8524.374936,12854.98184,1963.345442,29613.13055,35539.61424,25398.39273,30944.71904,20155.5056,23528.64789,42594.35428,22729.14575,36872.92657
J9VQH4,CNAG_02762,F-type H-transporting ATPase subunit G OS=Cryptococcus neoformans var. grubii serotype A (strain H99 / ATCC 208821 / CBS 10515 / FGSC 9487) GN=CNAG_02762 PE=4 SV=1,8,5.1.7.4.3.4.4.3.2.7.6.7.7.7.8.8.7.8.7.7.7.8,800492.4984,1244084.748,947831.094,603022.3166,684992.1377,861643.7361,544034.6215,629093.1067,563379.5064,1065905.81,1052778.553,1105091.993,898739.3888,952338.8476,985314.5208,1653527.625,908676.4558,1053563.967
J9VQH7,CNAG_03509,Pyruvate dehydrogenase X component OS=Cryptococcus neoformans var. grubii serotype A (strain H99 / ATCC 208821 / CBS 10515 / FGSC 9487) GN=CNAG_03509 PE=4 SV=2,7,1.1.7.2.1.1.2.1.2.6.3.6.6.6.7.7.6.7.6.6.6.3,220661.3061,225306.0236,174917.7599,178370.8106,335795.2569,214338.792,153470.898,184642.7136,139146.9873,251120.2179,326926.8529,270030.3937,205471.3198,247745.4085,302185.8453,345525.3384,192498.3503,304469.2164
J9VQH8,CNAG_01273,Cellular nucleic acid-binding protein OS=Cryptococcus neoformans var. grubii serotype A (strain H99 / ATCC 208821 / CBS 10515 / FGSC 9487) GN=CNAG_01273 PE=4 SV=1,3,1.1.3.2.2.2.2.-.2.1.1.1.2.2.2.3.2.2.2.2.2.2,32495.07082,27362.6443,60116.26526,28317.84109,42597.30031,32306.56656,25648.74382,25302.7589,25010.22168,28431.87309,27363.4413,28057.43457,16873.88457,22079.78304,27962.49253,43660.68655,20301.54821,30353.10807
J9VQI0,CNAG_03283,Large subunit ribosomal protein L24e OS=Cryptococcus neoformans var. grubii serotype A (strain H99 / ATCC 208821 / CBS 10515 / FGSC 9487) GN=CNAG_03283 PE=4 SV=1,19,15.17.18.15.16.17.15.14.14.15.15.15.18.18.18.16.16.17.17.17.16.16,27046584.15,17466641.85,13132976.2,16533616.87,19661185.22,23790702.41,14528563.94,14101083.99,14369256.64,11762740.75,13466619.68,10100205.99,9009180.484,10289005.88,6422106.857,7221876.693,10294358.77,8295885.45
J9VQI1,CNAG_02144,Ribosomal protein OS=Cryptococcus neoformans var. grubii serotype A (strain H99 / ATCC 208821 / CBS 10515 / FGSC 9487) GN=CNAG_02144 PE=3 SV=1,14,9.10.14.11.8.12.12.9.10.11.14.13.13.14.14.10.11.13.14.13.13.13,6468289.761,5575336.851,18489143.89,7163175.982,9094811.851,12522315.6,6035018.652,4897271.53,5022172.073,6627389.927,7679127.284,5426915.427,6099952.368,5469467.471,6175708.673,5596758.528,3905544.167,4554263.149
J9VQI2,CNAG_07740,Uncharacterized protein OS=Cryptococcus neoformans var. grubii serotype A (strain H99 / ATCC 208821 / CBS 10515 / FGSC 9487) GN=CNAG_07740 PE=4 SV=1,5,4.2.4.2.3.2.2.3.3.4.2.4.5.3.5.5.3.3.5.4.4.2,994298.1948,491250.0667,371822.599,519132.0909,520791.7248,548420.6986,980693.894,810723.6805,358034.643,323457.3911,561236.7048,400037.3083,160766.6939,367726.1027,317742.6456,270427.5244,255160.4843,276153.2177
J9VQI3,CNAG_02752,Short-chain dehydrogenase OS=Cryptococcus neoformans var. grubii serotype A (strain H99 / ATCC 208821 / CBS 10515 / FGSC 9487) GN=CNAG_02752 PE=3 SV=1,2,-.-.1.-.-.-.-.-.-.1.-.1.-.1.2.2.-.2.-.1.-.-,7671.154448,7053.376024,16946.73106,17122.1509,11146.87449,7199.284712,12913.97206,9619.226147,13745.44492,3232.824103,10648.43493,18361.96608,25665.03056,17661.1482,26767.12734,126939.9935,156957.1595,33945.2619
J9VQJ2,CNAG_02133,6-phosphogluconolactonase OS=Cryptococcus neoformans var. grubii serotype A (strain H99 / ATCC 208821 / CBS 10515 / FGSC 9487) GN=CNAG_02133 PE=4 SV=1,11,3.2.11.3.3.3.3.2.3.8.5.7.9.10.11.8.11.11.10.9.7.6,256250.642,122027.7315,316932.3839,257940.0266,502205.8364,209460.9481,288246.9452,235357.9254,411080.2448,507070.733,351434.4249,620561.6427,769081.2384,824441.7162,831593.0065,763868.6622,612682.6329,874956.2796
J9VQJ5,CNAG_03302,Protein LTV1 OS=Cryptococcus neoformans var. grubii serotype A (strain H99 / ATCC 208821 / CBS 10515 / FGSC 9487) GN=CNAG_03302 PE=4 SV=1,2,2.-.2.2.1.2.2.2.1.1.-.2.1.2.2.2.-.2.2.1.1.1,74121.81925,156878.7512,38728.2059,43146.76373,97079.24634,137746.4759,81066.59941,84135.69205,30623.74265,39350.47517,69897.3832,43578.73783,32953.14094,39983.02847,18177.76174,8583.363045,19299.95314,9426.569889
J9VQJ6,HCR1 CNAG_02128,Eukaryotic translation initiation factor 3 subunit J OS=Cryptococcus neoformans var. grubii serotype A (strain H99 / ATCC 208821 / CBS 10515 / FGSC 9487) GN=HCR1 PE=3 SV=1,6,2.-.6.2.-.2.3.2.2.4.3.4.6.6.6.6.6.6.5.6.4.6,296341.764,673212.7109,547991.7698,296732.5708,482869.2206,255552.3245,298445.2942,304121.4636,276168.6757,289536.1166,405647.3531,490304.2709,604774.4394,921037.0249,485006.4116,805466.7128,862277.3717,1072385.214
J9VQK7,CNAG_07746,Methylenetetrahydrofolate dehydrogenase (NADP) OS=Cryptococcus neoformans var. grubii serotype A (strain H99 / ATCC 208821 / CBS 10515 / FGSC 9487) GN=CNAG_07746 PE=3 SV=1,8,4.1.5.3.2.2.4.3.3.4.3.4.5.4.7.7.5.5.4.5.4.4,867723.0014,1153914.175,334533.1617,993672.8702,1092358.162,581390.0881,797911.7091,990825.8952,1046523.444,231518.0643,413754.8056,437306.8851,312082.8722,434030.7096,376888.1416,455459.1728,385147.7933,317626.0649
J9VQK8,CNAG_02714,Elongation factor 1-beta OS=Cryptococcus neoformans var. grubii serotype A (strain H99 / ATCC 208821 / CBS 10515 / FGSC 9487) GN=CNAG_02714 PE=3 SV=1,11,6.3.10.6.4.3.6.4.6.8.7.9.10.9.11.9.8.9.8.8.9.7,2870179.018,2199714.952,4626596.891,1997796.129,1861953.331,1455684.508,2176954.905,1597242.964,2091661.274,3841927.81,2637513.935,3530003.623,3421845.329,3342183.655,4795760.574,4494221.613,2791682.863,3980708.307
J9VQK9,CNAG_03322,UDP-glucuronate decarboxylase OS=Cryptococcus neoformans var. grubii serotype A (strain H99 / ATCC 208821 / CBS 10515 / FGSC 9487) GN=CNAG_03322 PE=4 SV=1,18,12.7.17.12.9.8.10.10.9.13.8.16.14.15.18.17.14.15.15.15.14.16,1599695.554,1970872.259,2624878.763,1181239.039,1195487.658,1401191.641,1793220.294,1855930.486,1470999.954,1499578.679,1465206.507,1680660.476,1221606.581,1515618.775,1578569.121,1879210.886,1403092.856,1260432.101
J9VQM2,CNAG_03553,Uncharacterized protein OS=Cryptococcus neoformans var. grubii serotype A (strain H99 / ATCC 208821 / CBS 10515 / FGSC 9487) GN=CNAG_03553 PE=4 SV=2,6,3.-.5.3.2.1.1.1.-.2.-.4.4.2.5.5.5.5.5.4.4.4,100754.6026,140798.96,57041.15821,80478.61697,190055.1842,76850.30179,96810.37978,96607.51003,97571.56815,27588.17439,40460.9911,106582.006,78394.42392,102826.6821,88086.50636,155529.3007,123462.8997,75950.70618
J9VQM5,CNAG_02097,Uncharacterized protein OS=Cryptococcus neoformans var. grubii serotype A (strain H99 / ATCC 208821 / CBS 10515 / FGSC 9487) GN=CNAG_02097 PE=4 SV=2,4,2.1.2.1.1.1.1.2.1.3.2.2.3.2.4.4.3.4.2.2.3.1,51715.90175,214285.1038,61671.0079,82066.03474,133241.7714,142584.2424,82953.3475,150802.8313,116110.1674,93814.55707,131144.3814,111446.5768,128293.6586,122212.0153,90214.65742,231979.339,317170.9255,377212.6633
J9VQM9,CNAG_03347,ATP-dependent Clp protease ATP-binding subunit ClpB OS=Cryptococcus neoformans var. grubii serotype A (strain H99 / ATCC 208821 / CBS 10515 / FGSC 9487) GN=CNAG_03347 PE=4 SV=1,5,3.1.4.3.1.1.3.2.2.3.2.4.4.4.5.5.4.5.5.5.4.4,122833.1774,185354.8354,145222.5034,245077.2368,372797.0983,394054.8794,260685.0064,234358.7639,238217.6843,298816.0316,167892.2483,182216.1496,180915.7347,153313.1085,169078.8655,187154.6416,362285.875,221445.3394
J9VQN8,CNAG_03358,Phosphoglycerate kinase OS=Cryptococcus neoformans var. grubii serotype A (strain H99 / ATCC 208821 / CBS 10515 / FGSC 9487) GN=CNAG_03358 PE=3 SV=1,22,15.5.19.14.5.4.9.10.13.14.11.18.16.16.22.21.17.19.18.18.17.20,2672987.62,3306511.085,2840250.466,1546372.956,574256.1293,557039.9859,1574256.756,1717204.067,1560936.422,2040550.946,1889806.794,2429013.699,2257752.249,2358913.617,3295042.802,4877663.649,3178471.339,3640087.753
J9VQP1,CNAG_02677,Cytoplasmic protein OS=Cryptococcus neoformans var. grubii serotype A (strain H99 / ATCC 208821 / CBS 10515 / FGSC 9487) GN=CNAG_02677 PE=4 SV=1,5,2.-.4.2.1.2.2.1.2.1.1.2.3.2.4.4.2.3.4.3.3.1,104631.1195,106392.1826,113747.6977,166326.0809,126449.9392,147253.8535,138610.6007,164313.9992,140068.9339,35331.6198,20736.21546,36672.87623,125256.5623,105099.4639,137380.7191,163170.0084,228959.2419,182067.2533
J9VQP9,CNAG_02078,Hydrolase OS=Cryptococcus neoformans var. grubii serotype A (strain H99 / ATCC 208821 / CBS 10515 / FGSC 9487) GN=CNAG_02078 PE=4 SV=1,2,-.-.2.-.-.-.-.-.-.1.-.-.1.2.2.2.-.2.-.-.-.-,13910.36931,10547.99789,12974.33213,5711.411133,16025.54293,6354.831272,11264.57623,12339.46108,11100.00239,10566.12056,6774.214644,1584.627027,88706.3467,34265.29938,71428.27391,60828.42002,101998.8215,39809.49011
J9VQR1,CNAG_03590,Casein kinase II subunit beta OS=Cryptococcus neoformans var. grubii serotype A (strain H99 / ATCC 208821 / CBS 10515 / FGSC 9487) GN=CNAG_03590 PE=3 SV=1,7,5.3.6.4.7.6.5.6.6.4.4.5.6.6.5.5.6.6.7.5.6.6,1222312.726,947855.9169,420353.9094,1476982.618,2170296.582,1190632.776,1502708.788,1481745.702,2157496.09,210139.5897,424039.7365,304957.3068,376360.9162,489504.7783,260061.3113,239698.6396,675063.5195,460235.5758
J9VQS6,CNAG_01204,"ATP synthase F1, delta subunit OS=Cryptococcus neoformans var. grubii serotype A (strain H99 / ATCC 208821 / CBS 10515 / FGSC 9487) GN=CNAG_01204 PE=3 SV=1",11,7.1.10.5.2.2.4.4.5.9.7.10.10.9.10.10.9.10.9.9.9.9,774356.145,1414687.76,877361.0503,230099.319,89656.65976,140830.2938,293643.5632,280871.9208,306030.0315,652116.9626,529854.9423,1424920.252,731488.2613,930267.1778,1419824.269,1744072.772,643811.685,1048435.883
J9VQT0,CNAG_01199,Nuclear pore complex protein Nup62 OS=Cryptococcus neoformans var. grubii serotype A (strain H99 / ATCC 208821 / CBS 10515 / FGSC 9487) GN=CNAG_01199 PE=4 SV=2,6,-.1.3.1.1.1.1.-.-.2.1.1.4.5.3.4.4.4.2.3.4.2,18307.57152,101269.245,18149.14013,104714.8442,265268.1096,330044.1412,27844.79329,30005.84214,29995.05139,167288.6522,135023.0932,91545.08171,380965.3564,301118.0535,208056.8582,163493.6067,199982.6008,206345.1914
J9VQU0,CNAG_07559,Glucose-6-phosphate 1-epimerase OS=Cryptococcus neoformans var. grubii serotype A (strain H99 / ATCC 208821 / CBS 10515 / FGSC 9487) GN=CNAG_07559 PE=4 SV=1,4,-.-.3.-.-.1.1.-.1.1.2.3.1.3.4.1.2.3.1.2.2.1,28026.01454,11330.87173,34171.24594,18227.72374,36461.89543,40383.72323,18551.17765,28392.03395,26170.11877,39040.18226,29849.13204,51588.57242,61048.97262,40631.37863,172919.1629,25974.8468,45528.84946,47890.1509
J9VQU8,CNAG_04111,"Lectin, mannose-binding 2 OS=Cryptococcus neoformans var. grubii serotype A (strain H99 / ATCC 208821 / CBS 10515 / FGSC 9487) GN=CNAG_04111 PE=4 SV=2",1,-.-.1.-.-.-.-.-.-.1.-.1.1.-.1.-.-.1.1.1.1.-,1796.4199,1652.791433,1167.309013,6809.127303,13339.08631,6729.098487,2185.678797,1873.360365,1956.7208,34524.39884,73058.1177,38936.02563,41077.9163,81553.41649,49528.98639,616.8717102,1873.282224,3430.410312
J9VQZ2,CNAG_02568,UBA/TS-N domain-containing protein OS=Cryptococcus neoformans var. grubii serotype A (strain H99 / ATCC 208821 / CBS 10515 / FGSC 9487) GN=CNAG_02568 PE=4 SV=2,4,-.-.3.1.-.1.1.-.-.3.1.4.4.3.3.4.4.3.3.3.4.2,16061.38379,8719.202402,18251.53426,37282.62991,24108.97247,62317.19529,19078.69657,24834.7979,24349.06706,87333.15101,99716.21206,123512.757,99464.69696,85172.45981,67975.84096,201698.581,77802.63142,127839.9822
J9VQZ9,CNAG_01117,Elongation factor 3 OS=Cryptococcus neoformans var. grubii serotype A (strain H99 / ATCC 208821 / CBS 10515 / FGSC 9487) GN=CNAG_01117 PE=4 SV=2,40,31.6.37.25.8.20.22.21.22.27.20.29.33.33.39.37.30.36.31.29.30.28,7550308.4,9748850.462,5146365.764,5732970.422,3517412.854,2084107.196,4298384.058,3817538.71,4400499.633,3382713.539,2855694.629,3870468.384,3742764.306,4279143.682,4977078.844,6920046.845,4013585.047,4616980.66
J9VR03,CNAG_01112,Xenobiotic reductase OS=Cryptococcus neoformans var. grubii serotype A (strain H99 / ATCC 208821 / CBS 10515 / FGSC 9487) GN=CNAG_01112 PE=4 SV=1,2,-.-.1.-.-.-.-.-.1.2.1.2.-.-.2.2.1.-.-.1.1.2,11064.78061,7245.955581,2015.023972,9553.342413,16294.23688,13843.12386,15552.80408,13717.2835,7005.495603,258147.9401,200660.5005,128401.0226,4131.120336,1399.475084,1616.591913,93721.61307,252253.7758,151494.5103
J9VR09,GET1 CNAG_03483,Protein GET1 OS=Cryptococcus neoformans var. grubii serotype A (strain H99 / ATCC 208821 / CBS 10515 / FGSC 9487) GN=GET1 PE=3 SV=1,2,2.-.2.2.1.2.1.1.1.1.2.2.2.2.2.1.2.2.2.2.2.2,179343.9698,76044.3618,25880.54333,59229.21111,52467.93516,72053.2638,23670.64314,27208.57136,11228.14752,20981.22879,45548.145,23671.76631,21646.65642,29042.9924,25493.84399,34640.30163,53229.61639,30663.50701
J9VR10,CNAG_01102,Oxidoreductase OS=Cryptococcus neoformans var. grubii serotype A (strain H99 / ATCC 208821 / CBS 10515 / FGSC 9487) GN=CNAG_01102 PE=4 SV=2,12,-.1.11.-.1.1.1.-.-.12.7.12.12.10.12.10.8.12.10.10.10.7,513386.4844,427726.6909,110285.2164,203488.451,361465.9789,238506.8491,61193.62454,76368.6956,85372.74136,926360.1719,1518729.254,1687117.057,1108192.806,918308.781,1001069.758,840183.0403,633719.823,905411.2873
J9VR29,CNAG_04152,Protein phosphatase methylesterase 1 OS=Cryptococcus neoformans var. grubii serotype A (strain H99 / ATCC 208821 / CBS 10515 / FGSC 9487) GN=CNAG_04152 PE=3 SV=1,2,-.1.1.1.1.1.1.-.1.1.-.1.2.1.2.2.1.2.1.1.-.1,35296.49985,61572.97542,9685.937994,25174.74994,44772.0274,35307.81243,27583.03622,20087.05441,8508.074898,14584.80058,9826.953009,5686.987884,149708.6238,166681.3767,91634.3119,65625.37349,179963.9178,167256.3642
J9VR33,CNAG_03510,60S ribosomal protein L36 OS=Cryptococcus neoformans var. grubii serotype A (strain H99 / ATCC 208821 / CBS 10515 / FGSC 9487) GN=CNAG_03510 PE=3 SV=1,9,6.5.9.4.6.8.6.5.6.8.8.8.9.8.9.6.8.8.8.8.8.7,2217563.749,1758659.252,5964491.976,3540356.302,2087683.74,6066214.523,1874791.559,1685087.171,1332553.443,3004448.178,4561683.211,1605625.529,3609936.753,3425474.868,2561946.863,2271714.978,2413379.416,3337865.553
J9VR37,CNAG_06923,Phosphoketolase OS=Cryptococcus neoformans var. grubii serotype A (strain H99 / ATCC 208821 / CBS 10515 / FGSC 9487) GN=CNAG_06923 PE=3 SV=1,25,7.9.24.4.4.5.5.6.5.19.16.21.20.22.25.19.17.20.19.19.19.20,1485788.101,1604479.066,2729142.679,1087094.691,1569444.922,1490927.753,1119376.064,1988862.15,1245336.068,2279556.827,1918680.409,2575584.52,2292459.133,1841763.351,2840019.176,2152189.429,1891488.199,2042261.425
J9VR40,CNAG_07442,Phosphatidylglycerol/phosphatidylinositol transfer protein OS=Cryptococcus neoformans var. grubii serotype A (strain H99 / ATCC 208821 / CBS 10515 / FGSC 9487) GN=CNAG_07442 PE=4 SV=1,2,-.-.2.-.-.-.-.-.-.-.1.1.2.2.2.2.2.2.2.1.1.1,7478.837167,9165.547666,16007.4087,15705.69861,9024.564931,9975.4992,15264.7874,12550.6238,12478.64984,80772.58181,66707.1752,82469.65906,178712.7088,135225.675,146895.8083,141352.8476,93020.90925,210451.5561
J9VR53,CNAG_04180,Large subunit ribosomal protein L15 OS=Cryptococcus neoformans var. grubii serotype A (strain H99 / ATCC 208821 / CBS 10515 / FGSC 9487) GN=CNAG_04180 PE=3 SV=1,3,-.1.3.1.-.1.2.1.-.2.1.1.2.1.2.1.1.2.2.1.2.2,248380.879,303813.4943,63188.76084,44713.81596,203652.73,233062.4149,153408.3567,130882.5549,174406.5735,179771.1197,89636.33744,96078.33243,99164.48565,124174.5731,65187.81026,39801.07444,73187.9045,75877.26628
J9VR74,CNAG_03554,Coatomer subunit alpha OS=Cryptococcus neoformans var. grubii serotype A (strain H99 / ATCC 208821 / CBS 10515 / FGSC 9487) GN=CNAG_03554 PE=4 SV=1,10,2.2.8.2.2.2.1.1.3.4.2.7.7.6.9.9.5.8.4.5.4.5,320283.4185,350002.4567,161910.0082,313117.2824,282968.3244,243594.9324,245557.9119,218290.7435,309226.5723,191114.0729,194888.5109,201941.642,244173.5838,159451.6234,223883.3424,342302.3331,223118.9932,188928.4954
J9VR76,CNAG_04209,Voltage-gated potassium channel protein beta-2 subunit OS=Cryptococcus neoformans var. grubii serotype A (strain H99 / ATCC 208821 / CBS 10515 / FGSC 9487) GN=CNAG_04209 PE=4 SV=1,10,4.3.9.4.2.3.5.5.3.7.6.8.8.7.10.8.5.8.7.8.7.7,2041570.835,2842154.229,1030477.507,1867357.773,4803757.146,4246235.968,3163418.562,2712672.895,2970891.073,2233793.37,2806687.317,2223138.845,1510210.063,1454254.41,1121279.708,1108894.403,3280394.399,1794372.008
J9VR81,CNAG_01018,Histone-lysine N-methyltransferase Su(Var)3-9 OS=Cryptococcus neoformans var. grubii serotype A (strain H99 / ATCC 208821 / CBS 10515 / FGSC 9487) GN=CNAG_01018 PE=4 SV=1,4,-.1.3.1.-.-.1.-.-.2.-.2.3.4.4.4.4.4.3.2.2.3,81288.33498,249651.0181,70659.37626,119970.0194,11858.44001,9995.272091,34656.7876,31823.15046,16423.07336,49628.5746,73649.62555,71413.79803,131698.093,141531.0184,162644.1056,180725.043,118492.994,162409.0258
J9VR87,CNAG_04969,UDP-glucose 6-dehydrogenase OS=Cryptococcus neoformans var. grubii serotype A (strain H99 / ATCC 208821 / CBS 10515 / FGSC 9487) GN=CNAG_04969 PE=3 SV=1,22,13.11.21.17.5.7.12.14.13.19.15.18.21.21.22.21.20.20.21.20.20.21,5870137.141,4364398.297,3579991.133,4730801.224,6169688.927,4292881.662,4618522.709,5746670.711,3759122.003,4033415.539,4935515.203,4659758.593,3932155.177,4011706.743,4054013.967,5081028.72,4926366.182,4751190.081
J9VRA2,CNAG_03582,pH-response regulator protein palA/RIM20 OS=Cryptococcus neoformans var. grubii serotype A (strain H99 / ATCC 208821 / CBS 10515 / FGSC 9487) GN=CNAG_03582 PE=4 SV=1,1,-.1.1.1.1.-.-.-.-.1.1.1.1.-.1.1.1.1.1.1.1.1,6335.130151,4095.341169,7587.073832,3165.589585,6057.712196,4838.858377,11256.89318,6347.044652,5582.377282,8139.254886,9223.366468,6468.158333,5563.296441,5328.29844,5308.641929,12799.61264,8010.770045,8433.962881
J9VRA3,CNAG_04985,Nascent polypeptide-associated complex subunit alpha OS=Cryptococcus neoformans var. grubii serotype A (strain H99 / ATCC 208821 / CBS 10515 / FGSC 9487) GN=CNAG_04985 PE=4 SV=1,4,-.-.4.2.-.-.1.-.-.3.1.4.4.4.4.4.4.4.3.4.3.2,23756.88294,11703.5841,17813.66048,99703.97111,27853.59479,22418.35235,25130.15675,13259.37789,20341.71472,164164.509,134895.2418,188259.0183,159174.1273,170669.4997,234468.8453,281569.883,220092.0299,318394.5587
J9VRA5,CNAG_06621,Biotin synthase OS=Cryptococcus neoformans var. grubii serotype A (strain H99 / ATCC 208821 / CBS 10515 / FGSC 9487) GN=CNAG_06621 PE=3 SV=1,1,1.1.1.1.-.1.1.1.1.1.1.1.1.1.1.1.-.1.1.1.1.1,104495.3001,29595.82665,93593.07677,39695.0571,29481.62688,25318.11753,29262.32104,23627.13176,40633.18118,21366.61868,29746.63868,15558.5001,13186.05451,18907.26943,23321.88429,28140.98013,42447.91499,19556.05213
J9VRB1,CNAG_00988,Importin subunit beta-1 OS=Cryptococcus neoformans var. grubii serotype A (strain H99 / ATCC 208821 / CBS 10515 / FGSC 9487) GN=CNAG_00988 PE=4 SV=1,6,-.1.5.-.1.2.-.1.-.2.1.4.6.6.6.5.4.4.2.2.4.4,23083.46023,36359.92781,40811.00575,321463.7614,352466.4858,252897.5024,26169.42037,92577.27537,31082.6391,27533.81903,37428.04049,78143.11984,221912.9693,211650.357,186931.502,247331.9308,219187.7729,249733.8103
J9VRB2,CNAG_04257,Uncharacterized protein OS=Cryptococcus neoformans var. grubii serotype A (strain H99 / ATCC 208821 / CBS 10515 / FGSC 9487) GN=CNAG_04257 PE=4 SV=1,10,8.6.9.7.4.6.5.5.5.10.8.9.8.8.10.9.9.10.10.10.10.9,1440950.731,449029.3303,403842.4382,737091.6641,466852.6937,627184.4111,348357.0883,445924.1537,372251.2136,788196.8669,805769.3798,1153864.108,267365.1258,268339.9577,286375.1332,431429.1747,1198909.901,601176.4445
J9VRB4,CNAG_07801,Aldo-keto reductase OS=Cryptococcus neoformans var. grubii serotype A (strain H99 / ATCC 208821 / CBS 10515 / FGSC 9487) GN=CNAG_07801 PE=4 SV=2,3,1.-.3.1.-.-.-.1.1.2.2.2.3.2.3.2.2.3.2.2.2.2,41638.76848,65824.32388,80754.35698,68526.64622,12015.7476,14929.36876,65877.43812,60920.12552,63891.00376,62775.84384,58039.35304,59184.2212,112723.8963,145911.0084,160414.9704,206536.8542,214286.8186,132658.2844
J9VRC3,CNAG_00978,NADH dehydrogenase (Ubiquinone) 1 alpha subcomplex 9 OS=Cryptococcus neoformans var. grubii serotype A (strain H99 / ATCC 208821 / CBS 10515 / FGSC 9487) GN=CNAG_00978 PE=4 SV=1,4,1.1.4.1.1.1.1.1.1.3.2.2.3.4.4.4.4.4.4.4.4.3,102152.3089,87494.57709,221240.9379,407611.2916,259569.2813,230590.5126,139504.516,20735.90386,195017.2092,175865.6794,263967.3988,129737.3524,175006.9765,153107.8337,178038.3005,275142.1042,96522.095,176008.2797
J9VRC5,CNAG_06646,Protein YOP1 OS=Cryptococcus neoformans var. grubii serotype A (strain H99 / ATCC 208821 / CBS 10515 / FGSC 9487) GN=CNAG_06646 PE=3 SV=1,3,1.1.2.2.-.1.-.-.-.3.2.3.2.3.3.3.3.3.2.2.3.1,86829.80377,66633.11285,24402.27205,54778.10992,60600.46632,39584.9142,14151.58524,32508.91176,8631.249486,148226.1213,143905.206,262235.5765,219140.7988,135167.3332,246032.132,287003.9075,110808.0082,242856.8775
J9VRC6,CNAG_04272,CAMK/CAMK1 protein kinase OS=Cryptococcus neoformans var. grubii serotype A (strain H99 / ATCC 208821 / CBS 10515 / FGSC 9487) GN=CNAG_04272 PE=3 SV=2,2,1.1.2.1.1.1.1.1.1.2.1.2.2.1.2.2.-.2.2.2.2.1,654593.1881,1364381.113,206248.5143,7456692.594,1443958.742,342085.474,1491182.277,4517858.273,3865805.318,710781.9732,2705998.366,785545.0033,288818.226,853011.0272,144525.2101,326538.3071,623673.6611,866919.695
J9VRC7,CNAG_06967,Phytase OS=Cryptococcus neoformans var. grubii serotype A (strain H99 / ATCC 208821 / CBS 10515 / FGSC 9487) GN=CNAG_06967 PE=3 SV=1,4,1.3.3.3.2.3.3.2.3.4.4.4.4.4.3.3.3.4.3.3.3.4,158861.8122,335177.2112,87784.60421,182261.525,296088.8538,437788.8213,236862.0982,207339.4308,265476.5945,768414.5732,1523813.226,604372.3344,823577.7636,637038.0207,314794.739,494524.0919,594866.5929,556284.919
J9VRE2,CNAG_06666,"Alpha-1,4 glucan phosphorylase OS=Cryptococcus neoformans var. grubii serotype A (strain H99 / ATCC 208821 / CBS 10515 / FGSC 9487) GN=CNAG_06666 PE=3 SV=2",14,-.1.8.5.-.1.1.2.1.6.3.7.9.9.12.12.9.11.8.7.8.5,63104.88941,60039.24551,134949.5912,193263.8153,74297.04846,154039.3127,86625.20113,94263.23643,108573.571,165659.7471,238496.7488,245190.1257,266465.9609,276500.4025,391886.4816,548569.8808,574760.4953,404472.5026
J9VRE8,CNAG_00935,DNA-binding protein OS=Cryptococcus neoformans var. grubii serotype A (strain H99 / ATCC 208821 / CBS 10515 / FGSC 9487) GN=CNAG_00935 PE=4 SV=1,14,6.1.12.6.3.2.7.6.5.10.6.11.12.11.14.13.12.12.8.10.11.10,6047417.307,11016660.22,2121845.872,8413583.887,28790503.84,15588962.51,6141171.301,13752465.2,10304061.38,5713997.403,10764293.01,3350733.455,8884091.668,5940894.762,2839516.318,4660582.624,3839396.393,4253620.459
J9VRF4,CNAG_00930,Argininosuccinate synthase OS=Cryptococcus neoformans var. grubii serotype A (strain H99 / ATCC 208821 / CBS 10515 / FGSC 9487) GN=CNAG_00930 PE=3 SV=1,16,7.7.14.10.5.7.6.4.6.13.10.10.14.14.15.13.13.13.11.11.11.12,2600984.67,1265738.546,1963906.403,2050939.468,2170834.433,1091296.258,1985706.157,2241492.121,2033824.474,1748924.945,1501471.028,1191111.234,1534507.909,1527583.901,1577449.064,1883504.065,1136466.174,1252673.655
J9VRG4,CNAG_04121,Uncharacterized protein OS=Cryptococcus neoformans var. grubii serotype A (strain H99 / ATCC 208821 / CBS 10515 / FGSC 9487) GN=CNAG_04121 PE=4 SV=1,1,-.1.1.1.1.1.1.1.-.1.1.1.1.1.1.1.1.1.1.1.1.1,746712.6551,262140.059,121380.997,377987.7158,362277.8262,955955.4788,451729.0589,237972.9694,270586.995,227779.6672,258266.7938,135867.3169,134654.6173,144748.9769,121988.9982,148321.7859,298706.7717,231249.3522
J9VRG7,CNAG_06694,5-hydroxyisourate hydrolase OS=Cryptococcus neoformans var. grubii serotype A (strain H99 / ATCC 208821 / CBS 10515 / FGSC 9487) GN=CNAG_06694 PE=3 SV=1,2,-.-.1.1.-.-.1.-.-.1.1.1.2.2.2.2.2.2.1.-.-.1,8041.534781,6186.765588,29557.84638,9199.661655,9549.578035,12631.41651,32077.52834,8079.286338,15888.00055,30553.88041,5667.439987,28553.52768,72852.09864,68053.6918,99290.83883,140871.6161,45061.59876,80529.23098
J9VRH1,CNAG_06699,Glyceraldehyde-3-phosphate dehydrogenase OS=Cryptococcus neoformans var. grubii serotype A (strain H99 / ATCC 208821 / CBS 10515 / FGSC 9487) GN=CNAG_06699 PE=3 SV=1,25,20.19.25.21.16.16.17.18.18.22.19.22.23.21.25.20.19.19.21.22.22.21,20690593.84,9024058.427,39310772.94,17202345.34,10344934.14,19463734.29,16857841.42,12898205.97,12158601.35,15831855.82,16153933.12,15031102.06,13453438.48,13423819.48,15217591.52,15380803.85,8886077.734,12257907.77
J9VRH2,CNAG_04321,Uncharacterized protein OS=Cryptococcus neoformans var. grubii serotype A (strain H99 / ATCC 208821 / CBS 10515 / FGSC 9487) GN=CNAG_04321 PE=4 SV=1,2,1.1.2.1.1.1.1.1.1.1.1.2.1.1.1.2.2.2.1.1.2.1,340156.1002,129835.6397,133271.8163,193007.6694,136337.6615,101069.3554,399963.6819,342126.0833,424082.2552,280125.4367,350201.2135,271147.822,195882.1808,120976.9043,69590.2001,122541.1215,140580.5385,67451.86779
J9VRH3,CNAG_05050,ADP-ribosylation factor GTPase-activating protein 1 OS=Cryptococcus neoformans var. grubii serotype A (strain H99 / ATCC 208821 / CBS 10515 / FGSC 9487) GN=CNAG_05050 PE=4 SV=1,2,1.-.2.-.-.1.-.-.-.-.1.1.2.2.2.2.2.1.1.1.2.2,19692.29401,13338.14353,39177.9625,7330.120962,8407.080097,38916.10017,6913.049925,8320.481702,4665.901786,18762.31126,24807.25059,7921.953952,67034.84928,68787.31245,32588.72127,60631.97688,34215.96516,68147.10283
J9VRI4,CNAG_05683,Uncharacterized protein OS=Cryptococcus neoformans var. grubii serotype A (strain H99 / ATCC 208821 / CBS 10515 / FGSC 9487) GN=CNAG_05683 PE=4 SV=1,13,8.7.12.3.4.4.3.4.2.13.12.13.13.13.13.12.10.13.12.12.11.12,541883.1052,1165764.069,2087534.902,360889.0894,735149.9847,364998.7316,183266.4519,151593.9923,417895.2498,8919264.337,7565748.836,8555622.809,5629418.6,3402340.019,4208596.354,3093046.056,1538933.602,3756374.877
J9VRJ5,CNAG_00891,"ATP-binding cassette, subfamily F, member 2 OS=Cryptococcus neoformans var. grubii serotype A (strain H99 / ATCC 208821 / CBS 10515 / FGSC 9487) GN=CNAG_00891 PE=4 SV=1",8,3.1.7.1.1.3.3.1.1.2.4.3.4.4.6.7.3.4.4.3.4.3,91391.798,82967.59507,184537.0456,66406.3066,46111.76279,86327.69016,106561.8695,51113.8663,44550.10821,84582.95353,80459.60619,90819.6203,112621.8823,127468.1165,132909.7682,197925.7688,119789.7379,111586.9194
J9VRJ9,CNAG_00886,Adenosylhomocysteinase OS=Cryptococcus neoformans var. grubii serotype A (strain H99 / ATCC 208821 / CBS 10515 / FGSC 9487) GN=CNAG_00886 PE=3 SV=2,26,21.10.26.19.18.24.21.17.16.23.21.18.23.21.25.22.20.22.24.22.24.23,7387384.092,10548773.07,23466009.01,6945126.215,8396019.486,12999159.16,7636508.396,4667068.365,6982228.724,4580809.527,5995039.172,4161717.699,3551985.763,4317793.759,4050074.837,4391776.751,2348147.284,2947724.489
J9VRK4,CNAG_04361,Uncharacterized protein OS=Cryptococcus neoformans var. grubii serotype A (strain H99 / ATCC 208821 / CBS 10515 / FGSC 9487) GN=CNAG_04361 PE=4 SV=1,2,1.-.2.-.-.2.2.-.1.1.2.1.1.2.2.2.2.2.1.2.1.-,16052.60831,6320.972056,13182.4151,6883.018913,7980.629372,23835.79042,6947.233251,14729.17469,9923.757311,9544.116652,19312.68507,12543.94452,28942.30149,25334.97349,19854.6449,12084.41389,16723.26453,25312.22769
J9VRM3,CNAG_05100,ENTH domain-containing protein c OS=Cryptococcus neoformans var. grubii serotype A (strain H99 / ATCC 208821 / CBS 10515 / FGSC 9487) GN=CNAG_05100 PE=4 SV=2,3,-.1.2.-.-.-.-.1.1.2.1.2.3.2.3.3.3.3.1.2.2.1,14955.11444,45121.39029,4243.495041,6116.705845,19742.11502,11138.30717,23838.97335,28005.36596,30527.1842,58770.60905,61056.47359,46162.81004,101788.9549,153121.5207,96270.44839,149643.4322,89088.96025,152095.5131
J9VRM8,CNAG_05105,Eukaryotic translation initiation factor 3 subunit L OS=Cryptococcus neoformans var. grubii serotype A (strain H99 / ATCC 208821 / CBS 10515 / FGSC 9487) GN=CNAG_05105 PE=3 SV=1,5,2.1.4.-.-.1.1.1.1.3.1.3.4.3.5.5.3.3.3.3.1.2,213744.5181,169279.4067,128064.5202,21171.89604,28806.28271,80713.25726,76838.12966,49548.8986,58807.30894,109487.4108,83557.82184,83168.23975,109720.1742,126864.5846,156281.7957,141190.2311,166823.9769,161695.9549
J9VRN5,CNAG_04401,Alpha-soluble NSF attachment protein OS=Cryptococcus neoformans var. grubii serotype A (strain H99 / ATCC 208821 / CBS 10515 / FGSC 9487) GN=CNAG_04401 PE=4 SV=1,5,-.-.4.-.-.-.-.-.-.3.-.4.3.4.5.5.3.5.4.4.4.3,29384.60463,16093.69598,87412.02371,22516.8479,44240.54749,16837.0578,27341.96876,29732.45635,11274.43356,75630.4016,103080.6267,121646.0423,85072.74847,83139.40657,140198.7948,225885.9194,146317.1587,184420.3132
J9VRN7,CNAG_04163,Uncharacterized protein OS=Cryptococcus neoformans var. grubii serotype A (strain H99 / ATCC 208821 / CBS 10515 / FGSC 9487) GN=CNAG_04163 PE=4 SV=1,14,2.1.7.3.1.1.3.3.2.5.7.7.14.13.13.12.8.14.10.10.9.8,83146.19461,135877.1996,170563.0757,203092.1082,107781.1328,86727.72011,97761.68374,93132.97613,70517.62679,251508.385,259215.6161,328829.1886,1760661.893,1187339.944,599280.0798,584513.3728,832559.0949,1488163.581
J9VRN8,CNAG_05753,N-acetyl-gamma-glutamyl-phosphate reductase OS=Cryptococcus neoformans var. grubii serotype A (strain H99 / ATCC 208821 / CBS 10515 / FGSC 9487) GN=CNAG_05753 PE=4 SV=1,8,4.3.7.4.2.3.4.4.3.6.5.6.4.5.8.7.7.8.5.5.5.6,6742009.213,3354487.654,1051267.584,6837464.155,3938757.27,3384229.773,6754436.814,10003315.34,6798102.138,2128130.693,2701886.806,2835251.215,952371.3022,1149609.928,574953.1546,688715.6111,1017205.852,973298.7094
J9VRP1,CNAG_04168,Histone H1/5 OS=Cryptococcus neoformans var. grubii serotype A (strain H99 / ATCC 208821 / CBS 10515 / FGSC 9487) GN=CNAG_04168 PE=3 SV=1,21,11.19.18.13.16.13.21.15.16.15.15.15.18.20.14.14.19.18.21.19.14.16,19922429.76,71353674.9,12041101.06,24388176.07,58564006.32,53625347.66,25720038.08,38235123.59,24456425.21,14255055.36,25915094.15,12899142.01,26108974.12,17881849.9,8974239.169,6747994.658,15931671.3,12734364.1
J9VRQ3,CNAG_02529,Uncharacterized protein OS=Cryptococcus neoformans var. grubii serotype A (strain H99 / ATCC 208821 / CBS 10515 / FGSC 9487) GN=CNAG_02529 PE=4 SV=1,2,1.1.2.1.1.1.1.1.1.1.1.1.2.1.2.2.1.1.2.1.2.1,39781.10236,21168.89774,93423.7218,28532.12645,84642.01055,99049.5505,47888.94443,57296.72173,32663.01866,83860.74395,74754.11429,66011.33103,81377.04107,116405.8954,98733.11974,134330.0011,48764.90914,56212.99951
J9VRQ9,CNAG_05776,Uncharacterized protein OS=Cryptococcus neoformans var. grubii serotype A (strain H99 / ATCC 208821 / CBS 10515 / FGSC 9487) GN=CNAG_05776 PE=4 SV=1,1,-.-.-.-.-.-.-.-.-.-.-.-.-.-.1.1.-.-.-.-.-.-,2913.117351,3460.409765,2447.32197,2710.272679,6757.181029,3615.438,3994.544029,5415.060284,1946.344084,5283.174141,2802.290604,2771.816263,2545.546151,1793.041751,6067.434392,8317.405438,3523.141112,792.7952188
J9VRR4,CNAG_04196,Actin binding protein OS=Cryptococcus neoformans var. grubii serotype A (strain H99 / ATCC 208821 / CBS 10515 / FGSC 9487) GN=CNAG_04196 PE=3 SV=1,2,-.-.-.-.-.-.-.-.-.-.-.-.1.-.1.2.-.-.1.-.-.-,8972.471278,4496.408481,1422.567406,8390.337179,17440.16008,7377.946614,14978.64946,9857.118607,5734.130388,3270.334469,5761.355805,2584.993711,2804.768756,7548.900607,16684.80852,2350.836705,6397.632463,4721.354447
J9VRS2,CNAG_05792,Proteasome subunit alpha type OS=Cryptococcus neoformans var. grubii serotype A (strain H99 / ATCC 208821 / CBS 10515 / FGSC 9487) GN=CNAG_05792 PE=3 SV=2,2,-.2.2.1.1.1.1.1.1.2.1.1.1.2.2.2.1.1.2.1.1.2,833982.6278,589750.7765,522268.7578,409939.777,1089847.411,399243.3786,420782.6291,699671.5623,479847.43,826394.7964,362960.7652,231121.1473,487172.2558,317169.6043,329821.0622,280594.4931,459377.1385,516760.2289
J9VRS7,CNAG_02503,Glutathione peroxidase OS=Cryptococcus neoformans var. grubii serotype A (strain H99 / ATCC 208821 / CBS 10515 / FGSC 9487) GN=CNAG_02503 PE=3 SV=1,2,-.-.2.-.-.-.-.-.-.2.-.2.1.1.2.2.2.2.2.1.2.1,14790.21834,10807.65627,60378.06704,6177.25684,13152.67514,14088.70793,7869.809569,5216.369195,13543.00607,45461.05372,97129.61436,95121.55611,23963.4765,33043.80059,39859.4693,138622.0128,66024.5979,75037.66534
J9VRT5,CNAG_05125,Diphosphomevalonate decarboxylase OS=Cryptococcus neoformans var. grubii serotype A (strain H99 / ATCC 208821 / CBS 10515 / FGSC 9487) GN=CNAG_05125 PE=3 SV=1,3,1.-.3.2.1.2.-.-.2.3.2.3.2.3.3.2.3.3.2.2.2.2,94857.55623,273049.179,75128.6375,135627.5166,188884.1419,96032.68043,14036.87498,23519.91255,150649.0167,136174.5435,152626.0166,133021.9624,129042.3962,143042.3957,149196.516,162386.601,95921.68716,108879.635
J9VRT6,CNAG_04226,U4/U6.U5 tri-snRNP-associated protein 1 OS=Cryptococcus neoformans var. grubii serotype A (strain H99 / ATCC 208821 / CBS 10515 / FGSC 9487) GN=CNAG_04226 PE=4 SV=2,2,1.1.2.1.-.-.-.2.2.2.1.2.1.1.2.2.2.2.1.2.2.1,418864.5008,187452.646,45993.2829,9896.075401,17968.01242,13125.04699,127278.0833,92879.5784,152505.494,23213.59495,29055.23106,99443.60022,29623.82789,25679.23789,24794.32709,69686.75066,23922.35481,32627.19226
J9VRU2,CNAG_05812,Potassium:hydrogen antiporter OS=Cryptococcus neoformans var. grubii serotype A (strain H99 / ATCC 208821 / CBS 10515 / FGSC 9487) GN=CNAG_05812 PE=4 SV=2,2,2.2.2.2.2.2.2.2.2.2.2.2.2.2.2.2.2.2.2.2.2.2,2768738.917,850460.9685,942266.5096,2510387.278,5292807.429,887093.8315,2006888.617,1738105.663,2850197.954,1189811.077,1019124.935,965336.492,509869.6596,1444933.358,372028.9746,1461588.747,824054.2252,344027.2791
J9VRU3,CNAG_07771,Peptidase OS=Cryptococcus neoformans var. grubii serotype A (strain H99 / ATCC 208821 / CBS 10515 / FGSC 9487) GN=CNAG_07771 PE=4 SV=2,3,2.3.2.1.3.2.2.2.2.3.2.3.3.3.3.2.3.3.2.2.3.3,1254531.231,1480719.665,103289.9122,608101.3601,294159.2255,1380988.709,2889333.903,1808665.712,2042674.146,282182.9084,1189331.515,1095809.631,287733.1055,345312.7055,108530.4312,422111.293,328426.6604,210105.5809
J9VRV1,CNAG_02485,ATP synthase subunit gamma OS=Cryptococcus neoformans var. grubii serotype A (strain H99 / ATCC 208821 / CBS 10515 / FGSC 9487) GN=CNAG_02485 PE=3 SV=1,10,4.5.10.4.5.5.5.4.6.7.8.8.10.10.10.9.8.10.8.8.7.7,1050534.988,501608.0765,1737094.898,455433.1919,762836.8,967368.2893,946418.4485,687884.964,658489.7116,893400.2746,840455.5714,850066.1506,877916.4686,983216.3366,956861.7174,853655.7246,660489.2552,726328.198
J9VRV8,CNAG_05827,"Methionine-tRNA ligase, beta subunit OS=Cryptococcus neoformans var. grubii serotype A (strain H99 / ATCC 208821 / CBS 10515 / FGSC 9487) GN=CNAG_05827 PE=4 SV=2",4,1.1.4.2.-.2.1.2.2.2.2.2.2.4.3.4.4.3.2.2.2.2,66587.9146,48299.68397,123110.2758,88267.14973,60896.44574,93949.63033,47718.93976,73089.31441,75662.64036,76286.44126,45433.63736,63669.07573,108420.8115,107259.9794,99854.18893,213487.0727,111580.7775,163206.3718
J9VRX7,CNAG_04273,Uncharacterized protein OS=Cryptococcus neoformans var. grubii serotype A (strain H99 / ATCC 208821 / CBS 10515 / FGSC 9487) GN=CNAG_04273 PE=4 SV=2,1,1.-.1.-.-.-.-.-.-.1.1.1.1.1.1.1.-.1.1.1.1.1,24563.16587,98218.25245,55703.333,1850.206239,3997.461284,3233.777371,2197.804529,2129.052261,7838.045593,28130.31791,27712.5397,29210.7968,30767.68844,28791.58077,31501.19198,24425.62756,78572.34937,39050.52822
J9VRX8,CNAG_02460,Coproporphyrinogen III oxidase OS=Cryptococcus neoformans var. grubii serotype A (strain H99 / ATCC 208821 / CBS 10515 / FGSC 9487) GN=CNAG_02460 PE=4 SV=2,2,-.2.2.-.-.1.-.-.-.2.2.2.2.2.2.1.1.2.2.2.-.-,174030.8567,82898.69293,116648.9473,9841.207346,22624.46401,42431.28778,5940.579329,8556.155082,10455.59773,74666.47611,69482.22931,80222.59987,92987.67635,71004.43802,96546.0875,41821.39125,25944.32156,31996.07222
J9VRX9,CNAG_05847,Thioredoxin reductase OS=Cryptococcus neoformans var. grubii serotype A (strain H99 / ATCC 208821 / CBS 10515 / FGSC 9487) GN=CNAG_05847 PE=3 SV=1,4,3.2.4.2.2.1.2.2.3.3.2.3.4.3.4.4.3.4.3.3.3.1,282016.7044,273824.5203,288094.4349,162449.3491,291619.266,105153.2673,98054.11761,105228.0887,104887.0383,172726.3369,182842.5101,177996.9335,208814.2777,209169.544,295733.3414,462322.1716,195777.3207,265002.7505
J9VRY2,CNAG_04513,DNA-directed RNA polymerase subunit beta OS=Cryptococcus neoformans var. grubii serotype A (strain H99 / ATCC 208821 / CBS 10515 / FGSC 9487) GN=CNAG_04513 PE=3 SV=2,2,2.-.2.2.2.1.2.2.2.2.-.1.-.-.1.-.1.-.2.1.2.1,1072714.103,1484964.146,2222116.835,664614.1156,4693657.301,8306624.411,2332129.451,1603613.945,2830431.754,7609.558376,15228.65252,5910.279819,2184.390235,1791.516901,9103.628426,1544.212993,6939.471981,1346.599063
J9VRY3,CNAG_05852,Heme oxygenase 2 OS=Cryptococcus neoformans var. grubii serotype A (strain H99 / ATCC 208821 / CBS 10515 / FGSC 9487) GN=CNAG_05852 PE=4 SV=2,1,-.-.-.-.-.-.-.-.-.1.-.-.-.-.-.1.-.-.-.1.-.-,3164.787506,6878.391759,1704.015839,5475.771151,10041.63012,3174.428965,5347.984987,2000.92102,5551.724101,3551.615831,3509.990006,3305.272824,1390.23539,632.9438881,1749.420513,9070.824171,865.2376047,2730.546982
J9VRY9,CNAG_07679,Transcription elongation factor S-II OS=Cryptococcus neoformans var. grubii serotype A (strain H99 / ATCC 208821 / CBS 10515 / FGSC 9487) GN=CNAG_07679 PE=4 SV=2,3,1.1.3.1.1.1.1.2.1.1.1.3.3.2.3.3.2.3.2.3.3.2,281040.2688,516871.7731,234128.7862,376634.0609,646259.5808,796719.0646,611923.2944,556707.1673,477179.623,392282.6493,486616.835,253112.0544,215950.2805,188452.9511,120163.5304,150010.6475,302416.4777,116160.2226
J9VRZ4,CNAG_05195,Ubiquitin-conjugation factor E4 B OS=Cryptococcus neoformans var. grubii serotype A (strain H99 / ATCC 208821 / CBS 10515 / FGSC 9487) GN=CNAG_05195 PE=4 SV=1,1,1.1.1.1.1.1.1.1.1.1.1.1.1.1.1.1.1.1.1.1.1.1,234966.8817,294181.6955,49147.85568,451368.8907,636490.532,379017.5852,254047.3337,241986.7267,390123.2567,245085.3354,230011.7226,180601.1495,146441.3476,126238.8895,80092.28485,112133.7029,151801.4702,134125.9691
J9VS01,CNAG_05215,Uncharacterized protein OS=Cryptococcus neoformans var. grubii serotype A (strain H99 / ATCC 208821 / CBS 10515 / FGSC 9487) GN=CNAG_05215 PE=4 SV=1,7,1.1.5.2.-.1.3.1.2.5.3.4.5.6.7.7.6.7.4.4.4.4,149165.9893,67474.36107,111875.0829,64677.4083,54900.78091,28275.81379,71159.35219,67327.52096,39210.0723,227034.8143,122244.6896,194272.7987,357220.5233,416726.7054,325220.3933,432925.1908,332376.2818,548498.0632
J9VS03,CNAG_04307,Uricase OS=Cryptococcus neoformans var. grubii serotype A (strain H99 / ATCC 208821 / CBS 10515 / FGSC 9487) GN=CNAG_04307 PE=3 SV=2,3,-.-.1.-.-.-.-.-.-.1.-.-.1.1.3.3.1.1.2.-.-.-,12023.03243,15683.34654,26450.2219,16808.81237,17599.98341,7655.897893,9572.689525,23774.47256,7398.327647,11758.31768,7060.116934,10375.06885,34798.66242,76998.39935,38602.67225,15718.50788,12574.36827,19337.9897
J9VS07,CNAG_04312,Mannose-6-phosphate isomerase OS=Cryptococcus neoformans var. grubii serotype A (strain H99 / ATCC 208821 / CBS 10515 / FGSC 9487) GN=CNAG_04312 PE=3 SV=2,2,-.-.2.-.-.-.-.-.-.1.-.1.2.1.2.1.2.2.2.1.1.1,17184.52839,8275.213747,27949.91796,12027.81061,15798.09936,19621.78676,12700.09611,15061.88023,7880.783893,18171.77827,7256.749526,36897.75819,63817.94122,74523.38462,96570.33026,77489.24154,74432.29172,84712.59143
J9VS15,CNAG_05886,Ubiquitin-conjugating enzyme E2 OS=Cryptococcus neoformans var. grubii serotype A (strain H99 / ATCC 208821 / CBS 10515 / FGSC 9487) GN=CNAG_05886 PE=3 SV=1,3,1.1.3.-.-.1.2.-.-.-.1.1.2.3.2.3.3.2.1.3.-.-,51313.03538,74323.55757,40450.27464,13584.14761,14556.57165,12798.78258,87642.54744,17462.2738,10578.51413,5998.903173,10077.36078,5493.56957,60673.80843,48361.42737,55708.18504,88332.75264,56790.93516,81912.16477
J9VS17,CNAG_05235,Protein BMH2 OS=Cryptococcus neoformans var. grubii serotype A (strain H99 / ATCC 208821 / CBS 10515 / FGSC 9487) GN=CNAG_05235 PE=3 SV=1,30,20.13.27.15.10.19.22.13.18.26.26.26.28.24.30.26.24.28.27.25.25.25,4199464.181,5229277.972,10630869.97,3102568.812,4993462.633,5295408.356,5171070.641,3912256.826,4918621.667,9798696.463,7838405.947,9662146.58,9135178.745,8701792.052,10063436.88,10022200.87,6574731.568,10364332.27
J9VS18,CNAG_04327,Uncharacterized protein OS=Cryptococcus neoformans var. grubii serotype A (strain H99 / ATCC 208821 / CBS 10515 / FGSC 9487) GN=CNAG_04327 PE=4 SV=1,19,5.3.16.5.5.4.6.3.5.11.8.10.13.12.19.16.13.14.10.10.11.10,3436941.103,2481938.843,948717.4698,3275647.634,2156825.617,2407723.451,4774146.406,5391806.912,3427691.844,1408718.112,1634779.658,1784744.534,861743.6765,943616.487,698631.4385,761803.0742,1174212.574,982178.5155
J9VS30,CNAG_02445,Phosphoacetylglucosamine mutase OS=Cryptococcus neoformans var. grubii serotype A (strain H99 / ATCC 208821 / CBS 10515 / FGSC 9487) GN=CNAG_02445 PE=3 SV=1,1,-.-.1.-.-.-.-.-.-.1.-.1.1.1.1.1.1.1.1.1.1.1,3359.683639,2608.022996,23356.50652,6656.377827,2789.867152,4110.715083,1618.179332,6477.78653,3864.774808,18654.47715,30404.76587,37672.19734,12809.87199,21967.08776,22112.18775,43152.69844,19934.0337,26846.1292
J9VS35,CNAG_02440,Cation-transporting ATPase OS=Cryptococcus neoformans var. grubii serotype A (strain H99 / ATCC 208821 / CBS 10515 / FGSC 9487) GN=CNAG_02440 PE=3 SV=2,8,1.4.6.2.3.3.3.2.2.8.4.6.8.7.8.8.6.8.5.6.5.6,1012240.889,2198381.024,380142.0955,2885015.649,4275983.668,2268638.258,1042747.622,843584.8988,1831281.007,1894378.78,2080542.573,666451.1591,1075441.602,916656.8338,915343.8045,1403482.803,958357.5394,906915.2334
J9VS37,CNAG_04347,Aspartate kinase OS=Cryptococcus neoformans var. grubii serotype A (strain H99 / ATCC 208821 / CBS 10515 / FGSC 9487) GN=CNAG_04347 PE=4 SV=1,4,4.2.1.1.1.1.2.-.2.3.1.1.3.2.3.3.2.2.2.1.3.2,273380.3689,477535.0037,115871.0063,127363.1943,213602.2496,168714.558,98689.64578,105203.7249,157697.9218,148908.5039,143550.9773,126553.3676,75286.53117,103738.2596,48262.94326,64144.68032,99961.89661,68963.26156
J9VS38,CNAG_05258,Glucose-methanol-choline oxidoreductase OS=Cryptococcus neoformans var. grubii serotype A (strain H99 / ATCC 208821 / CBS 10515 / FGSC 9487) GN=CNAG_05258 PE=3 SV=1,46,22.13.44.21.16.19.17.17.13.38.36.42.43.43.46.38.41.42.40.37.39.38,4482219.976,6580338.122,7809997.314,5123666.087,4686978.521,2512414.425,1666473.53,2853501.607,2483563.645,9232612.86,6854824.346,13727358.26,12292832.71,9138248.251,13570995.88,6505218.711,5654167.87,9014752.683
J9VS53,CNAG_04362,ATP-dependent RNA helicase DBP5 OS=Cryptococcus neoformans var. grubii serotype A (strain H99 / ATCC 208821 / CBS 10515 / FGSC 9487) GN=CNAG_04362 PE=3 SV=2,6,2.2.4.2.2.3.2.2.2.4.2.4.4.4.6.6.4.5.3.3.4.4,193176.9368,146228.3838,125731.6944,248030.4128,370250.9731,217697.157,142426.7593,180940.3419,256052.29,107739.0449,163433.6622,134272.7757,135347.9427,125113.6541,121460.2081,352636.8162,189358.4264,170300.3754
J9VS59,CNAG_02409,Protein YOP1 OS=Cryptococcus neoformans var. grubii serotype A (strain H99 / ATCC 208821 / CBS 10515 / FGSC 9487) GN=CNAG_02409 PE=3 SV=1,1,1.1.1.1.1.1.1.1.1.1.1.1.1.1.1.1.1.1.1.1.1.1,455951.9399,1625485.936,834717.3351,1713857.064,2796198.337,2693025.72,4210555.196,1047434.783,1250379.043,1588344.979,1253004.996,432260.2665,1181911.092,1133667.915,1153608.772,266601.9771,1578649.68,643589.9166
J9VS61,CNAG_05932,Peptidyl-prolyl cis-trans isomerase D OS=Cryptococcus neoformans var. grubii serotype A (strain H99 / ATCC 208821 / CBS 10515 / FGSC 9487) GN=CNAG_05932 PE=4 SV=1,16,7.1.13.5.1.2.7.3.3.12.9.13.14.13.16.16.13.16.13.12.12.11,564596.7392,819684.7351,969001.5013,277988.6562,202049.7563,117757.6362,284994.4663,155620.6745,164945.0163,1124374.837,945900.5024,1379808.538,1002392.107,912997.0028,1637330.02,1947460.79,1263644.681,1396762.095
J9VS64,CNAG_02404,Nuclear segregation protein Bfr1 OS=Cryptococcus neoformans var. grubii serotype A (strain H99 / ATCC 208821 / CBS 10515 / FGSC 9487) GN=CNAG_02404 PE=4 SV=1,22,8.6.20.6.6.6.7.4.4.14.10.17.18.16.20.21.14.19.13.13.16.13,2896362.707,5291805.106,1639474.686,7966845.416,5486546.092,4112677.724,2245431.666,3024559.71,5742314.574,3130864.201,3490692.054,3208663.349,3000661.114,2697994.686,3041794.853,2611822.173,2298767.416,2606569.636
J9VS67,CNAG_04903,Uncharacterized protein OS=Cryptococcus neoformans var. grubii serotype A (strain H99 / ATCC 208821 / CBS 10515 / FGSC 9487) GN=CNAG_04903 PE=4 SV=1,1,-.-.1.-.-.-.-.-.-.1.1.1.1.-.1.1.-.1.1.1.1.1,3856.799389,4315.274169,13675.19006,2001.470571,3906.479149,11406.7232,6865.094656,2168.422752,2357.228328,56740.74464,82107.92902,51289.481,66351.27889,76221.68766,31093.47356,19052.50589,28903.7045,30463.4292
J9VS68,CNAG_02399,Glutathione-disulfide reductase OS=Cryptococcus neoformans var. grubii serotype A (strain H99 / ATCC 208821 / CBS 10515 / FGSC 9487) GN=CNAG_02399 PE=3 SV=1,3,1.-.2.1.-.-.2.-.-.1.1.3.2.3.3.3.2.2.2.3.2.2,147150.1375,448382.7515,103856.9732,64065.7146,14522.97189,14076.91684,86899.21218,24914.51018,10367.53188,57017.91876,54231.28191,108974.7869,166447.5609,119743.7,146512.9735,171965.0752,100408.4207,121242.9847
J9VS87,CNAG_02376,Uncharacterized protein OS=Cryptococcus neoformans var. grubii serotype A (strain H99 / ATCC 208821 / CBS 10515 / FGSC 9487) GN=CNAG_02376 PE=4 SV=1,2,1.1.2.1.1.1.1.1.1.1.1.1.2.1.2.2.1.2.2.1.1.2,44298.95183,89003.97631,43394.44533,101159.3661,173176.7266,141906.0362,78068.34106,87724.16389,64978.8556,54723.05639,83459.3737,29480.51003,44551.59978,54518.66253,32745.89771,40759.15358,50151.66352,40816.37707
J9VS96,CNAG_04879,Glycogen debranching enzyme OS=Cryptococcus neoformans var. grubii serotype A (strain H99 / ATCC 208821 / CBS 10515 / FGSC 9487) GN=CNAG_04879 PE=4 SV=2,7,1.1.5.1.1.1.2.1.1.3.4.5.6.5.7.6.7.7.3.5.4.4,201354.9583,60789.04259,85516.63641,98340.29577,184549.3711,140099.6473,110552.5723,185080.4126,272313.7666,128958.592,177965.664,150035.4396,170383.4472,211067.4419,184573.7656,240602.1855,245056.1338,255693.1524
J9VSB2,CNAG_04433,CMGC/DYRK/DYRK2 protein kinase OS=Cryptococcus neoformans var. grubii serotype A (strain H99 / ATCC 208821 / CBS 10515 / FGSC 9487) GN=CNAG_04433 PE=4 SV=2,1,-.-.1.-.-.-.1.1.1.1.-.1.1.1.1.1.1.1.1.1.1.1,9253.451815,1810.657996,4416.066894,7639.444569,12897.49982,8261.509498,11696.36214,20586.87719,11323.08489,4374.052113,4649.55274,4361.850917,22138.43908,17853.07512,8113.542172,10710.64238,8757.269157,12894.15162
J9VSB4,CNAG_05980,Large subunit ribosomal protein L7/L12 OS=Cryptococcus neoformans var. grubii serotype A (strain H99 / ATCC 208821 / CBS 10515 / FGSC 9487) GN=CNAG_05980 PE=3 SV=2,3,1.-.3.-.-.-.-.-.-.-.-.1.1.2.3.3.-.2.2.3.-.2,133401.397,123575.7136,264271.0363,22939.09747,24688.71942,9906.804029,7990.636812,17704.52306,17477.29353,6972.363669,13539.31677,2984.033717,57788.19685,51870.90188,153748.5523,185978.6327,308487.3732,95633.17141
J9VSC0,CNAG_02335,Uncharacterized protein OS=Cryptococcus neoformans var. grubii serotype A (strain H99 / ATCC 208821 / CBS 10515 / FGSC 9487) GN=CNAG_02335 PE=4 SV=1,9,2.1.9.2.1.1.1.1.1.7.2.8.8.7.9.8.8.8.7.7.6.5,651465.7643,2645345.509,1017975.488,1725232.356,3698704.477,3893554.172,2993451.849,2229867.702,2237513.968,2596538.406,2185803.246,1166135.136,1387313.737,1305013.218,949488.3213,1176895.675,2493529.491,1519678.986
J9VSC3,CNAG_04443,Uncharacterized protein OS=Cryptococcus neoformans var. grubii serotype A (strain H99 / ATCC 208821 / CBS 10515 / FGSC 9487) GN=CNAG_04443 PE=4 SV=2,11,1.-.10.1.-.1.2.-.1.9.9.11.11.9.11.10.10.11.9.10.10.8,68507.0566,77479.39392,174627.269,71389.13534,111536.7633,67995.74849,88227.13329,119717.8996,84489.48953,875145.6738,581407.1861,1007067.712,959737.3786,858619.3583,992683.552,926880.401,660982.5433,1146474.554
J9VSC4,CNAG_02330,Large subunit ribosomal protein L21e OS=Cryptococcus neoformans var. grubii serotype A (strain H99 / ATCC 208821 / CBS 10515 / FGSC 9487) GN=CNAG_02330 PE=4 SV=1,12,9.11.12.9.8.9.10.9.9.10.11.11.11.11.12.11.11.10.11.11.11.10,16497969.24,5436283.285,17023703.49,6903208.602,5270091.847,9181451.622,6335375.622,4667035.305,5723720.782,4503286.113,4797696.505,4111307.28,4726706.05,4471186.836,5386965.749,5469001.681,2726534.932,4170818.089
J9VSC8,CNAG_04448,Ribosomal protein L19 OS=Cryptococcus neoformans var. grubii serotype A (strain H99 / ATCC 208821 / CBS 10515 / FGSC 9487) GN=CNAG_04448 PE=3 SV=1,14,13.13.13.12.12.13.12.14.13.13.12.14.13.13.14.12.14.13.14.13.12.12,13438489.12,13117692.45,9488047.238,11340480.74,14778334.09,26998991.45,13276394.02,15400585.86,10969010.25,4278609.508,7618777.348,11439133.29,6407362.639,8466688.375,5098276.829,5286631.53,7564411.489,9021589.911
J9VSF6,CNAG_04478,Uncharacterized protein OS=Cryptococcus neoformans var. grubii serotype A (strain H99 / ATCC 208821 / CBS 10515 / FGSC 9487) GN=CNAG_04478 PE=4 SV=2,5,2.2.5.3.-.2.2.2.2.4.3.4.5.5.5.3.5.5.5.5.5.3,41524.03855,34970.70181,85189.45674,91221.70567,102742.5817,71794.12865,99157.66085,161019.8897,44332.31722,160388.3892,145347.3543,201736.2417,595565.2511,359871.0766,202830.5807,202823.4943,227439.9609,392805.0731
J9VSH2,CNAG_02267,Cell cycle arrest protein BUB3 OS=Cryptococcus neoformans var. grubii serotype A (strain H99 / ATCC 208821 / CBS 10515 / FGSC 9487) GN=CNAG_02267 PE=4 SV=2,2,-.-.1.-.-.-.-.-.-.1.-.1.1.1.2.2.-.1.-.-.-.-,14714.4752,8030.150491,10444.97651,17166.39734,17892.20631,5535.920163,4766.211795,13704.55176,13531.87949,11932.36139,5432.454971,20394.18724,19187.08099,15449.60899,23225.08718,35099.43585,42144.09849,15786.82135
J9VSH3,CNAG_04499,Clathrin light chain OS=Cryptococcus neoformans var. grubii serotype A (strain H99 / ATCC 208821 / CBS 10515 / FGSC 9487) GN=CNAG_04499 PE=3 SV=1,6,2.1.6.-.1.2.4.1.2.3.2.4.5.5.6.4.4.5.3.2.3.3,223946.1974,134489.3073,105312.5922,40340.374,53854.01657,32550.39759,157148.987,162418.5558,120818.5688,213818.382,87530.61358,126769.8206,721476.3878,698707.7583,920576.98,1048447.799,241085.863,418689.6108
J9VSI7,CNAG_04828,Histone H3 OS=Cryptococcus neoformans var. grubii serotype A (strain H99 / ATCC 208821 / CBS 10515 / FGSC 9487) GN=CNAG_04828 PE=3 SV=1,6,4.4.4.5.3.3.2.2.3.3.4.4.5.4.4.5.5.4.5.3.4.3,1581165.118,837786.8634,1359446.628,1479679.202,2330224.953,2222802.753,986107.6802,1187053.267,1190608.705,807667.4424,951912.2185,523010.6177,726644.7791,1045900.062,474098.4453,735663.0331,934959.2811,789008.4499
J9VSI8,CNAG_02239,26S protease regulatory subunit 4 OS=Cryptococcus neoformans var. grubii serotype A (strain H99 / ATCC 208821 / CBS 10515 / FGSC 9487) GN=CNAG_02239 PE=3 SV=2,6,2.2.5.-.1.1.2.3.1.2.-.4.5.4.6.6.4.6.5.4.4.3,41078.00879,56086.45176,82124.61178,44783.42437,56240.56181,68107.74861,50117.60334,67584.41199,47157.90581,41901.85201,43826.74424,65682.25881,147965.6266,196099.0754,156981.0472,287343.8713,165596.6973,192862.0054
J9VSJ2,CNAG_02234,60S ribosomal protein L6 OS=Cryptococcus neoformans var. grubii serotype A (strain H99 / ATCC 208821 / CBS 10515 / FGSC 9487) GN=CNAG_02234 PE=3 SV=1,23,18.17.22.15.14.18.16.15.15.18.18.20.20.22.21.19.17.21.18.19.22.18,5496007.864,5064990.28,13984541.18,5588069.139,5079875.1,7537333.179,5084148.773,4422807.52,4160198.965,4965474.546,5455947.228,4935981.078,4299837.316,4242720.845,5055842.857,4710589.171,2491270.796,3519686.735
J9VSL1,CNAG_04799,Large subunit ribosomal protein L14e OS=Cryptococcus neoformans var. grubii serotype A (strain H99 / ATCC 208821 / CBS 10515 / FGSC 9487) GN=CNAG_04799 PE=4 SV=1,12,7.6.12.7.7.8.5.5.5.8.9.9.8.10.12.8.8.8.10.9.9.8,2516314.589,2206560.563,8757692.832,2859860.397,11133947.85,3856735.857,2027096.297,1289373.054,1549817.006,3102337.81,2542088.285,2560287.721,3015067.235,2350584.757,3429126.92,2516040.856,2451448.215,2007582.65
J9VSM1,CNAG_02201,Uncharacterized protein OS=Cryptococcus neoformans var. grubii serotype A (strain H99 / ATCC 208821 / CBS 10515 / FGSC 9487) GN=CNAG_02201 PE=4 SV=2,1,1.-.1.1.-.-.1.-.1.1.1.1.1.1.1.1.1.1.1.1.1.1,17983.53159,42177.7523,30757.63218,10350.13127,1940.787774,3881.357399,10358.94909,12941.31078,21353.04758,25502.23044,25387.04668,22098.61986,40610.75112,38945.03026,41162.77164,31340.34716,25775.32689,41116.21831
J9VSM5,CNAG_02196,Septin OS=Cryptococcus neoformans var. grubii serotype A (strain H99 / ATCC 208821 / CBS 10515 / FGSC 9487) GN=CNAG_02196 PE=3 SV=1,2,-.-.1.-.-.-.-.-.-.1.2.2.2.2.2.2.2.2.2.2.2.2,19408.77236,5725.386925,24814.77079,8013.531706,18949.81128,9121.877287,4291.853633,13522.13547,15164.02787,26151.98246,16508.70185,40768.17858,37630.99997,31656.32199,51722.81236,107849.2406,26837.48476,52489.24255
J9VSM6,CNAG_01413,Nucleolysin TIA-1/TIAR OS=Cryptococcus neoformans var. grubii serotype A (strain H99 / ATCC 208821 / CBS 10515 / FGSC 9487) GN=CNAG_01413 PE=4 SV=1,2,-.-.-.-.-.-.-.-.-.-.-.-.2.-.2.2.-.1.-.-.-.-,15197.60487,8097.102159,6186.638993,11643.06692,15825.83018,6339.500164,15179.56283,12339.47724,19719.40914,2844.941513,2709.224529,3654.107632,61538.82069,74506.46429,54028.45174,86760.98834,86897.69243,54527.86638
J9VSN1,CNAG_01408,PH and SEC7 domain-containing protein OS=Cryptococcus neoformans var. grubii serotype A (strain H99 / ATCC 208821 / CBS 10515 / FGSC 9487) GN=CNAG_01408 PE=4 SV=1,2,1.1.2.1.1.1.1.1.1.1.1.1.1.2.2.1.2.1.1.1.1.2,1495416.436,1107780.359,164857.3757,2207946.793,824683.6513,687230.9654,1571657.311,1869749.546,1688634.789,591692.6041,600561.5049,790615.0228,147709.7074,190808.9109,118158.4944,103137.488,175291.0372,210647.9037
J9VSN6,CNAG_01402,Actin binding protein OS=Cryptococcus neoformans var. grubii serotype A (strain H99 / ATCC 208821 / CBS 10515 / FGSC 9487) GN=CNAG_01402 PE=3 SV=1,5,1.1.3.1.2.1.1.1.1.1.1.2.2.3.5.4.2.5.2.3.3.1,95719.12153,83367.21904,59362.50054,179910.6907,385732.2982,18866.43863,152862.2704,246730.9975,238627.4595,8406.479361,26061.5199,9130.471747,98341.95293,130352.3156,126613.2533,138443.2438,272304.6616,213182.5353
J9VSP1,CNAG_04765,Actin-related protein 2/3 complex subunit 3 OS=Cryptococcus neoformans var. grubii serotype A (strain H99 / ATCC 208821 / CBS 10515 / FGSC 9487) GN=CNAG_04765 PE=3 SV=1,2,-.-.2.-.-.-.-.-.-.1.-.1.1.1.2.2.1.1.1.1.-.2,4184.181395,3495.786713,22723.70231,13091.69599,15899.48675,9736.00944,11403.89976,18043.0077,9908.703114,15744.2461,31058.51102,20864.15853,15330.93952,19133.22745,29644.02841,54124.97299,26288.24238,20277.55962
J9VSP6,CNAG_04760,Cytoplasmic protein OS=Cryptococcus neoformans var. grubii serotype A (strain H99 / ATCC 208821 / CBS 10515 / FGSC 9487) GN=CNAG_04760 PE=4 SV=2,5,2.2.4.4.1.2.2.1.2.3.3.4.4.3.5.5.2.5.3.2.3.2,72409.39571,150817.7941,119116.5203,121286.1944,185331.5783,222776.4589,110663.2238,145993.0243,98811.5917,174151.5654,180940.0901,118177.9982,176008.3407,139084.5087,151309.107,165397.7795,395469.8193,229332.2015
J9VSQ2,CNAG_03184,BUB protein kinase OS=Cryptococcus neoformans var. grubii serotype A (strain H99 / ATCC 208821 / CBS 10515 / FGSC 9487) GN=CNAG_03184 PE=4 SV=2,1,-.-.1.1.-.-.-.-.-.1.-.-.1.1.1.1.1.1.1.1.1.-,8619.538865,1832.126669,4771.943311,3789.414259,3688.279325,3094.086731,1932.301184,11438.1196,11221.20602,6447.661027,958.56027,4587.853676,12658.58164,11264.49812,6167.84651,17779.75507,10021.5171,15541.02954
J9VSR2,CNAG_04906,26S protease regulatory subunit 10B OS=Cryptococcus neoformans var. grubii serotype A (strain H99 / ATCC 208821 / CBS 10515 / FGSC 9487) GN=CNAG_04906 PE=3 SV=1,3,1.-.2.1.-.-.1.-.1.1.1.2.2.2.3.2.2.2.1.1.1.2,25711.95848,38704.37266,41875.78862,20936.17537,13491.77216,13867.71097,33074.98684,31596.03871,18711.0972,30943.56159,25474.04318,34716.3234,52797.42099,64083.8141,59707.35557,81991.26436,41148.40611,61818.07695
J9VSR9,CNAG_04737,Uncharacterized protein OS=Cryptococcus neoformans var. grubii serotype A (strain H99 / ATCC 208821 / CBS 10515 / FGSC 9487) GN=CNAG_04737 PE=4 SV=2,2,1.1.2.1.1.1.1.1.1.1.2.2.1.2.2.2.1.2.1.1.1.1,34204424.9,20553210.2,5852805.164,37985781.22,22317354.14,18206817.63,39675675.01,53629429.24,44563871.03,14267186.42,12952917.46,18751068.57,4090321.753,6062303.802,2738171.651,3159558.237,6382524.203,4897652.055
J9VST1,CNAG_02140,NADH dehydrogenase [ubiquinone] 1 alpha subcomplex subunit OS=Cryptococcus neoformans var. grubii serotype A (strain H99 / ATCC 208821 / CBS 10515 / FGSC 9487) GN=CNAG_02140 PE=3 SV=1,2,1.1.2.1.1.1.2.1.1.1.2.2.2.2.2.2.2.2.2.2.2.2,6163369.3,4569287.025,1136386.047,6281952.268,4651722.99,4996698.42,8739548.524,10110170.73,5834829.969,3164418.594,3552886.975,3079601.686,986123.7999,1433322.269,834199.3557,865145.3444,1404715.44,1171050.384
J9VST2,CNAG_03221,60S ribosomal protein L29 OS=Cryptococcus neoformans var. grubii serotype A (strain H99 / ATCC 208821 / CBS 10515 / FGSC 9487) GN=CNAG_03221 PE=3 SV=1,20,18.19.20.18.20.18.19.20.18.17.17.16.20.19.20.17.20.17.19.20.20.18,79691319.17,161925294.2,42559695.52,102238446.2,197118807.6,156559192.3,70995404.73,118335750.8,74145587.05,59579256.2,99653763.47,37194870.3,60792118.57,70653113.9,33087445.83,34727993.19,61387604.89,51388274.51
J9VST6,CNAG_04716,KH domain-containing protein OS=Cryptococcus neoformans var. grubii serotype A (strain H99 / ATCC 208821 / CBS 10515 / FGSC 9487) GN=CNAG_04716 PE=4 SV=1,3,-.-.2.1.-.-.1.1.1.1.1.1.2.1.3.3.1.1.1.1.1.1,20291.57603,15281.20181,45165.67443,23190.2958,25931.95938,12474.64103,32377.47264,48525.90508,53886.18563,35578.52861,20071.07659,41961.42731,33620.19126,43563.26897,80927.19111,44326.49108,34368.69317,42224.74692
J9VST7,CNAG_03226,"Succinate dehydrogenase [ubiquinone] iron-sulfur subunit, mitochondrial OS=Cryptococcus neoformans var. grubii serotype A (strain H99 / ATCC 208821 / CBS 10515 / FGSC 9487) GN=CNAG_03226 PE=3 SV=1",9,5.1.8.3.2.2.3.2.2.6.7.7.7.6.9.8.6.7.6.6.6.6,683622.778,1318010.477,779360.1569,595914.4432,1002482.753,427314.3312,162087.8583,140849.0604,105123.0261,895438.6536,759929.3967,847918.2295,1020019.357,1143155.438,1214177.719,832294.3142,711521.2562,953832.4018
J9VSU2,CNAG_04884,Large subunit ribosomal protein L44 OS=Cryptococcus neoformans var. grubii serotype A (strain H99 / ATCC 208821 / CBS 10515 / FGSC 9487) GN=CNAG_04884 PE=3 SV=2,31,28.26.27.30.31.30.31.31.30.26.27.28.31.31.28.28.29.30.31.30.31.30,844631881.4,105367479.1,420983665.9,2645310623,2778865638,3009461936,2603113172,2338122312,2491035755,224858672.6,253933268.8,244552744.1,334975764.7,670119125.1,191603904.8,233155721.3,541256314.5,360791560.5
J9VSV3,CNAG_02120,TIGR01456 family HAD hydrolase OS=Cryptococcus neoformans var. grubii serotype A (strain H99 / ATCC 208821 / CBS 10515 / FGSC 9487) GN=CNAG_02120 PE=4 SV=2,3,1.1.3.1.1.1.1.2.1.2.1.1.1.1.2.2.1.1.1.1.2.3,274823.8526,1385102.786,658671.3478,1019584.607,1485818.036,1373562.886,1597336.451,1046164.443,1003118.666,1456286.459,1176120.76,347170.9514,639612.0467,427245.3051,310749.7275,383189.5984,1014645.782,378661.9318
J9VSV4,CNAG_03245,Glucose-6-phosphate 1-dehydrogenase OS=Cryptococcus neoformans var. grubii serotype A (strain H99 / ATCC 208821 / CBS 10515 / FGSC 9487) GN=CNAG_03245 PE=3 SV=1,11,7.4.9.5.2.4.5.5.4.7.4.9.8.5.10.10.8.8.8.8.10.9,844448.3136,1960435.771,852351.6999,601977.9743,1110654.824,1242145.804,559929.4129,1020703.166,1698143.663,1037620.672,814609.6169,671064.3331,816213.4045,755613.0737,605552.1039,823305.7422,722030.6511,871725.0872
J9VSW0,CNAG_02115,Nonhistone protein 6 OS=Cryptococcus neoformans var. grubii serotype A (strain H99 / ATCC 208821 / CBS 10515 / FGSC 9487) GN=CNAG_02115 PE=4 SV=1,3,3.-.2.3.-.1.2.2.3.1.1.2.1.1.1.-.1.1.2.2.2.3,595154.2649,202784.8504,42905.6677,350858.648,164371.2275,48129.42461,316037.5085,198361.1946,348103.2757,23110.73926,19567.30841,40466.20644,27302.37121,16970.4577,12217.70988,11069.7437,15196.33381,13034.00493
J9VSX1,CNAG_03270,Adenylosuccinate lyase OS=Cryptococcus neoformans var. grubii serotype A (strain H99 / ATCC 208821 / CBS 10515 / FGSC 9487) GN=CNAG_03270 PE=1 SV=1,4,1.1.3.2.-.1.-.-.2.2.1.2.3.2.4.4.2.3.3.2.4.2,212249.9245,132537.5735,174729.6941,99430.23023,54353.63861,48678.53864,10070.06495,17702.75622,51601.81563,76001.95058,52023.49814,104988.8204,94100.70406,135023.2973,123866.7345,161580.6403,176164.2466,85491.41291
J9VSX3,CNAG_04676,ATP-dependent 6-phosphofructokinase OS=Cryptococcus neoformans var. grubii serotype A (strain H99 / ATCC 208821 / CBS 10515 / FGSC 9487) GN=CNAG_04676 PE=3 SV=1,5,1.-.3.1.-.-.-.-.1.2.1.3.1.3.5.5.4.3.4.2.3.3,116346.3221,205144.0026,59167.39962,52164.63315,25683.86059,25614.5115,19441.21643,30984.04332,66741.51473,102517.6255,75901.12036,99529.43517,167136.1615,165261.3518,110643.0733,264756.8648,197210.7118,186340.7803
J9VSX5,CNAG_02100,"Fatty acid synthase subunit alpha, fungi type OS=Cryptococcus neoformans var. grubii serotype A (strain H99 / ATCC 208821 / CBS 10515 / FGSC 9487) GN=CNAG_02100 PE=4 SV=1",21,11.4.19.10.3.5.8.7.7.10.8.13.17.17.19.20.14.14.13.13.11.15,37886744.96,21469803.84,5520612.311,29291531.41,28723971.95,21281619.41,37003614.62,59935202.39,34261917.61,14903682.52,14916093.02,17335721.34,6184460.542,6342920.558,3322894.374,4702675.093,5538142.486,4746974.095
J9VSX6,CNAG_04670,Uncharacterized protein OS=Cryptococcus neoformans var. grubii serotype A (strain H99 / ATCC 208821 / CBS 10515 / FGSC 9487) GN=CNAG_04670 PE=4 SV=1,2,1.-.1.-.-.-.1.1.-.1.1.1.2.1.2.2.1.2.2.1.1.2,8147.494621,16840.46138,9521.621362,13364.13298,11881.1676,5386.750072,7773.741751,8334.038078,11701.28809,7925.01107,10726.36252,9361.995728,22543.69976,29978.88409,26576.35959,34906.47687,26047.53572,25110.92449
J9VSX9,CNAG_02094,Arp2/3 complex 34 kDa subunit OS=Cryptococcus neoformans var. grubii serotype A (strain H99 / ATCC 208821 / CBS 10515 / FGSC 9487) GN=CNAG_02094 PE=3 SV=1,2,1.-.2.-.-.-.-.-.-.1.-.2.2.1.2.2.1.2.1.2.1.2,15829.50436,13814.15737,14500.72543,12199.30537,16739.85801,14226.54093,19560.75958,13962.30809,5641.769984,18964.88988,28638.45219,44188.28245,58499.78209,37463.76242,49958.3627,46647.14527,93180.66663,45380.72956
J9VSY5,CNAG_01307,Endoplasmic reticulum protein OS=Cryptococcus neoformans var. grubii serotype A (strain H99 / ATCC 208821 / CBS 10515 / FGSC 9487) GN=CNAG_01307 PE=4 SV=2,3,1.1.2.-.-.-.2.1.1.2.-.1.2.3.2.1.2.2.1.1.2.2,1217749.775,455031.9745,52547.16622,17228.10316,17459.79953,24128.03182,933219.3713,973448.0237,1139245.897,38575.59263,121307.8357,347051.4305,30269.39976,589016.8639,36959.48003,37960.58756,450931.3873,33518.24356
J9VSZ0,CNAG_03291,Uncharacterized protein OS=Cryptococcus neoformans var. grubii serotype A (strain H99 / ATCC 208821 / CBS 10515 / FGSC 9487) GN=CNAG_03291 PE=4 SV=2,1,-.-.1.-.-.-.-.-.-.-.-.-.1.-.1.-.-.1.-.-.-.-,8635.075522,5594.846691,752.1049792,1642.86738,11474.72668,7828.324997,5393.631688,9188.609724,11093.48521,2159.256286,1006.624804,4320.611648,23225.43483,35820.05984,30268.95864,322.7600182,3684.498904,28384.22102
J9VT05,CNAG_01287,"NADH dehydrogenase [ubiquinone] flavoprotein 1, mitochondrial OS=Cryptococcus neoformans var. grubii serotype A (strain H99 / ATCC 208821 / CBS 10515 / FGSC 9487) GN=CNAG_01287 PE=3 SV=1",6,4.-.4.4.-.1.2.2.2.4.4.5.4.6.6.5.4.5.4.3.4.4,270649.6353,185905.3407,133292.7132,160190.3573,59721.49064,21581.26674,65452.1675,113765.8344,80831.20787,126673.037,88342.08891,224406.8051,180937.9497,199232.1018,268694.8135,278093.9658,223070.8251,237548.4082
J9VT08,CNAG_03315,GTP-binding protein rhoA OS=Cryptococcus neoformans var. grubii serotype A (strain H99 / ATCC 208821 / CBS 10515 / FGSC 9487) GN=CNAG_03315 PE=3 SV=1,7,1.2.2.2.1.1.2.1.1.1.1.-.4.3.6.6.2.5.2.2.1.1,122097.3835,60219.47167,116768.1614,105259.5819,70755.78274,52160.57368,95796.06221,73055.36078,42984.73182,80504.99043,69876.66662,42107.8968,407593.5816,433730.8594,474623.9072,251125.2176,383722.7667,301444.3238
J9VT09,TIF6 CNAG_04628,Eukaryotic translation initiation factor 6 OS=Cryptococcus neoformans var. grubii serotype A (strain H99 / ATCC 208821 / CBS 10515 / FGSC 9487) GN=TIF6 PE=3 SV=1,1,-.-.1.-.-.-.-.-.-.1.-.1.1.-.1.-.-.-.-.-.-.-,1586.561114,7941.073706,2281.749362,3843.925865,13875.16831,3321.615454,10093.11834,7567.127325,4637.483717,14446.77144,28095.1699,17415.73575,15199.1505,45047.66886,17125.50929,1278.02561,3966.105345,936.846987
J9VT12,CNAG_03320,Mannose-1-phosphate guanylyltransferase OS=Cryptococcus neoformans var. grubii serotype A (strain H99 / ATCC 208821 / CBS 10515 / FGSC 9487) GN=CNAG_03320 PE=4 SV=1,4,-.-.4.-.-.-.1.-.-.2.1.2.3.4.4.4.3.4.3.3.3.1,16306.46413,24275.62951,4616.130551,18088.6392,24819.40901,31086.6201,107780.6831,32044.81585,22329.19725,92153.97066,25356.725,68526.04461,125541.008,106601.2064,139628.9566,162343.405,132548.8514,121944.9857
J9VT29,CNAG_04603,Replication fork protection complex subunit Csm3/Swi3 OS=Cryptococcus neoformans var. grubii serotype A (strain H99 / ATCC 208821 / CBS 10515 / FGSC 9487) GN=CNAG_04603 PE=4 SV=1,2,2.1.2.1.1.1.1.1.1.2.1.2.1.2.2.2.1.2.1.2.1.2,986084.0941,1428424.033,469066.93,3016101.672,1454010.038,1248083.098,713501.3592,522134.1742,1931410.033,1092843.665,639877.6934,583687.5375,493052.3395,1777250.756,722981.0928,135353.7691,4591332.994,329782.7386
J9VT31,CNAG_02035,Triosephosphate isomerase OS=Cryptococcus neoformans var. grubii serotype A (strain H99 / ATCC 208821 / CBS 10515 / FGSC 9487) GN=CNAG_02035 PE=3 SV=1,11,7.2.9.7.3.4.7.6.6.9.7.9.9.8.11.11.9.11.10.9.8.8,499056.2957,1179345.132,677899.9436,553809.7472,280201.9756,281815.8903,538308.4818,443168.2561,534818.2179,604370.8842,413986.4807,733547.0699,672438.4345,600502.5567,935986.7385,986608.4617,755595.9029,843139.5607
J9VT51,CNAG_04803,Protein transporter SEC31 OS=Cryptococcus neoformans var. grubii serotype A (strain H99 / ATCC 208821 / CBS 10515 / FGSC 9487) GN=CNAG_04803 PE=4 SV=2,9,2.2.6.-.1.-.2.1.1.4.2.6.7.7.8.9.8.8.8.5.5.1,143829.7881,207064.6837,75490.73768,35618.04164,47017.21851,47607.55067,416790.3449,256037.4377,272015.1394,80803.71261,73047.32274,98375.0772,281765.3343,310419.2896,298777.7335,558453.4104,662928.8006,457585.4846
J9VT78,CNAG_06544,Non-histone chromosomal protein 6 OS=Cryptococcus neoformans var. grubii serotype A (strain H99 / ATCC 208821 / CBS 10515 / FGSC 9487) GN=CNAG_06544 PE=4 SV=1,5,2.2.5.3.1.2.2.1.2.2.2.3.4.3.5.4.2.3.3.2.2.3,272836.9924,115099.4724,428903.7457,266194.635,134312.3757,178537.256,190623.3078,171698.0273,241806.4737,211889.1635,181013.6522,268253.2071,206174.6716,195880.7918,233622.6419,175065.2308,97232.83951,165328.3237
J9VT86,CNAG_01236,rRNA-processing protein EBP2 OS=Cryptococcus neoformans var. grubii serotype A (strain H99 / ATCC 208821 / CBS 10515 / FGSC 9487) GN=CNAG_01236 PE=4 SV=1,5,2.2.3.2.2.2.2.3.2.4.3.3.4.4.5.5.2.4.3.3.3.3,179111.7873,205429.9439,147151.7684,232363.3252,242707.5564,347330.6964,176234.9843,182105.8229,175638.8698,217040.0711,314144.3704,247320.638,164667.6707,173948.7058,102360.876,138881.9739,271963.3816,214498.0103
J9VT91,CNAG_03412,Chitinase OS=Cryptococcus neoformans var. grubii serotype A (strain H99 / ATCC 208821 / CBS 10515 / FGSC 9487) GN=CNAG_03412 PE=3 SV=1,4,-.-.2.-.-.-.-.-.-.2.2.1.2.2.4.3.3.4.2.2.2.2,17589.22495,12590.95177,45968.00345,21141.73939,30973.20501,19751.65006,27126.24554,21623.52038,23841.84991,47975.28332,44808.71549,65549.71066,46542.82941,39851.33409,36982.03942,89355.70904,173740.2683,238588.8783
J9VT93,CNAG_01470,NADH dehydrogenase (Ubiquinone) flavoprotein 2 OS=Cryptococcus neoformans var. grubii serotype A (strain H99 / ATCC 208821 / CBS 10515 / FGSC 9487) GN=CNAG_01470 PE=4 SV=1,2,1.1.2.1.1.1.1.1.1.1.1.2.1.1.2.2.1.2.1.1.1.-,70727.76336,47137.44253,167165.2604,15446.15912,51946.71305,25523.48255,29994.963,115433.7148,34084.2193,10061.973,26733.62377,137668.3595,2751.567287,79903.35988,87026.75622,149203.3844,155614.5045,177435.2755
J9VT96,CNAG_01224,Large subunit ribosomal protein L18-A OS=Cryptococcus neoformans var. grubii serotype A (strain H99 / ATCC 208821 / CBS 10515 / FGSC 9487) GN=CNAG_01224 PE=4 SV=1,13,9.8.13.8.8.10.9.9.10.9.10.10.12.10.12.8.11.10.9.9.10.10,21830729.36,14608707.49,17971999.65,18570468.23,59011546.24,45083377.57,42405913.85,49649957.02,44774201.11,18358952.54,22166775.76,14824601,8629270.418,9386585.918,6400766.354,4255446.875,6399422.752,7103907.064
J9VT98,CNAG_01475,Sphingolipid C9-methyltransferase OS=Cryptococcus neoformans var. grubii serotype A (strain H99 / ATCC 208821 / CBS 10515 / FGSC 9487) GN=CNAG_01475 PE=4 SV=1,2,-.-.1.1.-.-.-.-.-.2.1.2.2.2.2.2.1.2.1.2.1.1,7411.676143,10704.64229,3045.712357,45131.48082,7473.119923,6708.654721,13967.136,16762.41351,16445.56518,57250.65247,76092.87162,95747.36499,52382.19019,51913.86429,72477.91601,108576.364,79417.55872,57461.72692
J9VTA4,CNAG_01480,Large subunit ribosomal protein L12 OS=Cryptococcus neoformans var. grubii serotype A (strain H99 / ATCC 208821 / CBS 10515 / FGSC 9487) GN=CNAG_01480 PE=3 SV=1,6,4.5.6.5.4.5.4.3.5.5.5.6.5.6.6.6.5.6.5.5.5.6,1185133.302,659023.2023,2058774.893,14659287.78,758905.7033,790962.321,604750.028,1070505.445,701383.4481,1200045.361,846037.7686,1248001.439,1081612.12,4034199.506,1869696.753,1880166.207,784723.9112,1056029.404
J9VTA9,CNAG_01486,Ribosomal protein L15 OS=Cryptococcus neoformans var. grubii serotype A (strain H99 / ATCC 208821 / CBS 10515 / FGSC 9487) GN=CNAG_01486 PE=3 SV=1,19,17.19.17.19.16.18.15.15.15.17.18.19.16.17.19.15.19.18.19.19.17.19,74845653.47,111601080.1,77764425.61,45720136.85,78093460.03,135166016.6,48880880.97,47089142.47,33227901.61,12199585.7,34501057.46,32969641.24,8768731.019,17306642.32,11394009.93,10825598.06,24644280.99,15537788.79
J9VTB1,CNAG_04736,Uncharacterized protein OS=Cryptococcus neoformans var. grubii serotype A (strain H99 / ATCC 208821 / CBS 10515 / FGSC 9487) GN=CNAG_04736 PE=4 SV=1,1,-.-.-.-.-.-.-.-.-.-.-.-.-.-.1.1.1.1.-.-.-.-,4789.548907,2964.836774,877.7950479,7897.38078,3007.71889,2445.829055,4099.156032,8854.071717,10989.2353,1455.902529,5242.00485,2873.33187,1662.592833,4008.181035,1595.574046,9942.921411,2060.954303,1709.605477
J9VTB3,CNAG_07660,Pyruvate dehydrogenase E1 component subunit alpha OS=Cryptococcus neoformans var. grubii serotype A (strain H99 / ATCC 208821 / CBS 10515 / FGSC 9487) GN=CNAG_07660 PE=4 SV=1,7,5.1.7.3.3.6.5.4.6.6.6.7.7.7.7.7.7.7.7.7.7.6,507599.4104,579881.6225,479524.8092,773984.7219,646602.9192,704335.3633,677408.1885,490096.0645,588234.5709,326960.5716,414958.7942,321334.1472,354770.7341,449810.8556,440108.1261,329585.2545,350979.3782,338322.6716
J9VTB4,CNAG_01491,Uncharacterized protein OS=Cryptococcus neoformans var. grubii serotype A (strain H99 / ATCC 208821 / CBS 10515 / FGSC 9487) GN=CNAG_01491 PE=4 SV=2,1,-.-.1.-.-.1.1.1.1.-.-.1.1.1.1.1.1.1.1.1.1.-,1591.026497,6322.446852,884.0763749,3063.958122,7048.203972,36833.92285,25400.3133,22019.6501,32954.32628,1954.239002,2037.638594,26532.977,29068.6203,38820.57293,23729.6694,33788.94868,27149.07058,30743.875
J9VTC1,CNAG_04726,60S ribosomal protein L20 OS=Cryptococcus neoformans var. grubii serotype A (strain H99 / ATCC 208821 / CBS 10515 / FGSC 9487) GN=CNAG_04726 PE=3 SV=1,16,11.10.16.12.7.12.9.8.9.9.12.11.14.13.15.11.11.13.14.14.12.12,6784081.644,6577314.875,14905211.58,4827256.565,5321295.755,9501545.893,4237564.213,3542001.191,5018644.697,3913477.894,4587328.427,3948192.608,5195181.827,3750452.863,4813256.641,4009616.743,1986665.223,2995030.675
J9VTE3,CNAG_01170,Small subunit ribosomal protein S17 OS=Cryptococcus neoformans var. grubii serotype A (strain H99 / ATCC 208821 / CBS 10515 / FGSC 9487) GN=CNAG_01170 PE=3 SV=1,12,9.9.12.9.5.9.7.6.7.9.8.9.9.9.11.8.9.9.10.10.11.9,6378732.597,6677193.671,7600741.474,4352777.551,3895393.584,4736882.819,2955449.844,3921671.073,3555568.1,3335498.023,3197174.986,4388006.086,3472455.416,3633042.448,2966099.671,3051918.895,2341170.925,2431304.654
J9VTF3,CNAG_01155,Glycerol kinase OS=Cryptococcus neoformans var. grubii serotype A (strain H99 / ATCC 208821 / CBS 10515 / FGSC 9487) GN=CNAG_01155 PE=3 SV=2,3,-.1.3.1.1.-.2.2.1.2.1.1.2.2.3.3.1.2.1.2.1.3,206626.5352,93717.33761,92115.83489,53141.31615,89634.94305,51607.2747,98043.16615,85622.95363,114410.4276,58875.08003,60458.39848,29337.75913,49158.14802,46413.65379,71511.18884,102919.9826,73348.66902,64151.93829
J9VTF4,CNAG_03476,Spermidine synthase OS=Cryptococcus neoformans var. grubii serotype A (strain H99 / ATCC 208821 / CBS 10515 / FGSC 9487) GN=CNAG_03476 PE=3 SV=1,13,6.1.13.4.2.3.4.2.3.7.6.7.7.8.12.9.8.7.10.8.9.10,443994.5898,584819.9151,812771.5247,336964.71,332943.1159,531416.4889,230826.9209,179341.9752,326542.7661,483426.771,571386.035,442570.8358,439373.4708,446445.4265,592981.5924,656641.542,355139.6237,416409.1517
J9VTG0,CNAG_06594,Oxysterol binding protein OS=Cryptococcus neoformans var. grubii serotype A (strain H99 / ATCC 208821 / CBS 10515 / FGSC 9487) GN=CNAG_06594 PE=3 SV=1,4,1.1.3.1.1.-.1.1.-.3.1.2.3.3.4.3.2.3.3.3.3.4,266413.814,52599.76118,117577.3417,623822.126,301152.7968,528310.7101,561390.719,81633.19402,163923.1694,164520.7042,65203.99905,35731.16397,205915.6611,238701.32,117822.3001,91904.49541,378034.4735,95483.91519
J9VTG3,CNAG_03486,Peptidyl-prolyl cis-trans isomerase OS=Cryptococcus neoformans var. grubii serotype A (strain H99 / ATCC 208821 / CBS 10515 / FGSC 9487) GN=CNAG_03486 PE=3 SV=2,5,1.2.3.1.1.1.1.1.1.4.2.2.5.3.5.5.4.5.3.3.3.1,189080.035,156895.3472,127661.8924,101256.4882,93377.78796,81743.60737,76590.33304,71288.10653,133031.6987,148694.2972,191935.052,107649.1413,278478.2295,373476.4862,253743.2227,283786.3759,285652.289,253790.5359
J9VTG4,CNAG_01542,Taurine catabolism dioxygenase TauD OS=Cryptococcus neoformans var. grubii serotype A (strain H99 / ATCC 208821 / CBS 10515 / FGSC 9487) GN=CNAG_01542 PE=4 SV=2,2,-.1.1.-.1.1.1.1.-.1.1.1.1.2.2.-.1.1.2.1.1.-,57628.90068,93692.53751,43267.59125,147478.7069,147759.7879,480074.6959,137633.2285,32058.52322,45537.57588,60647.35738,32604.27474,92921.47296,72037.6798,75654.27446,59117.31357,28752.8434,66646.79842,16644.84763
J9VTG6,CNAG_01140,ATP-dependent RNA helicase DRS1 OS=Cryptococcus neoformans var. grubii serotype A (strain H99 / ATCC 208821 / CBS 10515 / FGSC 9487) GN=CNAG_01140 PE=4 SV=1,10,6.8.5.9.7.8.6.6.5.5.8.7.10.10.10.6.7.7.10.8.9.9,555813.0393,1287652.411,276653.8703,937945.8639,1919950.354,18025799,796885.8919,490768.5829,546848.4465,294574.4422,714454.2214,241073.8534,838793.5853,959615.437,265919.0736,145754.344,330829.6129,286646.5708
J9VTG9,CNAG_01547,WD-repeat protein OS=Cryptococcus neoformans var. grubii serotype A (strain H99 / ATCC 208821 / CBS 10515 / FGSC 9487) GN=CNAG_01547 PE=4 SV=1,3,1.2.3.1.1.1.1.1.2.2.1.1.1.1.2.3.3.3.1.1.1.2,227797.5297,115355.2491,172660.0787,17619.49778,35466.49179,13677.63262,22973.29867,23481.43408,22863.42934,15872.0043,20452.19196,14540.97469,10915.03084,11851.65715,15693.27652,81325.39212,139403.6367,265886.2648
J9VTH3,CNAG_04659,Pyruvate decarboxylase OS=Cryptococcus neoformans var. grubii serotype A (strain H99 / ATCC 208821 / CBS 10515 / FGSC 9487) GN=CNAG_04659 PE=3 SV=1,19,6.3.16.3.3.2.5.5.4.14.13.14.19.16.18.18.17.18.15.14.17.16,548165.7795,1491674.456,1474507.426,524838.0717,575959.908,326366.214,260837.2261,739629.6112,424380.3548,2796010.628,1517539.404,4104432.152,3762824.721,2842705.193,3906455.097,3861116.506,2595133.958,4319906.778
J9VTH7,CNAG_01126,Guanine nucleotide exchange protein for ADP-robosylation factor OS=Cryptococcus neoformans var. grubii serotype A (strain H99 / ATCC 208821 / CBS 10515 / FGSC 9487) GN=CNAG_01126 PE=4 SV=2,1,1.-.1.-.-.-.-.-.-.-.-.1.1.1.1.1.1.1.-.-.1.-,3256.279395,3416.981259,4049.157412,8416.589409,4883.253813,10958.57869,9748.673014,2558.195099,3277.784364,2242.674039,2495.38639,5991.951321,6195.75698,6915.177036,6565.333353,11180.06029,4805.116583,5457.911231
J9VTH9,CNAG_01557,Calmodulin OS=Cryptococcus neoformans var. grubii serotype A (strain H99 / ATCC 208821 / CBS 10515 / FGSC 9487) GN=CNAG_01557 PE=4 SV=2,1,-.-.1.-.1.1.-.-.-.1.1.1.1.1.1.1.1.1.1.1.1.1,4472.447668,1769.791038,1024.773447,99669.42104,167514.554,94337.49017,1737.7327,2928.93741,6419.795766,82088.22622,86561.67743,134646.859,47336.61302,86549.63763,63113.7658,64993.99046,125845.2586,105378.8644
J9VTJ1,CNAG_01111,Eukaryotic translation initiation factor 3 subunit K OS=Cryptococcus neoformans var. grubii serotype A (strain H99 / ATCC 208821 / CBS 10515 / FGSC 9487) GN=CNAG_01111 PE=3 SV=2,2,-.-.1.-.-.-.-.-.-.-.-.-.-.-.1.2.1.1.-.-.-.-,3682.363305,14748.86955,3532.544169,16037.59505,13466.14765,8210.094388,16917.11934,6102.789522,5940.161764,1946.181809,3986.219886,2492.822945,2576.537717,4578.64785,2027.208244,202284.5265,325455.1383,194115.932
J9VTJ3,CNAG_04637,Multiprotein-bridging factor 1 OS=Cryptococcus neoformans var. grubii serotype A (strain H99 / ATCC 208821 / CBS 10515 / FGSC 9487) GN=CNAG_04637 PE=4 SV=1,11,4.2.8.4.3.3.4.5.4.6.4.8.10.9.11.11.9.10.6.8.7.8,814589.5477,922784.1829,1668562.703,1707830.618,1426830.936,1194870.962,2066340.447,2130119.665,1813103.542,1287583.701,1108850.994,1504393.495,3780514.394,4698632.743,3499541.713,4653977.305,7899581.158,9560741.114
J9VTK0,CNAG_01101,Uncharacterized protein OS=Cryptococcus neoformans var. grubii serotype A (strain H99 / ATCC 208821 / CBS 10515 / FGSC 9487) GN=CNAG_01101 PE=4 SV=1,4,3.2.4.2.3.2.4.3.2.4.3.4.2.4.3.4.3.4.3.4.4.3,2643448.341,11846098.57,4831754.019,7009896.699,10025246.99,12690350.63,8259211.534,6943987.597,5549915.905,4906973.138,6979420.235,3649100.041,4900203.063,4530679.523,2779659.089,2755943.965,8192950.073,2686663.844
J9VTK1,CNAG_01577,Glutamate dehydrogenase OS=Cryptococcus neoformans var. grubii serotype A (strain H99 / ATCC 208821 / CBS 10515 / FGSC 9487) GN=CNAG_01577 PE=3 SV=1,33,28.17.32.26.18.22.24.20.19.21.22.25.26.29.32.29.24.28.29.29.28.25,9815614.28,5980359.248,12810793.55,7537472.937,3805309.336,4317723.805,6835240.39,5084037.172,6645345.229,3421984.022,4171730.837,5747463.674,3496782.074,4400397.469,5378581.917,4967710.31,3677933.209,3805680.139
J9VTK7,CNAG_04621,Glycogen [starch] synthase OS=Cryptococcus neoformans var. grubii serotype A (strain H99 / ATCC 208821 / CBS 10515 / FGSC 9487) GN=CNAG_04621 PE=3 SV=2,1,-.-.1.-.-.-.-.-.-.-.-.-.-.-.1.1.1.-.-.-.-.-,1596.823842,2148.373018,14073.24616,4389.390769,4620.314807,2084.080777,3212.806856,10547.61364,5919.579575,2608.062014,2317.20684,1105.059401,3135.106076,1414.704541,12631.30722,12103.61845,10791.89354,11712.1334
J9VTL0,CNAG_01091,U5 small nuclear ribonucleoprotein component OS=Cryptococcus neoformans var. grubii serotype A (strain H99 / ATCC 208821 / CBS 10515 / FGSC 9487) GN=CNAG_01091 PE=4 SV=1,3,-.-.3.2.-.-.1.-.-.1.1.2.3.3.3.3.3.3.3.3.2.3,14318.93526,12209.29624,41981.08413,42342.66068,17682.55999,12637.06003,25136.14545,20935.95401,18915.08626,14466.76838,13139.38602,26980.04291,59807.03128,51303.09351,66793.30806,130098.9748,51483.3639,58607.90188
J9VTL4,CNAG_07745,"Alcohol dehydrogenase, propanol-preferring OS=Cryptococcus neoformans var. grubii serotype A (strain H99 / ATCC 208821 / CBS 10515 / FGSC 9487) GN=CNAG_07745 PE=4 SV=2",26,8.9.22.10.9.8.7.7.7.23.20.23.24.24.26.22.22.25.23.22.21.22,5448417.669,1816051.928,5024969.531,4297025.864,1647322.491,1297367.061,2023235.563,2899471.247,2951121.692,9048552.893,6469117.149,10538254.77,11012949.49,6549758.899,8389787.965,6108335.121,3982768.256,7291404.803
J9VTL9,CNAG_03541,Uncharacterized protein OS=Cryptococcus neoformans var. grubii serotype A (strain H99 / ATCC 208821 / CBS 10515 / FGSC 9487) GN=CNAG_03541 PE=4 SV=1,4,4.-.2.1.-.-.2.1.1.1.2.3.1.-.-.2.1.1.2.3.1.3,1624841.352,145158.6933,24272.9954,9294.528224,19434.72953,38166.04338,162644.668,211759.8159,438883.714,110787.9948,81878.47944,92450.74988,7646.118175,4878.777487,1422.067097,38025.81747,39128.75623,29999.88772
J9VTM3,CNAG_01598,Template-activating factor I OS=Cryptococcus neoformans var. grubii serotype A (strain H99 / ATCC 208821 / CBS 10515 / FGSC 9487) GN=CNAG_01598 PE=3 SV=2,2,-.-.2.-.-.1.-.-.-.-.-.-.-.1.-.2.-.1.-.-.-.1,9685.608288,6187.846778,28692.52961,6471.493034,16477.25988,39673.35698,10552.1197,16151.54601,14216.89593,6527.037734,4895.659771,2067.29707,2157.191993,14801.72154,695.8994716,85127.74122,25639.82172,10974.25892
J9VTN7,CNAG_06669,Uncharacterized protein OS=Cryptococcus neoformans var. grubii serotype A (strain H99 / ATCC 208821 / CBS 10515 / FGSC 9487) GN=CNAG_06669 PE=4 SV=1,3,-.1.3.-.1.1.-.1.-.1.1.-.2.1.2.2.-.2.1.1.1.1,395452.8611,169884.5286,48718.0542,147965.2866,196945.385,86078.06578,14084.30353,32432.04826,26448.099,34305.5946,58039.7045,29876.70944,31067.69231,24750.25871,18259.39431,25125.54843,59382.61879,33440.43984
J9VTP5,CNAG_03567,AGC/NDR/NDR protein kinase OS=Cryptococcus neoformans var. grubii serotype A (strain H99 / ATCC 208821 / CBS 10515 / FGSC 9487) GN=CNAG_03567 PE=4 SV=2,2,1.2.1.1.2.2.1.1.2.2.2.1.2.2.2.2.1.2.2.2.2.2,1035789.16,948973.2752,688060.4364,214188.9607,927697.5244,233039.8355,2746749.729,3244557.486,3205693.056,443019.3568,154128.88,113308.2279,545816.9047,58179.94965,321338.1558,96438.07544,151410.5752,144582.449
J9VTP7,CNAG_06679,Anthranilate synthase component I OS=Cryptococcus neoformans var. grubii serotype A (strain H99 / ATCC 208821 / CBS 10515 / FGSC 9487) GN=CNAG_06679 PE=4 SV=2,2,1.1.2.1.1.1.1.1.-.2.1.1.2.2.2.1.2.2.2.2.2.2,31084.0598,24119.08474,45886.02338,49892.3536,56991.7754,16008.79848,26901.12248,28415.02753,23462.62108,27528.37186,48111.34063,36491.77722,33075.91298,28702.51612,47145.44992,67812.90132,32016.14303,47799.78022
J9VTP9,CNAG_01052,Uncharacterized protein OS=Cryptococcus neoformans var. grubii serotype A (strain H99 / ATCC 208821 / CBS 10515 / FGSC 9487) GN=CNAG_01052 PE=4 SV=2,9,1.4.6.3.1.4.3.2.2.7.5.4.7.7.8.7.4.6.5.4.5.3,401919.7186,749966.9744,342770.6263,999027.3894,650267.7033,596899.0677,696357.876,429539.0296,890904.0504,855173.917,695733.2234,512615.5614,715480.2166,547020.4681,678917.3606,445296.5337,1240405.348,779052.4714
J9VTQ3,CNAG_01047,Uncharacterized protein OS=Cryptococcus neoformans var. grubii serotype A (strain H99 / ATCC 208821 / CBS 10515 / FGSC 9487) GN=CNAG_01047 PE=4 SV=1,2,-.1.1.-.-.-.-.-.-.2.1.2.2.2.2.2.1.2.1.1.1.1,76692.15361,27509.56996,18376.02473,9363.817591,23447.59842,4019.369876,9501.394294,19074.73951,10536.33455,146349.0639,151398.1269,95130.8187,99727.32687,57541.88067,89747.53894,132993.3437,178798.184,119688.9131
J9VTQ9,CNAG_01627,Amino oxidase OS=Cryptococcus neoformans var. grubii serotype A (strain H99 / ATCC 208821 / CBS 10515 / FGSC 9487) GN=CNAG_01627 PE=4 SV=2,2,-.-.2.-.-.-.-.-.-.1.-.1.1.-.2.1.-.2.1.1.1.2,7361.343429,10281.58257,25432.28825,7946.353867,21157.15036,11988.91628,11046.93746,15100.98659,7774.445932,9483.983681,15722.04883,7080.185537,9140.771854,18997.1946,24317.35029,14407.29513,30259.81781,27320.8123
J9VTR0,CNAG_06692,Glucosamine-phosphate N-acetyltransferase OS=Cryptococcus neoformans var. grubii serotype A (strain H99 / ATCC 208821 / CBS 10515 / FGSC 9487) GN=CNAG_06692 PE=4 SV=2,1,-.-.1.-.-.-.-.-.-.1.1.1.1.1.1.1.1.1.1.1.1.1,2696.532234,2988.447217,29686.28528,5033.697924,5241.52369,3756.906283,4486.406524,2631.669538,11960.0107,14146.31908,8605.146022,19682.90072,15487.15376,11589.99819,15975.62686,11288.68495,5459.768483,10082.35083
J9VTS1,CNAG_01027,Succinate-semialdehyde dehydrogenase (NADP ) OS=Cryptococcus neoformans var. grubii serotype A (strain H99 / ATCC 208821 / CBS 10515 / FGSC 9487) GN=CNAG_01027 PE=3 SV=1,2,1.-.2.2.1.-.2.2.1.1.2.1.2.1.2.1.2.2.1.2.2.1,151644.777,251223.8003,116358.3121,295224.1153,876332.0205,371294.6529,113556.6498,274119.4998,142662.2494,14611.44344,10584.4223,14300.1036,123774.2066,120736.1307,74083.11143,73638.5912,90120.39346,56298.74981
J9VTT2,CNAG_01647,Translocation protein SEC66 OS=Cryptococcus neoformans var. grubii serotype A (strain H99 / ATCC 208821 / CBS 10515 / FGSC 9487) GN=CNAG_01647 PE=4 SV=1,1,-.-.-.-.-.-.-.-.-.-.-.1.-.1.1.1.-.1.-.-.-.-,1634.570271,2491.532183,1068.530342,3198.386883,3024.311753,10463.48386,3296.987811,3718.00746,3653.607573,936.4586836,1400.603819,45010.79181,45990.10988,23695.32826,38105.8096,31805.2462,57510.66055,43184.27324
J9VTU2,CNAG_05696,Ubiquitin-conjugating enzyme E2-16 kDa OS=Cryptococcus neoformans var. grubii serotype A (strain H99 / ATCC 208821 / CBS 10515 / FGSC 9487) GN=CNAG_05696 PE=3 SV=1,3,1.-.3.-.-.-.-.-.-.2.-.3.2.3.3.3.3.3.3.3.3.3,11204.36619,11360.64952,37337.57302,21281.48814,19120.98414,10832.81929,13558.88773,7919.462086,21430.55166,48560.12595,53421.93486,113101.5999,73956.45844,48601.74721,113990.2831,232956.3503,77270.73649,97134.1834
J9VTU3,CNAG_01657,"Fumarate hydratase, mitochondrial OS=Cryptococcus neoformans var. grubii serotype A (strain H99 / ATCC 208821 / CBS 10515 / FGSC 9487) GN=CNAG_01657 PE=3 SV=1",9,3.1.8.3.2.2.3.3.3.7.4.7.6.6.9.8.6.7.8.6.7.7,238470.4709,200632.7888,301207.3858,177870.8324,169301.7471,74840.09239,155186.5341,151209.2992,158118.9214,403777.6942,307893.5104,488276.0207,305276.8868,366864.9094,504002.4948,673281.2211,409843.096,430959.8283
J9VTU7,CNAG_05701,Actin lateral binding protein OS=Cryptococcus neoformans var. grubii serotype A (strain H99 / ATCC 208821 / CBS 10515 / FGSC 9487) GN=CNAG_05701 PE=4 SV=2,10,7.5.10.5.4.5.7.4.5.8.8.8.10.10.10.10.9.10.9.9.8.8,376415.7165,288545.5614,983598.8707,257060.6819,304733.9474,322743.1844,404717.4731,314279.2,340709.651,973899.5637,713052.5741,775250.0696,1006975.932,794932.3407,985023.5242,1159740.119,667714.5861,1057458.677
J9VTV3,CNAG_00992,"Homocitrate synthase, mitochondrial OS=Cryptococcus neoformans var. grubii serotype A (strain H99 / ATCC 208821 / CBS 10515 / FGSC 9487) GN=CNAG_00992 PE=3 SV=1",16,9.1.13.7.1.3.8.3.4.8.9.13.9.11.16.16.9.13.9.13.10.12,1241420.123,2391468.916,881588.458,445463.823,327460.1613,200826.9509,429090.39,405692.3611,379142.6313,710443.329,506385.7602,818549.8354,887131.0015,788204.425,1135045.828,1798975.518,1145779.167,1043918.367
J9VTV6,CNAG_05712,"6,7-dimethyl-8-ribityllumazine synthase OS=Cryptococcus neoformans var. grubii serotype A (strain H99 / ATCC 208821 / CBS 10515 / FGSC 9487) GN=CNAG_05712 PE=3 SV=1",6,3.1.6.1.1.1.2.-.1.5.3.5.6.5.6.6.4.5.5.4.3.5,77669.82582,1611714.328,573717.7823,1075953.028,1153167.867,702336.9045,1438276.432,890860.8352,884713.5503,525976.2688,989829.3441,706249.6959,604215.7621,752462.401,518198.0672,526073.3041,944374.7879,518387.9952
J9VTW1,CNAG_01492,Uncharacterized protein OS=Cryptococcus neoformans var. grubii serotype A (strain H99 / ATCC 208821 / CBS 10515 / FGSC 9487) GN=CNAG_01492 PE=4 SV=1,5,1.1.4.1.1.-.1.1.1.2.1.4.3.2.5.4.3.4.2.3.1.1,160190.555,232329.6161,125651.9316,80752.26254,25555.87485,35651.07261,177585.7104,196053.4886,139479.1089,132390.7526,127756.5964,224246.5064,246946.0611,258936.2449,294093.9902,427584.0502,561228.5844,313027.5159
J9VTW7,CNAG_00977,VHS domain-containing protein OS=Cryptococcus neoformans var. grubii serotype A (strain H99 / ATCC 208821 / CBS 10515 / FGSC 9487) GN=CNAG_00977 PE=4 SV=1,5,1.-.3.-.-.-.1.-.-.3.1.2.3.4.5.5.2.4.3.2.3.3,41564.17002,67271.67939,56786.58075,27179.67982,36954.01374,35686.29145,36590.78676,34625.4499,17262.39161,104567.2759,87716.70716,63060.37433,117511.9305,108018.2476,106303.4624,179385.9544,221819.4616,134254.3437
J9VTX1,CNAG_00972,Uncharacterized protein OS=Cryptococcus neoformans var. grubii serotype A (strain H99 / ATCC 208821 / CBS 10515 / FGSC 9487) GN=CNAG_00972 PE=4 SV=2,3,1.1.1.2.-.-.1.2.1.1.-.2.3.1.2.3.1.3.3.1.2.2,57466.42571,29351.55243,26398.41238,87662.73296,6166.780967,10343.96551,59277.96294,66488.52946,70998.73544,33908.23869,63342.10256,38898.64781,109605.3635,69543.66238,41265.6237,70647.21898,133178.5445,217305.0719
J9VTX2,MRI1 CNAG_04136,Methylthioribose-1-phosphate isomerase OS=Cryptococcus neoformans var. grubii serotype A (strain H99 / ATCC 208821 / CBS 10515 / FGSC 9487) GN=MRI1 PE=3 SV=1,2,1.-.-.-.-.-.-.-.-.1.-.1.1.1.1.2.-.1.1.-.-.1,24975.51941,5456.291551,3796.720472,11512.01496,7120.450515,13653.05676,6179.58769,16510.60774,8652.164554,31620.13548,6255.277186,19284.29837,24815.32073,25130.02493,54105.5791,70511.32705,94480.19411,27962.13573
J9VTY3,CNAG_05751,Uncharacterized protein OS=Cryptococcus neoformans var. grubii serotype A (strain H99 / ATCC 208821 / CBS 10515 / FGSC 9487) GN=CNAG_05751 PE=4 SV=1,2,1.-.2.1.-.-.1.-.1.1.1.2.1.2.2.2.1.2.2.2.2.2,20218.57002,17603.09137,38785.69791,17819.41037,5997.215739,4153.632205,9183.288499,13253.71761,12057.48112,13310.63448,11855.88385,22382.61652,26865.87725,22599.76969,29087.0946,35192.01346,13978.27431,19048.62394
J9VTZ1,CNAG_05759,Acetyl-CoA carboxylase/biotin carboxylase OS=Cryptococcus neoformans var. grubii serotype A (strain H99 / ATCC 208821 / CBS 10515 / FGSC 9487) GN=CNAG_05759 PE=4 SV=2,128,123.21.59.121.48.64.104.110.118.57.39.108.50.56.93.106.105.95.105.103.103.105,100027314.4,14241188.55,3747617.79,89761724.29,17619900.95,12310737.33,52005059.75,58693279.37,86412098.04,7606216.681,6961439.849,18274455.18,5781640.253,4950370.285,5597103.783,19513198.77,16212844.92,10342064.87
J9VU10,CNAG_01553,CORD and CS domain-containing protein OS=Cryptococcus neoformans var. grubii serotype A (strain H99 / ATCC 208821 / CBS 10515 / FGSC 9487) GN=CNAG_01553 PE=4 SV=1,1,-.-.1.-.-.1.-.-.1.-.-.1.1.1.1.1.1.1.-.-.1.1,2617.269773,1869.407046,4343.957114,9194.283314,5989.324996,4400.025695,4731.263551,11737.54621,3385.452533,2935.391123,1246.301178,5208.868458,4851.9733,5535.68598,7337.889249,10495.30389,3771.247737,7796.976104
J9VU11,CNAG_01709,Translation initiation factor 5 OS=Cryptococcus neoformans var. grubii serotype A (strain H99 / ATCC 208821 / CBS 10515 / FGSC 9487) GN=CNAG_01709 PE=4 SV=1,1,1.-.1.-.-.-.1.-.-.-.-.-.1.1.1.1.1.1.1.-.-.1,15203.65354,34355.30573,23393.61584,4914.547956,5474.563493,4282.451785,20557.55184,6106.199228,3482.754904,1073.160113,3668.313152,4936.84274,14298.27936,26369.62176,19654.11703,17083.24573,22795.97995,46001.98206
J9VU15,CNAG_01558,Chlorophyll synthesis pathway protein BchC OS=Cryptococcus neoformans var. grubii serotype A (strain H99 / ATCC 208821 / CBS 10515 / FGSC 9487) GN=CNAG_01558 PE=3 SV=1,20,6.6.20.3.4.6.2.2.3.15.12.16.19.17.20.16.18.19.16.14.16.14,1428088.526,1206099.202,2052403.49,425320.5988,814054.0394,574644.5469,403130.0555,439650.3145,387849.0795,1651732.078,1397124.823,1785972.123,2393274.327,1855758.645,2441765.422,2117623.305,1336838.095,2397896.67
J9VU20,CNAG_04151,Oxysterol-binding protein OS=Cryptococcus neoformans var. grubii serotype A (strain H99 / ATCC 208821 / CBS 10515 / FGSC 9487) GN=CNAG_04151 PE=3 SV=2,2,-.-.2.-.-.-.-.1.-.1.-.-.1.-.2.1.2.2.-.1.1.-,4434.185978,7846.569516,20673.62446,14161.89979,15380.02542,4739.664948,3946.040729,10273.53673,5717.894497,5133.694646,3929.188145,3910.590573,10428.9183,42697.85385,34452.65412,35478.16526,17216.01766,21401.05313
J9VU24,CNAG_01568,T-complex protein 1 subunit alpha OS=Cryptococcus neoformans var. grubii serotype A (strain H99 / ATCC 208821 / CBS 10515 / FGSC 9487) GN=CNAG_01568 PE=3 SV=1,7,6.3.7.5.3.3.4.4.3.6.6.6.7.7.7.7.7.7.7.7.7.6,751324.2222,1341890.791,688305.2204,1186059.014,1927126.206,2303957.76,989719.855,1859164.729,1092527.911,1053958.012,876123.2762,666737.5919,756860.4535,696868.3762,575290.7763,882719.638,1182242.595,578502.6439
J9VU28,CNAG_05800,Large subunit ribosomal protein L33-b OS=Cryptococcus neoformans var. grubii serotype A (strain H99 / ATCC 208821 / CBS 10515 / FGSC 9487) GN=CNAG_05800 PE=4 SV=1,11,9.9.10.7.6.6.6.8.3.5.8.7.7.9.9.9.9.8.10.9.8.7,1774378.262,5536486.461,4397973.401,1805301.656,2164216.315,3453562.895,1829678.55,1503778.635,1393190.929,1223295.319,2135816.606,1358853.063,1204039.315,1337096.808,937513.584,675953.9737,1169715.474,1056556.417
J9VU34,CNAG_01740,Septin OS=Cryptococcus neoformans var. grubii serotype A (strain H99 / ATCC 208821 / CBS 10515 / FGSC 9487) GN=CNAG_01740 PE=3 SV=1,2,-.-.2.-.-.-.-.-.-.1.1.2.2.2.2.2.2.2.2.2.1.2,7418.922101,9347.2768,11034.2577,11525.36803,17701.53397,9956.066157,6243.499338,20324.92216,13524.73913,8122.221134,4730.111098,47552.84081,39160.23951,38408.14381,65373.45823,85240.24888,47560.24322,60473.91443
J9VU38,CNAG_01745,Glycerol-3-phosphate dehydrogenase [NAD(+)] OS=Cryptococcus neoformans var. grubii serotype A (strain H99 / ATCC 208821 / CBS 10515 / FGSC 9487) GN=CNAG_01745 PE=3 SV=1,2,-.-.-.-.-.-.-.-.-.1.-.1.1.-.2.2.-.1.-.1.-.-,11702.7487,12886.87629,2291.088147,4469.685373,6126.538671,7380.450252,7118.205885,11203.12307,13468.6672,9030.405407,16051.454,14085.08174,8089.611498,15521.28132,8191.656035,27504.20598,35715.76281,24525.61103
J9VU39,CNAG_00879,NAD-specific glutamate dehydrogenase OS=Cryptococcus neoformans var. grubii serotype A (strain H99 / ATCC 208821 / CBS 10515 / FGSC 9487) GN=CNAG_00879 PE=3 SV=1,1,-.-.-.-.-.-.-.-.-.-.-.-.-.-.1.1.-.-.-.-.-.-,7945.322986,9683.850954,1167.65846,2217.35103,2261.845266,1720.743635,8121.985811,2724.54431,6132.366912,1660.577756,5982.854307,1709.805135,1221.421161,999.0126183,292.8126203,20323.39752,4374.314841,2687.302458
J9VU43,CNAG_01750,Hsp72-like protein OS=Cryptococcus neoformans var. grubii serotype A (strain H99 / ATCC 208821 / CBS 10515 / FGSC 9487) GN=CNAG_01750 PE=3 SV=1,3,-.-.3.-.-.-.-.-.-.2.2.3.3.3.3.3.2.3.3.3.2.2,16539.97911,7046.836427,33373.63473,10872.40246,15556.86128,14735.6458,17967.76396,18625.43835,18541.2277,213828.4366,81340.25807,223043.0894,192922.3828,159273.3608,196575.4599,259435.1845,242784.1252,313750.9995
J9VU49,CNAG_04179,Lysine--tRNA ligase OS=Cryptococcus neoformans var. grubii serotype A (strain H99 / ATCC 208821 / CBS 10515 / FGSC 9487) GN=CNAG_04179 PE=3 SV=2,10,4.3.9.3.3.3.4.4.4.5.4.5.8.9.8.8.8.9.8.9.7.6,1537300.578,825780.8743,630485.5543,993610.8174,506655.214,673593.0465,2740608.226,2023616.304,1758660.413,554105.1915,516964.2229,840980.392,426794.1023,492648.9644,585839.6442,758134.7178,603939.732,593998.7485
J9VU52,CNAG_01594,Glycine cleavage system P protein OS=Cryptococcus neoformans var. grubii serotype A (strain H99 / ATCC 208821 / CBS 10515 / FGSC 9487) GN=CNAG_01594 PE=3 SV=1,2,2.-.2.1.-.-.1.-.1.2.2.2.2.2.2.1.1.1.2.2.2.1,27634.0793,57266.55105,55147.49562,9295.274585,9000.339139,20452.85827,13816.12384,9666.7439,10178.8841,10460.28584,12647.23059,13467.38626,11187.59141,13571.09774,14639.24187,8908.78752,4201.453518,4262.447013
J9VU53,MCM7 CNAG_05825,DNA helicase OS=Cryptococcus neoformans var. grubii serotype A (strain H99 / ATCC 208821 / CBS 10515 / FGSC 9487) GN=CNAG_05825 PE=3 SV=1,1,1.-.1.-.-.-.1.1.-.1.1.1.1.1.1.1.1.1.1.1.1.1,6977.220771,11979.35918,9064.324004,6194.817083,2665.140981,7440.170767,5805.861266,4092.398316,3719.62743,6111.037205,3767.006637,6012.036942,9376.167656,9047.204976,9558.614619,23752.42915,6441.724962,9272.882939
J9VU59,CNAG_04189,"Succinate dehydrogenase [ubiquinone] flavoprotein subunit, mitochondrial OS=Cryptococcus neoformans var. grubii serotype A (strain H99 / ATCC 208821 / CBS 10515 / FGSC 9487) GN=CNAG_04189 PE=3 SV=1",13,6.1.12.4.3.5.4.3.4.8.7.11.11.10.13.11.8.12.10.10.10.8,578937.3408,632087.7612,635546.8618,268556.8149,225369.138,233758.928,251069.7386,267283.9016,310551.5986,514793.7249,447671.0092,705881.0152,796631.1858,669249.2871,1022403.934,1012840.857,785546.849,774018.1423
J9VU63,CNAG_04194,Protein transporter SEC13 OS=Cryptococcus neoformans var. grubii serotype A (strain H99 / ATCC 208821 / CBS 10515 / FGSC 9487) GN=CNAG_04194 PE=4 SV=1,1,-.-.1.1.-.-.-.1.-.1.1.1.1.1.1.1.1.1.1.1.1.1,2732.240655,9150.394358,1115.041276,58971.09402,2280.608618,10487.95497,8273.460782,118723.6427,8499.894962,66090.10953,34283.56444,53156.64531,86911.63041,75784.98849,83299.13595,121244.5975,53568.82042,63426.07383
J9VU76,CNAG_04208,Ataxin-3 OS=Cryptococcus neoformans var. grubii serotype A (strain H99 / ATCC 208821 / CBS 10515 / FGSC 9487) GN=CNAG_04208 PE=4 SV=1,1,1.1.1.-.1.1.1.1.1.1.1.1.-.-.-.1.1.1.1.1.1.-,4166.428181,7921.650256,9768.658335,27455.51355,19851.39095,18708.38803,13624.82501,9533.252729,13836.08898,8305.689567,7644.503776,11710.61688,875.7959897,1113.222888,1044.558142,3158.724933,3198.738666,1209.242677
J9VU85,CNAG_04219,Lactoylglutathione lyase OS=Cryptococcus neoformans var. grubii serotype A (strain H99 / ATCC 208821 / CBS 10515 / FGSC 9487) GN=CNAG_04219 PE=3 SV=2,4,3.1.4.-.3.3.1.3.1.4.4.4.3.2.4.2.3.4.3.4.4.3,239424.4905,168740.8376,446276.2047,139981.5944,197820.124,191323.3585,20545.0456,167634.4376,65778.73415,206914.1656,215130.8681,233086.5659,122884.6976,104062.7842,118020.0807,175460.4096,71743.25646,120186.9304
J9VU89,CNAG_01628,Small subunit ribosomal protein S20 OS=Cryptococcus neoformans var. grubii serotype A (strain H99 / ATCC 208821 / CBS 10515 / FGSC 9487) GN=CNAG_01628 PE=3 SV=1,6,4.3.6.4.4.6.4.4.4.6.5.5.6.6.6.6.5.6.6.6.6.4,1680307.401,1025760.77,6929530.227,2250970.021,1513733.461,4322980.047,1906687.485,1281038.827,1282167.057,1919522.488,2898369.753,1675626.859,2173419.45,2306031.489,2823762.666,3108412.929,1789494.202,2627332.688
J9VU90,CNAG_01811,Uncharacterized protein OS=Cryptococcus neoformans var. grubii serotype A (strain H99 / ATCC 208821 / CBS 10515 / FGSC 9487) GN=CNAG_01811 PE=4 SV=1,17,7.2.11.5.2.4.10.12.9.9.10.11.16.17.17.12.17.17.15.14.15.15,322671.5247,696209.4449,310354.5297,278507.9821,203113.4547,277915.9375,768624.0606,1029806.499,743849.2502,562354.5547,473688.7807,804025.6112,1806888.764,2063339.324,1005771.245,1311017.991,2866149.995,4278719.982
J9VU93,CNAG_05865,Proteasome subunit beta type OS=Cryptococcus neoformans var. grubii serotype A (strain H99 / ATCC 208821 / CBS 10515 / FGSC 9487) GN=CNAG_05865 PE=3 SV=1,2,1.1.2.1.1.1.1.1.1.2.2.2.2.2.2.2.1.2.2.2.1.2,22264.29783,14741.45018,104439.0246,22767.12505,36599.10792,20005.63616,29528.90383,13528.02789,36698.59229,60387.04981,38567.7099,58855.36034,76741.52675,59589.73384,82399.87748,50241.139,70693.57879,49561.47149
J9VUB1,CNAG_01648 CNAG_07807,Histone H4 OS=Cryptococcus neoformans var. grubii serotype A (strain H99 / ATCC 208821 / CBS 10515 / FGSC 9487) GN=CNAG_01648 PE=3 SV=1,9,7.8.8.7.7.8.7.5.6.7.5.7.7.8.8.8.7.7.8.9.8.9,1614509.325,2593724.186,1853790.972,1737827.259,2389824.808,1971424.873,1327698.748,995932.4273,1366989.078,1157455.062,1286707.839,908399.4163,883012.2021,1075019.293,826720.9754,694306.1126,788617.8256,904362.5497
J9VUB5,CNAG_05884,Importin beta-4 subunit OS=Cryptococcus neoformans var. grubii serotype A (strain H99 / ATCC 208821 / CBS 10515 / FGSC 9487) GN=CNAG_05884 PE=4 SV=2,10,5.3.8.4.1.2.3.3.2.7.5.7.8.7.8.10.7.7.6.6.5.6,2600746.072,4090055.964,3273127.7,16360535.94,16523849.4,6692004.938,7156081.451,5178021.296,4387070.215,2238693.707,6497141.792,1363900.111,2937184.415,3187424.588,1538364.693,1108908.995,2361895.28,1192574.658
J9VUC5,CNAG_05894,"Dynein heavy chain 1, cytosolic OS=Cryptococcus neoformans var. grubii serotype A (strain H99 / ATCC 208821 / CBS 10515 / FGSC 9487) GN=CNAG_05894 PE=4 SV=1",2,2.1.2.1.1.1.1.1.1.1.1.2.2.1.2.2.1.2.2.1.1.1,166970.3883,376016.2594,55249.85514,156757.8601,246079.3159,212222.4407,160146.0534,29011.81169,184612.8807,1773.681063,193638.1021,73026.50125,148712.2,150277.1092,66142.63185,21882.60484,183703.1189,82366.68466
J9VUC7,CNAG_02507,Eukaryotic translation initiation factor 3 subunit H OS=Cryptococcus neoformans var. grubii serotype A (strain H99 / ATCC 208821 / CBS 10515 / FGSC 9487) GN=CNAG_02507 PE=3 SV=1,1,-.-.-.-.-.-.-.-.-.-.-.-.-.-.1.1.-.-.-.-.-.-,1585.348555,5720.128352,1238.099567,7150.050168,14031.93109,10635.0066,3442.252771,5310.300405,2903.857548,1302.195631,4062.513761,749.2255228,2769.870569,1815.848078,16687.69302,398.6884469,928.8393657,859.9349528
J9VUD2,CNAG_02502,ATP-dependent RNA helicase DBP3 OS=Cryptococcus neoformans var. grubii serotype A (strain H99 / ATCC 208821 / CBS 10515 / FGSC 9487) GN=CNAG_02502 PE=3 SV=1,2,2.1.1.2.1.1.2.1.1.1.1.1.1.1.1.1.1.1.1.2.1.1,946288.9366,686650.4638,193664.5891,1498651.778,540758.6659,702373.7337,1763816.348,1630022.825,1288852.663,658462.8487,473543.7144,721800.0869,114582.9399,188376.7078,84427.93264,106067.15,187429.6186,183383.7466
J9VUD6,CNAG_05904,Small subunit ribosomal protein S14 OS=Cryptococcus neoformans var. grubii serotype A (strain H99 / ATCC 208821 / CBS 10515 / FGSC 9487) GN=CNAG_05904 PE=3 SV=1,11,9.7.11.10.7.10.7.6.9.11.11.11.11.11.11.10.10.11.11.11.11.11,2794566.977,1689426.676,7242844.56,2335191.215,2622530.077,3288508.387,2168714.676,1604700.375,1611629.177,2635361.025,2721998.095,2744345.97,2612158.598,2557617.403,3396089.87,2520351.505,1449845.89,2033360.089
J9VUE0,CNAG_05909,"Cytochrome c1, heme protein, mitochondrial OS=Cryptococcus neoformans var. grubii serotype A (strain H99 / ATCC 208821 / CBS 10515 / FGSC 9487) GN=CNAG_05909 PE=4 SV=1",4,2.1.4.1.-.2.1.1.1.3.1.3.4.3.4.4.2.3.4.4.3.3,69253.85701,257597.5548,126161.3032,45340.42885,42795.87388,108261.3233,33393.57374,41843.49188,34549.63163,114609.4215,183460.8951,169890.3989,145984.6373,289232.211,234440.4335,275061.2275,170420.9345,155777.444
J9VUE6,CNAG_02489,"Alcohol dehydrogenase, propanol-preferring OS=Cryptococcus neoformans var. grubii serotype A (strain H99 / ATCC 208821 / CBS 10515 / FGSC 9487) GN=CNAG_02489 PE=4 SV=1",1,-.-.1.-.-.-.-.-.-.1.-.1.-.-.-.-.1.-.-.-.-.1,5295.542955,3060.320904,3548.366883,7691.736695,4089.49376,6642.658701,9768.274643,3426.130365,8912.580088,3137.527175,3564.293441,4387.967831,1481.524516,3305.788525,1471.003077,624.9561113,5830.902094,1341.07115
J9VUE7,CNAG_01881,Molecular chaperone GrpE OS=Cryptococcus neoformans var. grubii serotype A (strain H99 / ATCC 208821 / CBS 10515 / FGSC 9487) GN=CNAG_01881 PE=3 SV=1,5,4.2.5.2.1.2.2.2.2.5.5.5.5.4.5.5.5.5.5.5.5.5,425017.0443,752213.8599,1138418.88,347299.2023,399329.9628,548030.7754,597316.5843,333619.5871,435028.0117,923934.6264,715151.2609,1014947.761,1739111.56,2097422.646,1315003.14,2181148.693,2565770.954,3964420.254
J9VUF2,CNAG_05925,Septin ring protein OS=Cryptococcus neoformans var. grubii serotype A (strain H99 / ATCC 208821 / CBS 10515 / FGSC 9487) GN=CNAG_05925 PE=3 SV=1,2,2.-.2.-.1.-.1.-.1.1.-.1.1.2.2.1.1.2.1.2.2.1,212856.4932,455015.4766,80185.89042,9696.271242,12610.60542,7258.075892,32151.51645,14654.70521,96522.40906,3519.339346,10002.05547,26545.91297,107994.5625,62244.89191,113301.9225,141177.4615,50255.97284,108927.7093
J9VUF9,CNAG_01896,Alcohol dehydrogenase (NADP ) OS=Cryptococcus neoformans var. grubii serotype A (strain H99 / ATCC 208821 / CBS 10515 / FGSC 9487) GN=CNAG_01896 PE=4 SV=1,18,10.7.18.7.7.7.11.10.8.17.13.16.16.16.17.16.17.18.16.14.17.14,1890230.886,1468491.804,7654099.686,1819966.278,1888998.989,2160979.212,2708295.124,1778586.968,2100589.041,6347943.386,5243467.247,6863545.278,6852249.065,5923233.449,8411727.715,8208125.946,4380544.415,7148768.664
J9VUG0,CNAG_05935,Uridylate kinase OS=Cryptococcus neoformans var. grubii serotype A (strain H99 / ATCC 208821 / CBS 10515 / FGSC 9487) GN=CNAG_05935 PE=3 SV=1,5,1.1.5.1.1.1.-.1.1.1.-.2.3.3.5.5.3.4.1.3.2.3,57865.8547,67628.16712,47793.99348,63636.05128,103404.4574,43071.75633,65858.8405,68934.68092,101755.437,18788.38996,10344.62878,27023.52755,280069.4403,272125.272,195111.7768,306044.0239,177024.0953,248210.4399
J9VUI3,CNAG_04340,Uncharacterized protein OS=Cryptococcus neoformans var. grubii serotype A (strain H99 / ATCC 208821 / CBS 10515 / FGSC 9487) GN=CNAG_04340 PE=4 SV=1,2,1.2.2.2.2.2.2.2.2.2.2.2.2.2.2.2.2.2.2.2.2.2,1010796.365,491011.676,99911.89289,182482.409,355334.4575,419356.7512,295839.5776,377072.6103,304999.8355,218109.2799,295258.5706,165262.2186,241203.6326,211976.2173,116558.4187,120736.4606,167089.743,180435.8877
J9VUJ9,CNAG_01704,Serine/threonine protein kinase OS=Cryptococcus neoformans var. grubii serotype A (strain H99 / ATCC 208821 / CBS 10515 / FGSC 9487) GN=CNAG_01704 PE=4 SV=1,2,-.-.2.-.-.-.-.1.-.2.-.1.2.1.2.2.2.2.1.2.2.1,7587.451117,6654.712568,16066.15839,12603.3153,21434.0587,9997.483456,4817.620135,13345.23998,17458.84872,10694.10389,3998.590704,7746.566465,25041.39975,37623.42617,25203.72276,24848.60308,15460.97852,16007.14655
J9VUK0,CNAG_05978,Glutamate-tRNA ligase OS=Cryptococcus neoformans var. grubii serotype A (strain H99 / ATCC 208821 / CBS 10515 / FGSC 9487) GN=CNAG_05978 PE=3 SV=1,6,3.2.5.3.1.1.3.2.2.4.3.5.5.6.5.6.6.6.6.6.4.5,162505.7628,1344554.007,118395.0636,782615.943,237435.1323,903457.445,289419.5391,167400.6681,554967.9831,313918.2128,424135.202,133568.4824,178415.1484,112202.772,170469.6044,310983.6414,120745.282,182166.3688
J9VUK6,CNAG_01957,Proteasome subunit beta OS=Cryptococcus neoformans var. grubii serotype A (strain H99 / ATCC 208821 / CBS 10515 / FGSC 9487) GN=CNAG_01957 PE=3 SV=1,2,1.1.2.1.1.1.1.1.1.1.1.1.2.2.1.1.1.1.2.2.1.1,836260.1086,433907.6307,151581.4221,500097.604,457788.8135,523913.2982,1062348.353,867650.1056,614525.923,176924.5758,246974.0974,324495.818,91021.78318,145013.2227,83697.54999,178001.2756,147180.8467,104145.2921
J9VUL6,CNAG_01726,FACT complex subunit SPT16 OS=Cryptococcus neoformans var. grubii serotype A (strain H99 / ATCC 208821 / CBS 10515 / FGSC 9487) GN=CNAG_01726 PE=4 SV=1,1,1.-.1.1.-.1.-.1.1.-.1.1.1.1.1.-.1.1.1.1.-.-,47251.1909,28833.17823,8440.264753,46095.85515,31968.37443,16240.14297,34368.87084,39808.18357,44633.49842,3565.156359,3508.047736,5773.946609,16620.21163,10054.49071,14012.76465,10281.36703,9852.059916,11016.08094
J9VUM8,CNAG_07765,Uncharacterized protein OS=Cryptococcus neoformans var. grubii serotype A (strain H99 / ATCC 208821 / CBS 10515 / FGSC 9487) GN=CNAG_07765 PE=4 SV=1,9,3.1.8.2.1.-.-.1.1.8.6.8.8.6.8.7.7.8.7.6.6.6,132053.7711,1282309.52,129796.6656,188335.6983,137810.3457,85213.10452,546518.5429,420599.3537,779398.4342,1089533.142,1452629.558,1426538.88,1520277.627,1346216.183,1159687.087,643040.6698,443783.7634,1047858.592
J9VUN4,CNAG_02434,Copper chaperone OS=Cryptococcus neoformans var. grubii serotype A (strain H99 / ATCC 208821 / CBS 10515 / FGSC 9487) GN=CNAG_02434 PE=4 SV=1,1,-.-.-.-.-.-.-.-.-.-.-.-.1.1.1.1.-.1.-.-.-.-,1542.040174,2062.177975,563.4729384,4152.787681,2540.955727,1709.795861,2543.596383,3103.233826,3386.422142,1376.187791,2062.425604,1246.454894,10847.7345,12779.2492,11533.39261,24744.00409,58415.84514,12815.72706
J9VUQ3,CNAG_01770,MRS7 family protein OS=Cryptococcus neoformans var. grubii serotype A (strain H99 / ATCC 208821 / CBS 10515 / FGSC 9487) GN=CNAG_01770 PE=4 SV=2,8,2.-.5.-.-.1.2.-.-.5.1.7.8.6.8.7.5.6.6.4.6.7,93511.54822,146099.5654,74880.7842,26663.55546,35520.159,33608.46055,52592.42696,40011.13285,26923.91463,155103.8602,175227.154,140549.6966,214610.0269,189449.389,221829.9714,335900.7914,123036.9277,206955.3568
J9VUR9,CNAG_04441,Polyadenylate-binding protein OS=Cryptococcus neoformans var. grubii serotype A (strain H99 / ATCC 208821 / CBS 10515 / FGSC 9487) GN=CNAG_04441 PE=3 SV=1,17,12.1.17.9.2.4.7.8.5.13.7.13.13.15.15.17.14.15.14.13.13.12,807185.5305,1531930.837,869427.0218,451247.5471,162595.1035,242687.8609,341729.6407,370280.0918,313066.9585,654739.5406,486144.2085,670960.7211,762813.688,749078.8418,1019349.054,1655163.731,874010.9035,1148012.232
J9VUS1,CNAG_01796,Uncharacterized protein OS=Cryptococcus neoformans var. grubii serotype A (strain H99 / ATCC 208821 / CBS 10515 / FGSC 9487) GN=CNAG_01796 PE=4 SV=2,5,1.-.2.1.1.-.1.-.1.3.3.4.5.3.5.4.4.4.3.4.3.4,25957.84324,20696.13457,19403.7953,28360.08649,38326.34384,36857.48594,33350.81303,46817.58802,41803.98667,144681.4802,113508.4749,127145.9181,419395.7795,533245.7878,446833.2194,254372.8604,223044.9224,394669.9958
J9VUT1,CNAG_03143,Uncharacterized protein OS=Cryptococcus neoformans var. grubii serotype A (strain H99 / ATCC 208821 / CBS 10515 / FGSC 9487) GN=CNAG_03143 PE=4 SV=1,7,2.2.3.-.1.-.1.1.1.6.6.7.7.6.6.4.7.6.6.4.6.5,195577.3497,269631.6593,767344.8126,35286.842,78842.7527,45259.31414,79857.57879,181954.5498,133297.9932,3335802.501,1813621.657,3642602.311,2021689.686,1241474.875,1331309.505,631120.4623,1707948.887,1140822.198
J9VUU3,CNAG_01822,Uncharacterized protein OS=Cryptococcus neoformans var. grubii serotype A (strain H99 / ATCC 208821 / CBS 10515 / FGSC 9487) GN=CNAG_01822 PE=4 SV=1,2,2.1.2.2.1.2.2.2.2.2.1.2.2.2.2.2.2.2.2.2.2.2,351228.252,930610.3706,717797.2802,2360639.903,797029.3258,3257974.581,1960191.607,195373.9149,690075.6829,83135.03689,1234548.587,108914.0198,124983.6488,471783.3568,179071.9558,232730.253,508624.5429,331931.6706
J9VUU8,CNAG_02359,Small subunit ribosomal protein S25e OS=Cryptococcus neoformans var. grubii serotype A (strain H99 / ATCC 208821 / CBS 10515 / FGSC 9487) GN=CNAG_02359 PE=4 SV=1,14,5.4.12.7.4.7.4.4.4.7.7.8.10.8.14.10.10.9.7.9.10.8,2473665.416,1513507.665,5207750.935,2002165.098,1461742.695,3256375.306,1775027.544,1238837.023,1445062.709,1800368.739,2334855.187,2339494.713,1974947.8,2235043.531,2554118.381,2717124.189,1125592.804,1585770.118
J9VUV2,CNAG_02354,Large subunit ribosomal protein L2 OS=Cryptococcus neoformans var. grubii serotype A (strain H99 / ATCC 208821 / CBS 10515 / FGSC 9487) GN=CNAG_02354 PE=4 SV=1,4,3.4.4.4.4.4.4.3.2.4.4.4.4.4.4.4.4.4.4.4.4.4,290220.9015,223730.912,303125.0291,285813.0896,836835.9326,879209.4392,337568.4721,378815.677,275428.9392,440173.8591,833966.6748,213832.1441,305389.4603,573470.1489,146127.3459,92286.68523,386166.2055,476440.4888
J9VUV8,TSF1 CNAG_01843,"Elongation factor Ts, mitochondrial OS=Cryptococcus neoformans var. grubii serotype A (strain H99 / ATCC 208821 / CBS 10515 / FGSC 9487) GN=TSF1 PE=3 SV=1",2,1.-.2.1.-.-.1.-.1.2.-.1.2.2.2.2.1.1.2.2.1.1,85544.49569,98006.83219,50384.32727,41778.27539,14875.58341,12886.27826,860958.6938,262994.3066,48756.26326,39395.75115,47615.71828,32954.84536,30756.64487,56143.65049,53927.51496,65368.23833,44496.23625,63300.82221
J9VUX2,CNAG_02328,Pre-rRNA-processing protein TSR1 OS=Cryptococcus neoformans var. grubii serotype A (strain H99 / ATCC 208821 / CBS 10515 / FGSC 9487) GN=CNAG_02328 PE=4 SV=2,2,1.2.2.2.2.1.1.1.1.2.1.2.1.2.1.2.2.2.2.1.2.2,264083.776,262427.4622,37155.81193,234718.5269,255429.1934,163888.3286,210147.2047,369510.6021,172138.256,88806.23518,73864.34022,90781.58843,30770.37912,44192.17313,36470.39637,31144.51745,48339.36551,20667.37236
J9VUX3,CNAG_06049,GTP-binding protein ryh1 OS=Cryptococcus neoformans var. grubii serotype A (strain H99 / ATCC 208821 / CBS 10515 / FGSC 9487) GN=CNAG_06049 PE=4 SV=1,2,-.-.2.-.1.-.-.-.-.2.2.1.2.2.2.2.2.2.2.2.2.2,9864.576177,10348.98433,4276.112173,11129.1862,26937.11105,15178.15099,5717.647062,7969.132401,9872.880502,80456.26139,59772.26817,67927.09571,75161.42293,83535.33167,77262.64127,95110.19567,78737.01304,85927.44653
J9VUY6,GUA1 CNAG_01877,GMP synthase [glutamine-hydrolyzing] OS=Cryptococcus neoformans var. grubii serotype A (strain H99 / ATCC 208821 / CBS 10515 / FGSC 9487) GN=CNAG_01877 PE=3 SV=1,2,1.-.2.2.-.-.-.-.-.1.1.2.2.1.2.2.1.2.1.2.2.2,24680.33857,81474.88261,48911.31111,32276.58805,10454.02315,12265.17685,12590.38894,12365.5805,13780.1081,23354.7467,29796.87283,26041.1397,47338.37579,69481.74882,57450.09288,98471.18986,86010.25214,43230.38742
J9VV01,CNAG_02292,Copper chaperone OS=Cryptococcus neoformans var. grubii serotype A (strain H99 / ATCC 208821 / CBS 10515 / FGSC 9487) GN=CNAG_02292 PE=4 SV=2,5,1.1.3.2.-.1.2.3.1.3.2.3.4.4.5.5.4.4.3.4.2.2,48471.73061,47810.58367,56015.70233,336910.7249,100964.1209,56648.20798,47523.83846,73665.93638,55083.97821,50591.54998,107864.8013,112543.0713,108877.7515,154591.8566,161289.2183,258838.3725,120127.6037,88978.50477
J9VV03,CNAG_01892,Uncharacterized protein OS=Cryptococcus neoformans var. grubii serotype A (strain H99 / ATCC 208821 / CBS 10515 / FGSC 9487) GN=CNAG_01892 PE=4 SV=2,2,-.-.-.-.-.-.-.-.-.1.-.1.2.2.2.1.1.2.1.1.1.1,10722.62556,11099.19189,2821.051707,9759.108196,11859.14976,9996.079281,10549.91157,10227.85976,5241.841825,18816.77373,37325.40706,27862.683,38608.21672,56917.23364,42646.13645,47996.23951,132476.4857,87833.88719
J9VV04,CNAG_07778,Translation initiation factor 2 subunit 1 OS=Cryptococcus neoformans var. grubii serotype A (strain H99 / ATCC 208821 / CBS 10515 / FGSC 9487) GN=CNAG_07778 PE=4 SV=1,2,1.-.2.-.-.-.-.-.-.2.-.1.2.1.2.2.2.2.1.-.1.2,33264.49836,17603.22794,25032.26915,13338.76115,13309.43367,4186.633561,7891.669971,19495.18329,15072.62218,38539.39078,19901.08589,27278.7262,84803.967,146180.4938,80830.16081,237500.9225,55868.25306,84193.31513
J9VV06,CNAG_01897,Bromodomain-containing factor 1 OS=Cryptococcus neoformans var. grubii serotype A (strain H99 / ATCC 208821 / CBS 10515 / FGSC 9487) GN=CNAG_01897 PE=4 SV=1,5,1.3.5.2.1.5.4.2.4.4.4.2.5.4.3.4.4.5.5.4.3.5,162602.3858,125680.0416,92651.54955,117624.7693,157051.0808,195600.7639,222034.59,169455.7258,150798.6664,98465.73929,127275.2511,77630.19694,117031.9561,148321.6353,106892.7232,69610.78305,71319.54521,87937.67078
J9VV13,CNAG_02282,Carboxypeptidase A4 OS=Cryptococcus neoformans var. grubii serotype A (strain H99 / ATCC 208821 / CBS 10515 / FGSC 9487) GN=CNAG_02282 PE=3 SV=1,5,-.5.3.1.3.2.1.-.-.4.5.4.5.4.3.3.4.4.4.4.5.3,713611.6179,879346.7139,100096.265,139474.8701,192667.8047,166324.7201,29020.7942,29015.67918,27459.87377,125855.0054,491547.9781,246739.5654,481643.4019,157034.4715,72132.05071,61952.11679,152339.6037,133524.9241
J9VV25,CNAG_06102,"ADP,ATP carrier protein OS=Cryptococcus neoformans var. grubii serotype A (strain H99 / ATCC 208821 / CBS 10515 / FGSC 9487) GN=CNAG_06102 PE=3 SV=1",2,1.-.2.1.-.-.1.1.-.1.1.1.2.1.1.1.1.1.1.1.1.1,59655.95198,421630.3258,258899.5042,64128.33376,5346.192241,14746.52885,68615.98302,77184.23623,53798.93429,70156.53019,56326.85559,89919.43667,118531.4112,144078.5675,176781.0673,95420.51167,142879.4291,165349.8316
J9VV26,CNAG_03202,Adenylate cyclase OS=Cryptococcus neoformans var. grubii serotype A (strain H99 / ATCC 208821 / CBS 10515 / FGSC 9487) GN=CNAG_03202 PE=4 SV=2,1,1.1.1.1.1.1.1.1.1.1.1.1.1.1.1.1.1.1.1.1.1.1,1639419.18,5327479.96,1853059.866,2540150.192,5059196.232,4982088.419,3168770.479,2760930.447,4263061.099,2160955.651,3151453.974,1448364.229,1684310.536,1602706.803,783683.8296,1013023.445,2952084.137,1621143.599
J9VV31,CNAG_07718,Multidomain RhoGEF OS=Cryptococcus neoformans var. grubii serotype A (strain H99 / ATCC 208821 / CBS 10515 / FGSC 9487) GN=CNAG_07718 PE=4 SV=1,6,-.-.4.-.-.1.1.-.-.4.-.5.5.5.6.4.5.5.5.5.5.3,49327.5315,16141.45779,61807.75515,34068.94295,27156.98264,46394.26189,45999.76506,49839.17898,28139.2061,81447.93607,136860.503,112696.7954,124813.6606,129595.201,147671.5712,173179.2118,122419.2271,147424.2489
J9VV32,CNAG_02263,Uncharacterized protein OS=Cryptococcus neoformans var. grubii serotype A (strain H99 / ATCC 208821 / CBS 10515 / FGSC 9487) GN=CNAG_02263 PE=4 SV=2,3,-.-.2.-.-.-.-.-.-.2.-.1.2.1.3.3.2.3.1.2.2.2,13862.80829,6116.794154,33679.23511,11824.79773,23465.82233,15108.77929,12686.20631,26195.66837,19122.49084,29079.78581,17266.86457,10322.54552,24743.1926,39599.55986,28453.62314,114587.4162,71923.13052,57177.11535
J9VV35,CNAG_06113,Uncharacterized protein OS=Cryptococcus neoformans var. grubii serotype A (strain H99 / ATCC 208821 / CBS 10515 / FGSC 9487) GN=CNAG_06113 PE=4 SV=1,19,11.7.19.12.7.13.12.9.11.16.17.15.15.14.16.17.14.17.17.16.16.15,3863000.191,4609375.21,10828069.08,4640029.33,4977583.172,5532195.288,2926713.884,2950191.174,3215776.246,5226274.281,5479936.992,5102494.177,5173797.979,4610929.102,4904758.91,6355544.23,4211945.489,7133173.145
J9VV46,CNAG_06122,Glycerol-1-phosphatase OS=Cryptococcus neoformans var. grubii serotype A (strain H99 / ATCC 208821 / CBS 10515 / FGSC 9487) GN=CNAG_06122 PE=4 SV=1,1,-.-.-.-.-.-.-.-.-.1.-.1.1.1.1.1.1.1.-.1.1.-,3328.611449,7703.73784,1120.600148,5525.171768,8159.402019,5059.36401,3909.031861,10352.62335,5529.872796,44891.33014,44677.55701,50831.93902,55944.36062,36819.58861,55916.20457,110849.2691,42984.53043,76675.2035
J9VV50,CNAG_07839,Large subunit ribosomal protein L11 OS=Cryptococcus neoformans var. grubii serotype A (strain H99 / ATCC 208821 / CBS 10515 / FGSC 9487) GN=CNAG_07839 PE=3 SV=1,15,12.12.15.10.9.12.11.9.9.12.13.13.14.15.14.14.11.11.13.14.13.12,5005682.753,2526658.11,15006176.75,3681325.548,4487518.303,7221999.329,2969247.232,2445284.721,2617497.443,3654671.231,3995074.621,3676166.162,4158876.648,4081880.724,4622062.769,3099390.463,2253568.865,3127643.956
J9VV67,CNAG_01958,Het-c2 protein OS=Cryptococcus neoformans var. grubii serotype A (strain H99 / ATCC 208821 / CBS 10515 / FGSC 9487) GN=CNAG_01958 PE=4 SV=1,6,3.1.6.3.2.2.3.1.4.5.4.6.5.5.6.6.5.6.4.5.5.5,191910.6829,121867.9741,202694.9686,219894.8241,186573.8185,247868.2256,228977.0165,258276.3293,293474.8909,347855.0402,412439.9014,343445.5933,168326.3979,237276.9543,303564.8133,314263.9605,264201.2735,378538.8149
J9VV68,CNAG_04904,Clathrin heavy chain OS=Cryptococcus neoformans var. grubii serotype A (strain H99 / ATCC 208821 / CBS 10515 / FGSC 9487) GN=CNAG_04904 PE=3 SV=1,18,4.3.16.4.1.-.5.3.2.11.6.15.16.16.18.17.13.15.11.16.11.11,195296.3792,262057.7179,486245.8756,410594.8617,123091.0189,241860.8192,218763.3981,389280.339,208360.9438,475113.712,422906.8655,597176.9387,779365.6922,677600.8616,782918.0834,1055279.309,555402.8916,683095.5584
J9VV69,CNAG_06141,DUTP pyrophosphatase OS=Cryptococcus neoformans var. grubii serotype A (strain H99 / ATCC 208821 / CBS 10515 / FGSC 9487) GN=CNAG_06141 PE=4 SV=1,3,2.2.3.2.1.2.2.1.2.2.2.2.2.2.3.3.2.3.2.2.3.2,135629.1618,44149.30408,261807.1075,74425.53304,85591.66295,146989.2001,82478.57221,107839.7451,74038.75413,97082.64041,111463.3416,91861.51353,126786.7746,107999.4562,118498.6374,240665.1998,127052.4392,141038.2806
J9VV75,CNAG_03263,Elongation factor Tu OS=Cryptococcus neoformans var. grubii serotype A (strain H99 / ATCC 208821 / CBS 10515 / FGSC 9487) GN=CNAG_03263 PE=3 SV=1,7,2.-.6.1.-.-.-.-.-.4.1.4.5.6.6.7.4.6.5.5.4.3,130132.1663,287116.0617,193029.1778,47992.74271,45773.17921,28338.22402,33753.78225,45984.89512,40817.89368,82410.92535,150959.6751,152252.7875,249179.5987,224818.7217,332122.6162,419237.0473,421502.8998,231994.6041
J9VV78,CNAG_03268,Uncharacterized protein OS=Cryptococcus neoformans var. grubii serotype A (strain H99 / ATCC 208821 / CBS 10515 / FGSC 9487) GN=CNAG_03268 PE=4 SV=1,2,2.1.2.2.1.1.1.2.1.2.2.2.2.2.2.2.2.2.2.2.2.2,452738.6468,159917.4388,218942.6194,145192.8443,84419.81188,127375.4584,31902.68893,66611.37177,35091.33635,140879.1064,186631.2408,213186.2063,117816.7147,132174.6088,134084.0594,56093.98032,145438.5128,133433.1715
J9VV81,CNAG_01974,Ribosomal protein OS=Cryptococcus neoformans var. grubii serotype A (strain H99 / ATCC 208821 / CBS 10515 / FGSC 9487) GN=CNAG_01974 PE=3 SV=1,4,2.2.2.4.4.3.4.4.3.1.2.2.4.4.4.4.4.4.4.4.4.3,11139605.27,43247659.38,14001559.76,21678446.33,22691394.5,35017336.3,40442603.95,27212968.37,21773348.75,18157833.06,22401796.75,15025532.53,11018741.53,10172561.96,5106048.819,10236157,15783886.22,10831252.72
J9VV89,CNAG_01984,Transaldolase OS=Cryptococcus neoformans var. grubii serotype A (strain H99 / ATCC 208821 / CBS 10515 / FGSC 9487) GN=CNAG_01984 PE=3 SV=1,28,24.13.27.21.15.18.24.17.17.25.24.26.26.27.27.26.25.27.26.24.25.24,8331600.864,4965381.337,10097391.43,6652993.676,4356257.092,5423261.526,6041530.485,5785190.774,5067523.546,8117842.716,6379086.85,8048944.788,9552307.639,7364026.304,9722563.333,17279955.83,8920833.3,11784752.38
J9VV93,CNAG_03289,Methionine aminopeptidase 2 OS=Cryptococcus neoformans var. grubii serotype A (strain H99 / ATCC 208821 / CBS 10515 / FGSC 9487) GN=CNAG_03289 PE=3 SV=2,2,-.1.1.-.1.-.-.1.1.-.-.2.2.2.2.2.2.2.1.1.1.-,49219.9604,27884.91807,29563.01061,5773.125793,63890.38609,15318.61259,32363.71956,34081.16132,33273.11409,3032.869088,6455.888582,55757.45964,59219.24156,51944.49813,36886.76734,44013.50625,53052.05503,59020.73959
J9VVA3,CNAG_03303,40S ribosomal protein S27 OS=Cryptococcus neoformans var. grubii serotype A (strain H99 / ATCC 208821 / CBS 10515 / FGSC 9487) GN=CNAG_03303 PE=3 SV=1,5,5.3.5.5.4.3.3.5.4.4.4.3.5.4.5.5.3.4.5.5.5.5,2392194.807,557192.672,2768836.689,1169741.645,602111.532,1005822.575,625015.6923,300483.6191,573298.879,846381.2922,598712.4815,685100.0362,639440.7135,777920.5306,1090906.722,468252.512,332685.3859,471215.7578
J9VVA4,CNAG_06150,Hsp90-like protein OS=Cryptococcus neoformans var. grubii serotype A (strain H99 / ATCC 208821 / CBS 10515 / FGSC 9487) GN=CNAG_06150 PE=3 SV=1,48,22.8.38.18.12.9.16.16.15.37.26.38.42.37.46.46.38.41.39.36.33.34,5833690.758,9494615.073,10256023.33,4202436.568,6110843.796,4130125.042,5767751.972,4703235.423,3228999.211,10022489.71,8345290.391,12108830.06,8782618.877,10241570.83,14274751.51,22319367.79,13753996.34,16923901.1
J9VVB2,ADK1 CNAG_02007,Adenylate kinase OS=Cryptococcus neoformans var. grubii serotype A (strain H99 / ATCC 208821 / CBS 10515 / FGSC 9487) GN=ADK1 PE=3 SV=1,9,4.1.9.3.-.2.3.3.3.6.6.7.8.8.9.8.8.9.7.8.6.4,296382.9289,586846.3093,381795.2462,159739.9575,56105.65486,117688.3816,166310.1656,223879.2523,274274.0164,425062.0597,396973.8685,683153.4428,477472.4854,655612.0626,777192.6466,969464.5104,439131.5068,612713.8502
J9VVD3,CNAG_02145,Uncharacterized protein OS=Cryptococcus neoformans var. grubii serotype A (strain H99 / ATCC 208821 / CBS 10515 / FGSC 9487) GN=CNAG_02145 PE=4 SV=1,1,-.1.1.-.-.1.-.-.-.1.1.1.1.-.1.1.1.1.1.1.1.1,25716.25147,7928.51414,33337.56245,10326.50647,3337.083771,9420.470599,7275.155594,8497.774914,2530.212816,17063.4611,11343.03727,18079.05436,11429.48378,13651.53678,15095.84521,38498.50747,10226.50804,11789.70244
J9VVD4,CNAG_06170,S-formylglutathione hydrolase OS=Cryptococcus neoformans var. grubii serotype A (strain H99 / ATCC 208821 / CBS 10515 / FGSC 9487) GN=CNAG_06170 PE=3 SV=1,2,1.2.2.2.1.2.2.2.1.2.2.2.1.2.2.2.1.2.2.1.2.1,100372.6569,98111.89241,66351.94419,99360.63173,168995.0381,105261.1633,92934.90126,106530.2258,56510.4076,49877.2654,89629.69442,59852.13782,54963.09316,53756.53139,51723.38194,70422.17653,93037.65781,65203.28663
J9VVD8,CNAG_06175,26S proteasome regulatory subunit N2 OS=Cryptococcus neoformans var. grubii serotype A (strain H99 / ATCC 208821 / CBS 10515 / FGSC 9487) GN=CNAG_06175 PE=4 SV=2,3,1.1.3.1.-.1.2.1.1.3.3.3.3.2.3.3.3.3.2.3.3.2,481261.2842,312432.6709,1848123.424,476920.2932,500906.2133,894337.7196,327642.7609,227919.3364,308401.6584,476060.6079,473437.274,445692.1192,399883.414,436648.4311,531925.3504,679199.1708,307543.2051,469348.152
J9VVE2,CNAG_02134,Uncharacterized protein OS=Cryptococcus neoformans var. grubii serotype A (strain H99 / ATCC 208821 / CBS 10515 / FGSC 9487) GN=CNAG_02134 PE=4 SV=1,2,-.-.1.-.-.-.1.-.-.1.-.-.-.-.1.2.-.1.1.1.1.1,4567.347757,6269.476641,33583.43647,7256.01164,5302.065529,16283.23486,102921.0749,12107.05994,18127.17636,4546.668624,7904.832407,4031.063741,1863.799535,3860.772797,1229.109449,92585.40638,68397.59254,43865.41891
J9VVE7,CNAG_02129,Uncharacterized protein OS=Cryptococcus neoformans var. grubii serotype A (strain H99 / ATCC 208821 / CBS 10515 / FGSC 9487) GN=CNAG_02129 PE=4 SV=1,49,9.6.40.6.7.6.7.7.7.41.34.40.44.37.49.41.40.46.35.33.29.34,4591852.768,12447449.96,3702008.577,10002986.33,17617168.52,13343675.18,7888617.497,12638151.71,7427097.813,12719132.9,10431643.79,8398111.939,13419107.66,7208812.382,5307696.703,10463366.01,7562477.309,9296770.53
J9VVH4,CNAG_02099,"Fatty acid synthase subunit beta, fungi type OS=Cryptococcus neoformans var. grubii serotype A (strain H99 / ATCC 208821 / CBS 10515 / FGSC 9487) GN=CNAG_02099 PE=4 SV=1",28,18.3.25.12.4.7.10.7.8.12.8.18.22.23.25.25.16.24.18.17.16.16,3314057.924,2427613.862,1484261.193,2314829.2,5001175.117,4365438.711,1878895.084,2595591.299,3523720.53,1457283.85,3651966.771,1167519.955,1874397.099,2247841.626,1162677.528,1480995.703,1501729.387,1646066.582
J9VVH9,CNAG_06229,Uncharacterized protein OS=Cryptococcus neoformans var. grubii serotype A (strain H99 / ATCC 208821 / CBS 10515 / FGSC 9487) GN=CNAG_06229 PE=4 SV=1,4,1.-.3.1.-.1.1.1.1.1.-.1.4.4.4.4.3.4.2.3.4.2,99127.54772,123257.4201,81774.95071,81674.32586,59929.63885,54336.99808,99566.91094,123165.693,154482.5586,79443.79905,112760.8983,128329.5617,310674.357,367627.8131,199700.4092,282419.9921,402909.3775,607798.9609
J9VVJ0,CNAG_03410,Cytoplasmic protein OS=Cryptococcus neoformans var. grubii serotype A (strain H99 / ATCC 208821 / CBS 10515 / FGSC 9487) GN=CNAG_03410 PE=4 SV=1,2,-.-.1.-.-.-.-.-.-.2.-.-.1.2.2.2.1.2.2.1.1.1,4286.823345,4737.016592,30285.3878,19151.2027,5314.23837,7220.088858,15233.5659,11588.29341,12452.85775,13751.51486,7289.930003,4196.335266,28244.23267,39619.46244,59488.29092,49985.93114,35581.91585,53783.9017
J9VVJ6,CNAG_02079,Cytoplasmic protein OS=Cryptococcus neoformans var. grubii serotype A (strain H99 / ATCC 208821 / CBS 10515 / FGSC 9487) GN=CNAG_02079 PE=4 SV=1,6,3.-.5.-.-.2.-.3.2.2.1.4.4.3.6.4.4.5.4.1.3.2,78765.53459,207813.2042,149733.4191,29449.23728,37718.08647,62218.29725,46856.07058,213179.4862,50000.1798,59859.8379,91914.29091,107721.5468,197420.4927,210517.9157,219169.6197,171342.7992,133753.2466,89013.07554
J9VVK6,CNAG_04800,"Phenylalanine-tRNA ligase, alpha subunit OS=Cryptococcus neoformans var. grubii serotype A (strain H99 / ATCC 208821 / CBS 10515 / FGSC 9487) GN=CNAG_04800 PE=4 SV=1",2,2.-.2.-.1.-.-.1.-.2.-.2.2.2.2.2.2.2.2.2.2.1,38811.01459,56011.14098,46283.98059,7354.394737,119414.3079,14961.50405,5048.605916,12563.25023,17403.52028,23136.56132,31421.74213,30463.05225,37721.38268,28796.91461,42878.89507,69604.99909,22370.14721,35603.10207
J9VVL7,CNAG_06079,Proliferating cell nuclear antigen OS=Cryptococcus neoformans var. grubii serotype A (strain H99 / ATCC 208821 / CBS 10515 / FGSC 9487) GN=CNAG_06079 PE=3 SV=1,2,-.-.2.-.-.-.-.-.-.-.-.1.1.1.2.1.-.1.1.-.1.-,12539.56218,6874.318034,3334.446749,4665.667667,7026.384438,9833.948365,5618.865443,18657.40468,6398.831573,4593.234921,6550.139185,40055.8713,89958.37701,71545.5646,64709.25522,53754.32175,78315.66714,57746.85065
J9VVL8,CNAG_04785,Uncharacterized protein OS=Cryptococcus neoformans var. grubii serotype A (strain H99 / ATCC 208821 / CBS 10515 / FGSC 9487) GN=CNAG_04785 PE=4 SV=1,1,1.-.1.-.-.-.-.-.-.1.-.1.1.-.1.1.-.1.1.1.1.-,23670.44346,58787.50127,74365.47144,6704.181691,2948.131202,2593.231885,5539.292052,2073.842868,3003.243786,27773.63101,46609.795,59886.78069,22772.54856,30026.04845,49775.24079,28366.60874,32901.17802,19325.33768
J9VVM1,CNAG_03439,Uncharacterized protein OS=Cryptococcus neoformans var. grubii serotype A (strain H99 / ATCC 208821 / CBS 10515 / FGSC 9487) GN=CNAG_03439 PE=4 SV=1,2,-.-.2.-.-.1.-.-.-.1.1.2.2.2.2.2.2.2.2.1.2.1,9830.272866,4422.195225,3908.85986,12187.80991,19755.93309,67940.14783,12344.74288,5377.517458,7700.436309,48017.79309,25080.30491,75275.76186,65686.25676,76778.16608,128455.2758,189000.7915,41807.04754,99953.11897
J9VVM7,CNAG_04776,Homoserine dehydrogenase OS=Cryptococcus neoformans var. grubii serotype A (strain H99 / ATCC 208821 / CBS 10515 / FGSC 9487) GN=CNAG_04776 PE=3 SV=1,4,2.3.4.3.3.4.3.2.2.4.4.4.4.4.4.4.4.4.4.4.4.4,505265.379,770110.9277,485367.3319,567977.0947,818215.1154,640864.2157,397029.106,555908.1329,573660.9846,645303.3369,453959.5663,387439.2444,512392.9168,235577.0954,237702.6694,387840.8189,215969.4855,226373.7311
J9VVN1,CNAG_04771,Rab family protein OS=Cryptococcus neoformans var. grubii serotype A (strain H99 / ATCC 208821 / CBS 10515 / FGSC 9487) GN=CNAG_04771 PE=4 SV=2,2,1.1.2.1.1.1.1.1.1.1.1.2.2.2.2.2.1.2.2.1.1.1,51106.21529,102881.7774,57533.84697,93584.77152,368774.5911,98363.05871,42505.36657,168127.5769,215080.7033,198535.7638,216830.7237,51349.36364,342497.9618,59576.29917,81628.69366,217928.8869,275513.1962,117478.2732
J9VVN8,CNAG_06287,Glutathione peroxidase OS=Cryptococcus neoformans var. grubii serotype A (strain H99 / ATCC 208821 / CBS 10515 / FGSC 9487) GN=CNAG_06287 PE=3 SV=1,9,2.2.8.3.3.2.2.2.3.7.5.6.7.7.9.9.8.9.8.7.7.6,436639.7661,142429.9083,396184.5807,854089.4683,2239467.455,409510.2195,406787.3091,484554.7029,1547939.71,1516869.823,1578470.896,648054.7049,1120442.473,889829.4846,647144.0026,1244007.161,530697.7292,916840.1657
J9VVN9,VTS1 RBP1 CNAG_06103,RNA binding protein OS=Cryptococcus neoformans var. grubii serotype A (strain H99 / ATCC 208821 / CBS 10515 / FGSC 9487) GN=CNAG_06103 PE=4 SV=1,4,1.2.3.1.1.1.2.2.2.3.2.2.2.3.4.3.4.3.2.2.3.2,123649.8983,255742.3811,58901.4623,138871.9843,169187.8376,128558.941,114712.7645,174111.4974,224091.7107,160274.237,128271.3793,109978.9906,227814.7367,255641.4492,158874.3716,201620.0645,130395.8228,164190.3408
J9VVP1,CNAG_03459,T-complex protein 1 subunit delta OS=Cryptococcus neoformans var. grubii serotype A (strain H99 / ATCC 208821 / CBS 10515 / FGSC 9487) GN=CNAG_03459 PE=3 SV=1,2,-.-.1.-.-.-.-.-.1.2.1.-.2.1.2.2.2.2.1.1.2.1,8567.855168,5084.671134,2924.465056,5828.621757,5128.739469,9265.173698,10418.61656,6486.712297,72096.80257,49002.24918,14421.45087,18700.21254,104913.8905,85123.62461,77554.71389,82238.10935,80511.36345,87668.72429
J9VVQ1,CNAG_06114,Rab family protein OS=Cryptococcus neoformans var. grubii serotype A (strain H99 / ATCC 208821 / CBS 10515 / FGSC 9487) GN=CNAG_06114 PE=4 SV=1,8,2.-.8.1.2.1.2.2.1.6.3.4.7.5.8.7.6.8.5.5.4.7,83536.52805,111570.0335,118086.3735,159810.4416,316023.0999,140719.5939,92674.31694,87184.90104,113850.4264,247925.5876,262024.8249,274183.6504,279261.9004,295799.1315,310016.8051,425805.4895,199525.0482,407689.7702
J9VVQ2,CNAG_06301,AGC/Akt protein kinase OS=Cryptococcus neoformans var. grubii serotype A (strain H99 / ATCC 208821 / CBS 10515 / FGSC 9487) GN=CNAG_06301 PE=4 SV=1,2,-.-.-.-.-.-.-.-.-.-.-.1.2.2.2.2.-.1.-.-.-.1,10414.66018,5070.818775,3630.034527,15244.65074,5598.929415,9030.154442,8625.482932,11343.95891,7875.566993,2623.734478,6216.563232,10408.98075,34467.33892,39438.96643,63248.46425,17185.06628,19917.84893,12472.02235
J9VVQ4,CNAG_02030,Glyoxal oxidase OS=Cryptococcus neoformans var. grubii serotype A (strain H99 / ATCC 208821 / CBS 10515 / FGSC 9487) GN=CNAG_02030 PE=4 SV=1,5,1.1.4.1.1.-.-.-.-.3.2.3.4.3.4.4.1.3.3.3.2.3,105339.6646,90670.56658,369443.7871,126640.1343,163188.1621,129221.2834,20656.43997,30776.18025,42659.4134,298457.1202,385216.7461,276478.3934,319408.9634,370058.0349,350803.3154,140223.4957,67232.72076,159258.808
J9VVQ6,CNAG_04743,Dolichyl-diphosphooligosaccharide--protein glycosyltransferase subunit WBP1 OS=Cryptococcus neoformans var. grubii serotype A (strain H99 / ATCC 208821 / CBS 10515 / FGSC 9487) GN=CNAG_04743 PE=3 SV=1,3,1.1.2.1.1.1.1.1.2.2.2.2.3.2.3.3.2.2.2.2.2.1,2095123.189,2467345.036,875258.7131,3749190.218,3925149.924,2213971.326,2725536.587,1969648.644,2631490.439,442141.8755,2355532.552,1347310.191,1007549.141,2013700.099,1011811.257,1084964.274,1693743.148,1684118.642
J9VVR1,CNAG_04738,Fimbrin OS=Cryptococcus neoformans var. grubii serotype A (strain H99 / ATCC 208821 / CBS 10515 / FGSC 9487) GN=CNAG_04738 PE=4 SV=1,6,3.-.6.2.2.1.1.2.-.4.2.5.5.5.6.6.6.6.6.5.5.4,75021.87473,124543.16,180925.169,96328.38814,57514.01026,35960.5477,52338.4891,64213.30487,55920.28674,138341.1723,176259.0713,231398.9156,240501.2378,191408.1558,249673.8162,361970.4344,178181.3894,240462.463
J9VVR3,CNAG_06123,Leucine-tRNA ligase OS=Cryptococcus neoformans var. grubii serotype A (strain H99 / ATCC 208821 / CBS 10515 / FGSC 9487) GN=CNAG_06123 PE=4 SV=2,10,4.-.7.4.1.1.5.3.2.4.2.5.8.6.10.10.5.8.8.6.6.6,165621.8298,306042.3907,172292.2605,151837.0439,109311.2317,81184.47441,118662.204,103316.6624,107490.7965,117642.1752,107946.2616,113590.0489,216947.3448,260800.223,237936.1687,235468.8093,272377.6626,170357.9909
J9VVS6,CNAG_06324,Zinc finger protein OS=Cryptococcus neoformans var. grubii serotype A (strain H99 / ATCC 208821 / CBS 10515 / FGSC 9487) GN=CNAG_06324 PE=4 SV=2,1,1.-.1.-.1.1.1.1.1.-.-.1.1.1.1.1.-.1.1.1.1.1,2207.16127,1838.98284,833.4750832,12044.69173,19782.33378,15374.83622,7548.253926,4849.725,5057.588079,3003.076244,1465.092809,1005.587234,3402.173804,5013.203521,1295.82149,2251.236204,3782.421445,4761.367873
J9VVV2,CNAG_06550,Nucleoporin family protein OS=Cryptococcus neoformans var. grubii serotype A (strain H99 / ATCC 208821 / CBS 10515 / FGSC 9487) GN=CNAG_06550 PE=4 SV=2,5,-.-.2.1.-.1.1.1.-.1.1.1.1.3.4.5.4.5.1.4.2.1,31464.96584,25368.65046,15524.02238,300121.9604,286021.272,190009.0771,421250.1345,394957.2334,298941.5654,243989.4692,141391.8504,7921.764065,59326.10732,63885.6749,94015.22068,144764.939,155970.8373,108888.5969
J9VVV4,CNAG_04687,Stearoyl-CoA desaturase (Delta-9 desaturase) OS=Cryptococcus neoformans var. grubii serotype A (strain H99 / ATCC 208821 / CBS 10515 / FGSC 9487) GN=CNAG_04687 PE=4 SV=1,3,1.1.2.-.-.-.-.-.-.-.-.1.1.-.2.1.1.1.2.-.1.-,34655.3369,76048.40131,60491.48158,8495.174035,26450.47946,10940.53221,14893.42828,16122.58445,8071.814904,10202.92279,9723.836108,18850.49516,33434.05422,76656.19476,28747.72326,53967.63712,22500.81349,15752.08298
J9VVW6,CNAG_06151,"Osomolarity two-component system, phosphorelay intermediate protein YPD1 OS=Cryptococcus neoformans var. grubii serotype A (strain H99 / ATCC 208821 / CBS 10515 / FGSC 9487) GN=CNAG_06151 PE=4 SV=1",2,-.1.2.-.1.-.1.1.1.1.-.1.2.2.2.2.2.2.2.2.1.2,463376.8748,218937.2609,60440.86941,10042.98768,25297.32059,11226.24671,36052.69349,190374.7281,48331.59954,122198.2346,192836.1671,109532.3558,98455.08205,63684.08687,134883.009,187687.9944,59669.5405,100839.2303
J9VVW9,CNAG_04666,26S protease regulatory subunit 8 OS=Cryptococcus neoformans var. grubii serotype A (strain H99 / ATCC 208821 / CBS 10515 / FGSC 9487) GN=CNAG_04666 PE=3 SV=1,2,-.-.-.-.-.-.-.-.-.-.-.-.1.-.1.2.-.2.1.-.1.-,13337.18037,6095.377717,1228.092233,5549.150366,9878.232628,21825.317,14729.79778,10339.71815,4391.049862,1899.862823,5486.606007,3670.106822,11903.44954,21419.46263,10636.13659,87471.68694,75997.673,41519.62799
J9VVX0,CNAG_03544,Uncharacterized protein OS=Cryptococcus neoformans var. grubii serotype A (strain H99 / ATCC 208821 / CBS 10515 / FGSC 9487) GN=CNAG_03544 PE=4 SV=1,1,1.-.1.1.-.1.1.1.1.1.1.1.1.-.1.1.1.1.1.1.1.1,19841.94746,100540.3734,39672.97225,28483.89338,32544.29194,17533.50428,20567.30116,12649.50423,18344.93359,27612.60958,26406.20078,29539.64059,34822.41158,91429.20818,37446.28732,47147.46969,15534.24391,30337.11853
J9VVY0,CNAG_04651,Uncharacterized protein OS=Cryptococcus neoformans var. grubii serotype A (strain H99 / ATCC 208821 / CBS 10515 / FGSC 9487) GN=CNAG_04651 PE=4 SV=2,1,-.-.1.-.-.-.-.-.-.-.-.-.1.-.1.1.-.1.-.-.-.-,2438.546798,5244.323317,1031.845929,10188.70557,6642.932817,6392.413936,6591.975853,9203.581275,3718.147976,2753.976539,5893.29312,2423.742261,26713.86753,27989.69282,30249.00393,27642.38838,61051.33446,34750.54834
J9VVY8,CNAG_06585,Pre-mRNA-splicing helicase BRR2 OS=Cryptococcus neoformans var. grubii serotype A (strain H99 / ATCC 208821 / CBS 10515 / FGSC 9487) GN=CNAG_06585 PE=4 SV=1,8,2.2.4.1.1.1.1.1.2.2.2.2.7.3.8.7.6.6.3.5.1.3,105758.4524,53240.95276,49996.23049,114173.8206,66582.44919,45954.73796,53631.4829,84418.00515,94922.55089,47204.53467,31186.20413,40439.16345,118956.5112,135546.6171,127816.5426,183832.6627,115862.5834,121429.1546
J9VVZ1,CNAG_06166,ATP-dependent DNA helicase MPH1 OS=Cryptococcus neoformans var. grubii serotype A (strain H99 / ATCC 208821 / CBS 10515 / FGSC 9487) GN=CNAG_06166 PE=4 SV=2,2,2.1.2.2.1.2.2.2.2.2.2.2.2.2.2.2.2.2.2.2.2.2,2293008.557,3909407.634,1480341.215,2252874.228,7209887.863,7611341.243,10364562.17,4564524.371,10500207.97,4166246.672,2992150.253,2254570.702,1131101.813,2988714.576,1198669.491,275991.2766,8638236.499,1364367.229
J9VVZ2,CNAG_06404,Uncharacterized protein OS=Cryptococcus neoformans var. grubii serotype A (strain H99 / ATCC 208821 / CBS 10515 / FGSC 9487) GN=CNAG_06404 PE=4 SV=1,2,-.-.-.-.-.-.1.-.-.1.-.1.2.1.2.1.1.1.1.1.1.-,8241.460474,10795.874,4436.712117,9001.184071,8142.125339,10371.21627,26933.36587,20283.4708,6354.231659,30270.14556,40812.87463,17754.14327,134497.1723,105910.5715,52364.80735,16989.79463,43332.2534,100479.9114
J9VVZ8,CNAG_07908,"Aconitate hydratase, mitochondrial OS=Cryptococcus neoformans var. grubii serotype A (strain H99 / ATCC 208821 / CBS 10515 / FGSC 9487) GN=CNAG_07908 PE=3 SV=1",3,-.-.3.-.-.-.-.-.1.-.-.-.1.1.2.3.-.2.1.-.-.-,9410.23415,8983.057762,78625.45216,10303.97131,14848.86111,12556.57626,9359.398747,8659.505034,95425.19946,7311.560154,11978.73088,8162.660797,49306.34027,75522.03329,62030.67741,71088.21591,130451.4375,43382.06854
J9VVZ9,CNAG_03577,60S acidic ribosomal protein P0 OS=Cryptococcus neoformans var. grubii serotype A (strain H99 / ATCC 208821 / CBS 10515 / FGSC 9487) GN=CNAG_03577 PE=3 SV=1,9,8.5.8.6.4.5.5.4.5.6.5.8.7.7.9.9.7.7.7.7.7.7,3388515.035,1659674.97,3229881.194,1329580.894,639817.448,843978.9697,1409974.496,713948.5525,1054618.786,1278921.81,1119544.817,1691608.838,1160635.039,1221846.494,1664828.288,1970521.847,931883.7028,1264900.838
J9VW10,CNAG_06190,N-acetylglucosamine-6-phosphate deacetylase OS=Cryptococcus neoformans var. grubii serotype A (strain H99 / ATCC 208821 / CBS 10515 / FGSC 9487) GN=CNAG_06190 PE=4 SV=2,1,-.-.1.-.-.-.-.-.-.-.-.-.-.-.1.-.1.1.-.-.-.-,3798.633346,3118.490617,4177.453123,2761.388529,4624.056085,10087.71938,10194.06888,12845.72592,7297.029639,3330.790357,1691.967186,806.3950652,1548.308205,2964.25826,9916.454607,5376.727604,6271.625575,10646.04507
J9VW13,CNAG_04609,Argonaute OS=Cryptococcus neoformans var. grubii serotype A (strain H99 / ATCC 208821 / CBS 10515 / FGSC 9487) GN=CNAG_04609 PE=1 SV=2,45,23.13.44.17.13.25.21.13.23.33.26.34.39.41.44.38.36.40.36.33.36.32,3025379.113,4194328.5,6600739.227,2352334.607,2143229.385,2670798.484,1651121.265,2059077.344,1878940.49,4670586.582,4084632.458,4512041.148,5902895.104,5041515.405,6359181.288,6887091.894,3900836.447,5704812.978
J9VW18,CNAG_04604,Tryptophan-tRNA ligase OS=Cryptococcus neoformans var. grubii serotype A (strain H99 / ATCC 208821 / CBS 10515 / FGSC 9487) GN=CNAG_04604 PE=4 SV=2,8,6.3.7.5.4.3.6.5.3.7.6.6.8.7.8.8.8.8.7.6.6.5,418382.3992,667052.7841,493029.5781,220440.7756,273408.6022,139715.8722,243023.605,264344.6361,238652.9043,314949.5532,221443.953,599393.3167,706959.7052,592237.2039,496111.3244,844664.3758,467872.4131,583941.1273
J9VW22,CNAG_04599,3-methyl-2-oxobutanoate hydroxymethyltransferase OS=Cryptococcus neoformans var. grubii serotype A (strain H99 / ATCC 208821 / CBS 10515 / FGSC 9487) GN=CNAG_04599 PE=3 SV=2,2,1.1.2.2.2.1.1.2.2.1.1.1.2.2.2.2.1.1.2.2.2.2,3711627.522,245826.5583,38975.8092,281199.1121,256639.3871,116718.6556,272531.8733,645554.4722,116420.7936,140682.6735,106594.6378,157108.1509,34786.73096,66767.21971,25575.68089,82497.54041,53819.07563,687542.1271
J9VW24,CNAG_06443,Glucose-regulated protein OS=Cryptococcus neoformans var. grubii serotype A (strain H99 / ATCC 208821 / CBS 10515 / FGSC 9487) GN=CNAG_06443 PE=3 SV=1,37,14.7.31.13.11.11.12.9.11.26.20.27.31.29.37.33.26.31.29.27.25.24,1410814.476,2303668.077,3016951.869,1424320.909,1543686.662,1023384.971,970017.7305,1243074.578,961268.4344,5025491.691,2464701.75,5062247.615,5358265.849,4584005.032,6649358.855,7294080.105,4236200.157,5252759.675
J9VW28,CNAG_06215,Uncharacterized protein OS=Cryptococcus neoformans var. grubii serotype A (strain H99 / ATCC 208821 / CBS 10515 / FGSC 9487) GN=CNAG_06215 PE=4 SV=2,2,2.-.2.1.-.-.1.1.2.2.1.1.2.1.2.2.2.2.2.1.2.1,30889.91443,23833.05593,19644.28465,26171.07837,12770.50047,13234.55642,24425.46438,35611.42863,23670.56282,22248.58293,14116.64895,23738.09076,31854.43946,32796.69632,35336.41913,51973.58183,44273.43001,44300.56644
J9VW33,CNAG_06220,Allergen OS=Cryptococcus neoformans var. grubii serotype A (strain H99 / ATCC 208821 / CBS 10515 / FGSC 9487) GN=CNAG_06220 PE=4 SV=1,12,7.5.9.5.1.6.7.6.4.12.9.11.11.11.11.11.10.12.10.10.10.9,369480.8373,814551.6162,1363293.793,388534.3519,538286.3076,379279.9777,550253.3981,747880.2637,575226.174,2783028.134,2084408.844,3471585.562,4225117.966,4520708.022,2855352.076,1842736.064,3823799.678,5907623.611
J9VW35,CNAG_06600,Vesicle-fusing ATPase OS=Cryptococcus neoformans var. grubii serotype A (strain H99 / ATCC 208821 / CBS 10515 / FGSC 9487) GN=CNAG_06600 PE=4 SV=2,4,2.1.3.1.-.-.-.1.1.1.1.3.3.3.4.1.2.3.3.3.3.1,1465945.595,393206.1026,191510.9384,19940.93396,29664.61972,14114.88787,18937.26814,22722.25393,23634.12635,439905.8604,254977.8906,1051772.836,87175.0874,165654.996,109607.1994,22336.29369,38238.1744,36199.40724
J9VW36,CNAG_04584,Poly(RC)-binding protein 2/3/4 OS=Cryptococcus neoformans var. grubii serotype A (strain H99 / ATCC 208821 / CBS 10515 / FGSC 9487) GN=CNAG_04584 PE=4 SV=1,12,4.1.8.1.2.1.3.2.3.4.3.8.10.9.11.12.9.12.8.9.7.9,139859.3722,140845.5095,200925.3204,81762.72046,87382.86913,84596.80355,107828.0453,161576.8896,126264.7149,158868.8293,112923.3468,266603.2763,595377.967,664653.2598,700358.0418,1906902.125,2540020.271,1224798.92
J9VW40,CNAG_06605,Small subunit ribosomal protein S2 OS=Cryptococcus neoformans var. grubii serotype A (strain H99 / ATCC 208821 / CBS 10515 / FGSC 9487) GN=CNAG_06605 PE=3 SV=1,13,9.5.13.11.6.9.7.5.7.9.10.9.11.12.13.11.9.12.11.12.11.12,3011673.771,2100892.173,4163240.914,1967498.74,1474393.645,2036249.221,1815997.037,1632678.62,1665975.889,1212360.774,1351441.937,1360440.127,1502637.738,1593727.696,1685795.346,1981765.717,1487190.337,1439987.718
J9VW50,CNAG_06240,Protein disulfide-isomerase OS=Cryptococcus neoformans var. grubii serotype A (strain H99 / ATCC 208821 / CBS 10515 / FGSC 9487) GN=CNAG_06240 PE=3 SV=1,14,6.1.12.3.3.4.3.4.4.9.7.9.10.13.14.14.10.12.10.9.9.8,348386.6307,513405.5372,354498.4545,282821.1981,331370.5854,231873.3227,135273.9117,583943.8025,242937.1051,853469.2233,690356.171,772507.6821,1180700.936,918462.1583,1265818.682,1365675.419,676642.9077,1040222.941
J9VW54,CNAG_06475,Uncharacterized protein OS=Cryptococcus neoformans var. grubii serotype A (strain H99 / ATCC 208821 / CBS 10515 / FGSC 9487) GN=CNAG_06475 PE=4 SV=1,5,3.1.5.2.2.-.1.1.2.3.2.3.3.4.5.5.4.5.4.5.4.5,701784.9179,1345850.494,959076.7487,773870.4565,161204.4699,179435.0802,189496.853,248426.7412,458394.4247,229570.3982,192515.8263,201742.8908,410492.0013,496375.9341,461446.8436,664915.2318,378981.5354,572368.3989
J9VW57,CNAG_04566,Beta-flanking protein OS=Cryptococcus neoformans var. grubii serotype A (strain H99 / ATCC 208821 / CBS 10515 / FGSC 9487) GN=CNAG_04566 PE=4 SV=1,5,2.-.5.1.1.1.1.1.1.4.3.4.5.5.5.5.5.5.5.5.4.4,61108.30315,279476.5206,170132.8569,121356.1784,96451.76346,96420.2581,72012.56566,67557.61658,97760.03847,223069.8443,139590.9217,282317.1835,146074.8069,124478.1266,231951.6032,348464.8703,197347.0361,242869.5712
J9VW58,CNAG_06625,UBX domain-containing protein 1 OS=Cryptococcus neoformans var. grubii serotype A (strain H99 / ATCC 208821 / CBS 10515 / FGSC 9487) GN=CNAG_06625 PE=4 SV=2,6,-.-.5.1.-.-.1.-.-.3.3.5.5.3.5.6.4.4.4.2.4.4,23823.57297,26050.62492,42686.70762,40835.03498,44018.43251,25419.89833,38341.23707,24220.32199,48741.50186,62256.07783,57425.88347,105325.0996,91197.09423,139139.2139,148812.0427,149705.5365,90224.16195,108818.5634
J9VW63,CNAG_06630,Mitochondrial import inner membrane translocase subunit TIM44 OS=Cryptococcus neoformans var. grubii serotype A (strain H99 / ATCC 208821 / CBS 10515 / FGSC 9487) GN=CNAG_06630 PE=3 SV=1,3,1.1.3.1.1.1.1.-.2.2.2.3.3.3.3.3.3.3.3.3.2.2,85312.86195,163904.484,35542.18703,150806.0926,195040.5022,99849.12527,149560.827,164845.8642,95571.70092,73082.69692,105277.2798,66343.33815,69491.44818,50221.36909,43151.31676,141121.289,130416.9002,111514.2464
J9VW70,CNAG_06640,Carboxypeptidase OS=Cryptococcus neoformans var. grubii serotype A (strain H99 / ATCC 208821 / CBS 10515 / FGSC 9487) GN=CNAG_06640 PE=3 SV=1,2,1.1.2.1.1.1.1.1.1.1.1.1.2.2.2.2.2.2.2.2.2.2,696377.8679,907696.5767,278229.9284,439322.1354,948254.4096,487680.7219,519754.2741,373369.1618,605150.9097,385556.0773,510546.0213,289890.9712,324299.3924,386330.1971,186770.3584,170992.2591,359959.8118,289845.7135
J9VW78,CNAG_01464,Nitric oxide dioxygenase OS=Cryptococcus neoformans var. grubii serotype A (strain H99 / ATCC 208821 / CBS 10515 / FGSC 9487) GN=CNAG_01464 PE=3 SV=1,5,1.-.3.1.1.-.1.2.1.1.1.3.3.3.5.3.2.4.3.1.2.2,134770.1005,360021.0802,97321.53261,129514.77,195272.206,177110.8265,49069.17639,85985.01309,187482.2693,124686.156,151213.0529,173245.2907,113926.8902,100670.8931,173618.0431,115927.6324,276206.9734,205294.2091
J9VW84,CNAG_07925,Nucleoprotein TPR OS=Cryptococcus neoformans var. grubii serotype A (strain H99 / ATCC 208821 / CBS 10515 / FGSC 9487) GN=CNAG_07925 PE=4 SV=2,7,1.1.7.1.1.1.1.1.1.3.2.6.4.4.6.6.5.6.7.5.5.5,55952.59344,30729.11064,154537.9401,87178.45786,62728.49129,85718.72503,62031.24543,55593.53473,48219.43274,104226.6157,92644.41955,127390.3771,112528.4672,110584.3549,129505.451,218455.4612,68984.67781,117786.2412
J9VW88,CNAG_06274,Uncharacterized protein OS=Cryptococcus neoformans var. grubii serotype A (strain H99 / ATCC 208821 / CBS 10515 / FGSC 9487) GN=CNAG_06274 PE=4 SV=1,2,1.-.1.1.1.1.1.1.1.2.1.1.2.2.2.2.2.2.2.2.2.2,45953.65178,127905.6597,70546.73252,104242.3278,98182.68687,100937.2855,47561.43025,49072.45979,68028.32619,105120.1303,82454.98018,87196.67837,94097.57308,97971.04803,171865.7666,134544.2699,84890.50105,103988.2441
J9VW95,CNAG_01485,D-lactate dehydrogenase (Cytochrome) OS=Cryptococcus neoformans var. grubii serotype A (strain H99 / ATCC 208821 / CBS 10515 / FGSC 9487) GN=CNAG_01485 PE=4 SV=1,2,-.-.2.-.-.-.-.-.-.-.-.1.-.1.2.1.-.1.-.-.-.1,11434.4123,6453.554832,11908.34232,6054.297854,14396.37959,13429.09125,7661.514897,6502.149581,14490.39851,7912.627588,3761.132861,15479.21746,21171.94922,16875.2044,27479.42499,22512.68439,27601.87195,14610.72559
J9VW98,CNAG_06680,COP9 signalosome complex subunit 6 OS=Cryptococcus neoformans var. grubii serotype A (strain H99 / ATCC 208821 / CBS 10515 / FGSC 9487) GN=CNAG_06680 PE=4 SV=2,1,1.-.1.1.-.-.-.1.1.1.-.1.1.1.1.1.1.1.1.1.1.1,5326.185113,12463.74953,12343.71601,8582.362907,13756.83072,6794.399574,5639.103827,5715.519945,5781.3606,15524.89483,17488.13775,12559.21984,26632.57007,16369.43202,22737.75943,33587.6626,14626.48434,26288.61439
J9VWB4,CNAG_07032,"Peroxiredoxin 5, atypical 2-Cys peroxiredoxin OS=Cryptococcus neoformans var. grubii serotype A (strain H99 / ATCC 208821 / CBS 10515 / FGSC 9487) GN=CNAG_07032 PE=4 SV=1",2,1.1.2.1.1.1.1.1.1.1.1.1.1.1.2.2.1.2.2.1.1.1,36067.67521,57177.9108,98716.21422,77822.34778,887649.7408,69633.25091,32261.92669,124604.1763,52281.69044,100324.5139,59873.95171,20933.02431,98356.24604,31548.2055,96486.46439,36659.39858,42384.3886,34095.34788
J9VWB9,CNAG_05351,Phosphomannomutase OS=Cryptococcus neoformans var. grubii serotype A (strain H99 / ATCC 208821 / CBS 10515 / FGSC 9487) GN=CNAG_05351 PE=3 SV=1,10,3.-.10.5.2.5.5.1.4.8.6.10.10.9.10.10.9.10.9.9.9.7,563469.9224,777906.5594,388898.1585,564438.3471,746231.6873,392699.9755,252586.9373,465297.8408,304367.333,411404.7309,402910.4091,664693.1354,534956.8317,693686.4137,1006206.52,1032579.471,640899.5065,754105.8036
J9VWC6,CNAG_06316,Glycine cleavage system H protein OS=Cryptococcus neoformans var. grubii serotype A (strain H99 / ATCC 208821 / CBS 10515 / FGSC 9487) GN=CNAG_06316 PE=3 SV=2,1,-.-.1.-.-.1.1.-.-.1.1.1.1.1.1.1.1.1.1.1.1.1,8416.038102,4251.837218,2057.132949,1770.593003,2743.042647,44945.76618,23847.40124,9863.186196,3880.571079,62235.03143,14832.39528,33133.05505,52480.54664,57461.14081,74232.63374,52427.70788,28195.2165,57357.18812
J9VWD3,CNAG_01526,Cleavage and polyadenylation specificity factor subunit 4 OS=Cryptococcus neoformans var. grubii serotype A (strain H99 / ATCC 208821 / CBS 10515 / FGSC 9487) GN=CNAG_01526 PE=4 SV=1,2,2.2.1.2.2.1.2.2.-.2.2.1.2.1.2.2.2.2.2.2.2.2,64586.43551,67697.10251,41946.26052,59676.9566,268726.4637,130103.5538,78968.96906,203504.7358,130532.4632,104175.9434,76383.67901,105206.2814,211631.9047,108017.4715,30429.67758,79807.03008,49908.05858,82271.94893
J9VWD6,CNAG_05366,Eukaryotic translation initiation factor 2A OS=Cryptococcus neoformans var. grubii serotype A (strain H99 / ATCC 208821 / CBS 10515 / FGSC 9487) GN=CNAG_05366 PE=3 SV=1,9,6.-.9.9.1.3.7.7.7.7.4.7.8.8.8.9.8.9.9.8.9.8,444380.1909,1238568.112,394491.6594,522935.1154,200691.7385,276455.0153,604082.6167,726494.2654,553804.2971,284321.9127,332538.9476,311378.9432,588197.156,622446.1953,518091.2798,666227.2994,469718.7825,669664.8805
J9VWG2,ALA1 CNAG_05722,Alanine--tRNA ligase OS=Cryptococcus neoformans var. grubii serotype A (strain H99 / ATCC 208821 / CBS 10515 / FGSC 9487) GN=ALA1 PE=3 SV=1,14,4.1.13.4.1.3.4.2.4.6.5.8.10.8.13.12.6.11.7.9.9.7,216516.1162,213810.7566,443321.4752,196705.6126,366258.2403,172612.399,146580.0072,204969.1298,185583.4474,259357.1381,584899.3718,265456.678,344376.3955,434230.6439,471859.9996,703224.1679,611914.5746,477899.9195
J9VWG3,CNAG_04192,Phosphoribosylformylglycinamidine synthase OS=Cryptococcus neoformans var. grubii serotype A (strain H99 / ATCC 208821 / CBS 10515 / FGSC 9487) GN=CNAG_04192 PE=3 SV=1,19,2.3.19.6.2.7.5.2.5.11.6.11.11.10.16.14.8.12.12.10.13.11,630282.2799,207347.558,507603.2567,327759.7604,390793.245,420272.9457,298651.7449,385827.4514,338815.6875,444438.8224,530250.0555,428050.1755,254383.5785,276994.121,327933.7802,471289.7509,437196.6422,340563.6276
J9VWH6,CNAG_06370,Branched-chain-amino-acid aminotransferase OS=Cryptococcus neoformans var. grubii serotype A (strain H99 / ATCC 208821 / CBS 10515 / FGSC 9487) GN=CNAG_06370 PE=3 SV=1,3,-.1.2.1.1.1.-.1.-.2.2.2.3.2.3.3.2.2.2.3.3.1,32344.43511,16518.79692,53590.60601,43684.97067,29658.57795,40620.10412,10146.55532,38911.87791,20755.89379,35698.57387,28362.08544,56763.53376,59175.27951,72336.92686,72417.6217,70380.27937,55633.14408,82559.79633
J9VWI8,CNAG_01576,mRNA stability protein OS=Cryptococcus neoformans var. grubii serotype A (strain H99 / ATCC 208821 / CBS 10515 / FGSC 9487) GN=CNAG_01576 PE=3 SV=2,2,-.-.1.-.1.-.-.1.1.-.1.1.2.1.1.1.2.2.-.2.1.1,9362.717689,8850.749157,7838.710174,13235.7564,15128.74535,11307.92267,45163.99051,35308.84117,80459.49644,11110.53672,11484.61803,11392.94083,16054.8234,26294.26958,14851.91317,49945.78155,85181.59012,99636.15578
J9VWJ2,CNAG_05752,Kinesin-like protein OS=Cryptococcus neoformans var. grubii serotype A (strain H99 / ATCC 208821 / CBS 10515 / FGSC 9487) GN=CNAG_05752 PE=3 SV=2,1,1.-.1.1.-.-.1.1.1.1.-.1.1.1.1.1.1.1.1.1.1.1,23963.83078,53885.7841,8492.880436,9957.022069,4463.015886,5459.378732,22510.05407,44048.76963,28475.64578,5461.18772,11167.78749,14206.33804,10082.79995,7308.920635,6465.546845,7100.447847,2304.428771,13285.14381
J9VWJ4,CNAG_04227,Uncharacterized protein OS=Cryptococcus neoformans var. grubii serotype A (strain H99 / ATCC 208821 / CBS 10515 / FGSC 9487) GN=CNAG_04227 PE=4 SV=1,3,1.1.3.1.-.1.2.2.1.2.2.1.3.2.3.2.3.3.2.2.2.2,93203.01167,41249.99473,191448.3021,193817.7963,325983.4505,177158.0198,27984.94941,71058.44196,89408.46458,94828.11153,154648.2266,82632.73549,137871.4937,114369.7684,115559.7361,196942.6198,71449.1827,132534.2131
J9VWJ8,CNAG_01586,F-type H-transporting ATPase subunit B OS=Cryptococcus neoformans var. grubii serotype A (strain H99 / ATCC 208821 / CBS 10515 / FGSC 9487) GN=CNAG_01586 PE=4 SV=1,13,6.-.12.2.-.2.1.3.-.11.3.12.8.11.13.10.10.12.11.9.10.6,410052.0364,569547.6118,403983.0856,112256.0067,94260.81983,117691.3416,88444.35995,128448.5468,65401.65294,829292.9334,1280544.759,1512668.712,856859.4814,683277.4791,939949.3378,894621.3924,796535.0172,587510.0447
J9VWK6,CNAG_06400,Plasma membrane ATPase OS=Cryptococcus neoformans var. grubii serotype A (strain H99 / ATCC 208821 / CBS 10515 / FGSC 9487) GN=CNAG_06400 PE=3 SV=1,28,20.8.25.19.11.11.10.15.15.21.14.21.24.23.28.25.23.26.23.21.21.21,3604163.317,4331097.585,2822032.753,2743114.826,2288868.328,1661500.75,1694805.625,1784944.701,1653771.921,2179160.972,1655526.086,2352007.106,1768589.064,2674885.03,2583154.959,3435358.955,2574572.746,2378464.747
J9VWK9,CNAG_05770,Proteasome component PRE2 OS=Cryptococcus neoformans var. grubii serotype A (strain H99 / ATCC 208821 / CBS 10515 / FGSC 9487) GN=CNAG_05770 PE=4 SV=1,2,-.1.2.1.1.1.1.-.1.1.-.1.2.2.2.2.1.2.1.2.1.2,907978.0746,1302056.67,59707.98731,788612.904,510682.2893,36054.94699,18806.65536,95396.18799,468943.2135,412573.6191,396820.6834,352179.1313,39893.75818,42398.01997,155576.2379,216237.7957,278571.7078,42628.29544
J9VWL5,CNAG_05434,NADH dehydrogenase (Ubiquinone) 1 alpha subcomplex 2 OS=Cryptococcus neoformans var. grubii serotype A (strain H99 / ATCC 208821 / CBS 10515 / FGSC 9487) GN=CNAG_05434 PE=4 SV=1,1,-.-.1.-.-.-.-.-.-.-.-.-.-.1.1.1.1.1.1.1.1.1,5103.559536,6369.290333,629.2914882,6849.512271,9482.313515,5772.935807,4313.35139,2607.33562,6460.330523,1207.500301,2510.160051,1993.841308,137998.2187,82912.78451,169651.7776,221830.9748,75930.14072,52943.5701
J9VWN5,CNAG_04279,Uncharacterized protein OS=Cryptococcus neoformans var. grubii serotype A (strain H99 / ATCC 208821 / CBS 10515 / FGSC 9487) GN=CNAG_04279 PE=4 SV=1,3,-.-.3.1.1.1.1.1.1.1.-.1.-.2.3.3.-.1.1.-.2.1,15479.74953,9265.175469,10423.01368,26774.68808,80604.45221,26644.14767,10213.77082,35502.80771,17523.55269,12063.35135,16678.3932,8659.41268,17050.79416,12091.36691,9122.377092,14920.187,17260.16136,10703.163
J9VWQ3,CNAG_04303,E3 ubiquitin-protein ligase BRE1 OS=Cryptococcus neoformans var. grubii serotype A (strain H99 / ATCC 208821 / CBS 10515 / FGSC 9487) GN=CNAG_04303 PE=4 SV=1,2,1.1.2.1.2.2.1.-.1.-.2.1.1.2.2.1.2.2.2.2.-.1,21574.16842,47879.26218,17119.17313,138787.2085,131873.7159,53927.8616,126015.7875,84035.06566,49531.40244,25705.58311,55420.94787,27757.07565,30078.98729,62460.41527,19183.60092,12622.83551,42082.07803,21090.53463
J9VWQ4,CNAG_05826,Translation elongation factor Tu OS=Cryptococcus neoformans var. grubii serotype A (strain H99 / ATCC 208821 / CBS 10515 / FGSC 9487) GN=CNAG_05826 PE=4 SV=1,5,4.-.5.5.1.2.4.3.3.3.2.3.5.5.5.5.5.5.5.5.5.4,171374.5968,257695.7847,179341.7191,225032.9064,145833.0988,144634.5352,297888.8513,430566.7859,240519.0929,112322.8463,116379.0923,112827.0338,419788.2514,319619.2189,209161.3425,399140.5854,309966.1747,512321.5242
J9VWT4,CNAG_05462,Cytochrome b5 reductase OS=Cryptococcus neoformans var. grubii serotype A (strain H99 / ATCC 208821 / CBS 10515 / FGSC 9487) GN=CNAG_05462 PE=4 SV=1,10,4.4.8.3.3.2.2.4.3.8.6.9.10.8.10.9.9.9.8.9.10.9,601228.6262,489807.5803,253628.1276,734123.8464,599324.1946,452152.9045,283441.5181,458385.6583,648523.5809,427330.7499,547267.5789,497802.8441,465600.186,422047.4902,657069.1469,692125.1991,278755.6849,396189.5099
J9VWT6,CNAG_04348,Chaperone OS=Cryptococcus neoformans var. grubii serotype A (strain H99 / ATCC 208821 / CBS 10515 / FGSC 9487) GN=CNAG_04348 PE=4 SV=1,1,1.-.1.1.-.-.1.1.1.1.1.1.1.1.1.1.1.1.1.1.1.1,117646.6117,147770.0992,23244.4136,84797.02524,4302.635455,1782.934748,52346.97884,34345.01654,58294.48691,15618.33505,18683.18562,13263.99317,13803.83379,13886.80574,11779.87947,22326.69641,24238.23081,23029.41284
J9VWU5,CNAG_05475,Proteasome subunit alpha type OS=Cryptococcus neoformans var. grubii serotype A (strain H99 / ATCC 208821 / CBS 10515 / FGSC 9487) GN=CNAG_05475 PE=3 SV=1,3,1.1.2.1.1.1.1.1.1.1.1.2.3.2.2.3.1.2.2.1.2.1,102619.0653,100571.9285,201106.8108,76291.7897,229964.7844,150387.7669,103168.8128,103963.9991,147678.9384,134400.5555,104844.9716,111783.1904,169346.7337,131745.0648,169563.4356,96406.11943,153852.4321,137881.81
J9VWU8,CNAG_05480,Phosphotransferase OS=Cryptococcus neoformans var. grubii serotype A (strain H99 / ATCC 208821 / CBS 10515 / FGSC 9487) GN=CNAG_05480 PE=3 SV=2,12,4.1.12.5.5.8.5.4.5.9.7.8.10.10.10.12.9.11.8.8.9.8,344004.2559,688856.6781,298811.1888,353864.4652,299094.2079,267073.4866,212763.9282,399675.8227,280418.8298,314910.6647,378063.8422,420817.4001,491103.7129,408832.5616,520254.8927,616862.8053,391454.2096,475323.8331
J9VWV4,CNAG_07944,Urea carboxylase OS=Cryptococcus neoformans var. grubii serotype A (strain H99 / ATCC 208821 / CBS 10515 / FGSC 9487) GN=CNAG_07944 PE=4 SV=2,13,12.10.11.12.10.7.10.10.8.2.6.9.1.6.6.6.5.8.11.10.8.10,2257244.143,1428258.722,356975.2547,1685303.308,1816940.187,1072969.752,1339967.912,1918228.323,1332260.051,325876.5384,283075.5564,383029.0863,94311.37208,105046.5905,55903.51318,206148.7905,334426.4092,217081.5952
J9VWV5,CNAG_05497,Dihydroxy-acid dehydratase OS=Cryptococcus neoformans var. grubii serotype A (strain H99 / ATCC 208821 / CBS 10515 / FGSC 9487) GN=CNAG_05497 PE=3 SV=1,7,4.1.7.4.2.2.4.4.2.3.4.6.5.4.6.6.4.4.4.4.5.4,371686.3513,838869.2152,406085.4485,270363.9891,235837.239,153597.4885,133375.1167,204566.372,72574.14421,124790.7175,144043.3931,227482.3137,200101.6692,160316.0896,191932.9971,199174.6253,121462.6542,155413.5383
J9VWW2,CNAG_07884,Uncharacterized protein OS=Cryptococcus neoformans var. grubii serotype A (strain H99 / ATCC 208821 / CBS 10515 / FGSC 9487) GN=CNAG_07884 PE=4 SV=1,2,1.1.2.-.-.-.-.-.-.-.1.2.1.1.2.2.1.2.-.2.-.1,64973.46483,106536.5762,65570.73617,8242.125573,19674.83735,9128.516058,13951.67165,8308.090276,11050.76391,21640.97028,22121.12355,76563.49339,20269.90831,15856.71031,25901.88952,79313.45621,83301.46762,86103.12441
J9VWW7,CNAG_05511,ATPase OS=Cryptococcus neoformans var. grubii serotype A (strain H99 / ATCC 208821 / CBS 10515 / FGSC 9487) GN=CNAG_05511 PE=4 SV=1,2,2.1.1.1.1.1.2.2.1.2.2.1.2.2.2.1.1.1.1.1.2.-,634881.2165,831052.8471,210389.2569,57919.22866,230213.2114,78461.72294,1049830.247,767113.498,767579.2072,341392.6288,413265.0971,187652.8426,269779.3717,147236.5955,47916.56427,289776.3861,231575.3473,80229.43329
J9VWW9,SOD2 CNAG_04388,Superoxide dismutase OS=Cryptococcus neoformans var. grubii serotype A (strain H99 / ATCC 208821 / CBS 10515 / FGSC 9487) GN=CNAG_04388 PE=3 SV=1,3,-.1.3.1.-.1.-.1.1.3.3.3.3.3.3.2.3.3.2.3.2.2,107326.417,47436.18858,333905.0074,42058.32442,19986.31151,84284.05441,436950.0341,319403.5169,380763.575,410438.9197,428566.3396,356955.9471,319273.681,399025.1496,539171.8827,684139.6569,232777.6937,514512.7858
J9VWX1,CNAG_05900,Glycine-tRNA ligase OS=Cryptococcus neoformans var. grubii serotype A (strain H99 / ATCC 208821 / CBS 10515 / FGSC 9487) GN=CNAG_05900 PE=4 SV=2,8,4.-.6.1.1.-.1.2.1.3.-.4.6.5.8.6.5.6.5.5.4.3,129623.0843,343788.6293,135535.1549,67341.42177,131768.0175,50489.67302,68929.09095,63563.58789,100165.2943,69757.44006,23310.29497,71718.38272,204163.2732,187827.4809,199409.498,225963.4892,148256.3714,152450.2344
J9VWX4,CNAG_05521,Aldose reductase OS=Cryptococcus neoformans var. grubii serotype A (strain H99 / ATCC 208821 / CBS 10515 / FGSC 9487) GN=CNAG_05521 PE=4 SV=2,22,3.2.19.3.3.4.2.3.3.16.9.18.20.16.22.21.14.18.15.14.12.15,421386.6094,291449.6733,397973.973,386539.999,442218.9095,357914.8755,228857.3085,424405.6274,579027.149,1542628.496,1364302.582,1587392.428,2576581.482,2123021.644,2411127.495,1391432.476,1039988.808,1324502.555
J9VWY4,CNAG_01682,Mitochondrial outer membrane 72K protein OS=Cryptococcus neoformans var. grubii serotype A (strain H99 / ATCC 208821 / CBS 10515 / FGSC 9487) GN=CNAG_01682 PE=4 SV=1,6,2.2.5.3.3.1.3.1.4.1.2.1.4.4.5.5.3.5.4.2.1.4,204907.6092,145850.2728,58388.81788,202447.5093,159987.1285,137682.436,150172.2206,214366.9811,312990.5489,29579.50218,56769.88028,42764.27467,219311.2903,144777.4092,151907.383,240877.6051,212986.8881,173812.1676
J9VX03,CNAG_05367,Uncharacterized protein OS=Cryptococcus neoformans var. grubii serotype A (strain H99 / ATCC 208821 / CBS 10515 / FGSC 9487) GN=CNAG_05367 PE=4 SV=1,3,-.-.3.2.1.1.-.-.1.2.1.2.3.3.3.3.2.2.2.2.2.1,9340.149709,15244.1859,34684.5508,40465.46559,31797.09072,65250.12481,16379.75592,15181.51013,43474.85227,47439.32838,45246.07167,31480.19019,70902.85744,85873.78384,63506.3714,55622.13684,66869.32348,87626.27534
J9VX05,CNAG_05555,Large subunit ribosomal protein L7Ae OS=Cryptococcus neoformans var. grubii serotype A (strain H99 / ATCC 208821 / CBS 10515 / FGSC 9487) GN=CNAG_05555 PE=4 SV=1,27,24.19.27.23.18.25.20.19.20.24.24.26.26.27.26.26.24.24.25.25.25.24,5420693.41,4170025.402,14070331.69,4152539.264,3671492.344,5828678.851,4108489.666,2484296.606,3935313.599,3856001.192,3902904.359,4244140.233,3863624.883,3889144.089,4695482.735,3580471.45,2517124.802,3067217.404
J9VX07,CNAG_04439,V-type proton ATPase subunit B OS=Cryptococcus neoformans var. grubii serotype A (strain H99 / ATCC 208821 / CBS 10515 / FGSC 9487) GN=CNAG_04439 PE=3 SV=1,11,4.2.8.2.4.1.4.4.1.5.1.6.7.6.10.8.6.11.6.5.6.4,400099.0782,169256.5223,224882.1511,146144.0371,246232.1166,206642.9137,163410.2833,177848.0819,185683.9955,243000.6913,317151.8347,199853.5073,340251.553,361558.1072,314767.0145,524837.2267,388268.4541,378835.0203
J9VX12,CNAG_01713,Uncharacterized protein OS=Cryptococcus neoformans var. grubii serotype A (strain H99 / ATCC 208821 / CBS 10515 / FGSC 9487) GN=CNAG_01713 PE=4 SV=1,1,-.-.1.-.-.-.-.-.-.1.1.1.1.1.1.1.1.1.1.1.1.1,5711.920483,2610.199914,11807.41191,5249.936531,4628.551979,1757.605753,7266.794052,4042.063072,10566.6867,15483.49827,13012.66714,18391.9588,16490.3555,7847.735002,18859.94446,7546.268206,8495.193623,12660.25403
J9VX14,CNAG_05565,Uncharacterized protein OS=Cryptococcus neoformans var. grubii serotype A (strain H99 / ATCC 208821 / CBS 10515 / FGSC 9487) GN=CNAG_05565 PE=4 SV=1,2,1.-.-.-.-.-.-.-.-.-.-.-.1.2.1.2.2.2.1.2.2.2,3498.709049,16369.17488,2655.947174,9425.119879,11909.60648,10100.02067,14712.69009,15329.42381,8378.244832,5613.45861,8082.236069,6463.104503,13357.02766,21024.70873,3059.970234,29537.22722,33887.95267,39128.9405
J9VX17,CNAG_05570,Uncharacterized protein OS=Cryptococcus neoformans var. grubii serotype A (strain H99 / ATCC 208821 / CBS 10515 / FGSC 9487) GN=CNAG_05570 PE=4 SV=2,1,-.-.-.-.-.-.-.-.-.-.-.-.-.-.1.1.-.-.-.-.-.-,3442.94745,1973.410518,1717.714256,1541.667802,3553.610749,3128.632905,4991.81105,3307.344892,6152.528351,2752.818913,6890.363148,1891.980991,568.2085342,1517.655521,1280.873091,18134.88811,813.548976,484.8253908
J9VX38,HAD1 CNAG_01744,Phosphatase OS=Cryptococcus neoformans var. grubii serotype A (strain H99 / ATCC 208821 / CBS 10515 / FGSC 9487) GN=CNAG_01744 PE=4 SV=1,7,1.1.6.2.1.1.3.3.5.5.4.5.6.7.7.7.7.7.5.7.7.5,366065.1332,134547.6939,273282.889,140509.9183,180376.5857,73067.22499,443090.4644,519187.5305,431914.2497,419200.5415,281021.2364,590564.7007,986471.1253,648974.0315,1015683.389,1851817.496,1302984.947,1247399.775
J9VX52,CNAG_04485,Long-chain acyl-CoA synthetase OS=Cryptococcus neoformans var. grubii serotype A (strain H99 / ATCC 208821 / CBS 10515 / FGSC 9487) GN=CNAG_04485 PE=4 SV=1,5,-.-.3.1.-.-.-.-.1.3.3.3.4.2.4.5.2.4.2.3.5.3,26776.73074,22146.36104,14811.90985,17358.09707,32226.79765,18776.16494,11560.77894,26962.70987,75400.35597,77195.49885,50893.6516,62167.17727,86310.66974,119154.0198,94565.74607,210112.5694,177846.5705,143615.7853
J9VX68,CNAG_05425,Asparagine synthase (Glutamine-hydrolyzing) OS=Cryptococcus neoformans var. grubii serotype A (strain H99 / ATCC 208821 / CBS 10515 / FGSC 9487) GN=CNAG_05425 PE=4 SV=1,4,3.1.4.2.1.1.1.2.1.3.1.3.3.3.4.3.1.3.3.3.3.3,154706.1268,369398.8083,157741.8902,135850.0181,70156.87004,142985.5552,59775.76489,168079.694,18679.883,100553.3717,135006.7123,104746.0711,125757.3424,112195.4437,131532.429,246358.1662,184554.2727,143300.3695
J9VX75,CNAG_01789,Uncharacterized protein OS=Cryptococcus neoformans var. grubii serotype A (strain H99 / ATCC 208821 / CBS 10515 / FGSC 9487) GN=CNAG_01789 PE=4 SV=1,1,-.-.1.1.1.-.-.-.1.1.1.-.1.1.1.1.1.1.1.1.1.1,1865.047474,6112.319544,24048.20925,45731.10444,91652.01416,51789.01041,5166.305851,3146.139787,29143.758,53586.18087,71671.49389,68126.04799,37286.31755,29415.87835,33097.51308,34501.22372,24410.01307,25561.28062
J9VX77,CNAG_05631,"NADH-ubiquinone oxidoreductase 49 kDa subunit, mitochondrial OS=Cryptococcus neoformans var. grubii serotype A (strain H99 / ATCC 208821 / CBS 10515 / FGSC 9487) GN=CNAG_05631 PE=3 SV=1",7,3.1.6.2.-.1.2.1.1.4.3.4.4.5.6.4.3.5.5.5.4.3,264561.5711,347248.0371,328982.1381,74880.86066,118525.9426,76012.05974,311318.561,186089.8764,249145.7311,178186.5321,163263.548,325050.8123,212405.1024,202392.5994,304809.7522,278850.4947,116344.5649,196949.8956
J9VX83,CNAG_01799,Ubiquinol-cytochrome c reductase subunit 8 OS=Cryptococcus neoformans var. grubii serotype A (strain H99 / ATCC 208821 / CBS 10515 / FGSC 9487) GN=CNAG_01799 PE=4 SV=2,2,-.-.2.-.-.-.-.-.-.1.1.-.1.1.1.2.1.2.-.1.-.1,8037.685544,14948.40537,1177.94867,10322.09504,20834.48048,4678.722074,5544.004984,13495.30668,19937.56422,89152.08751,20177.15713,25800.13432,68114.07731,105292.4673,124221.1145,182525.8034,83362.51785,123242.1672
J9VX98,CNAG_04530,DNA-binding protein OS=Cryptococcus neoformans var. grubii serotype A (strain H99 / ATCC 208821 / CBS 10515 / FGSC 9487) GN=CNAG_04530 PE=4 SV=1,5,2.2.5.3.3.2.2.3.3.5.4.5.5.5.5.5.5.5.5.4.5.4,331177.4432,570509.4977,389042.7259,200930.9048,442080.5054,499515.4539,140057.2205,225088.1693,109956.889,168990.0442,230784.396,188118.2752,225742.8904,216406.2742,156583.3776,270855.2921,197580.611,183297.4218
J9VX99,CNAG_01820,Pyruvate kinase OS=Cryptococcus neoformans var. grubii serotype A (strain H99 / ATCC 208821 / CBS 10515 / FGSC 9487) GN=CNAG_01820 PE=3 SV=2,28,18.10.24.18.11.11.21.18.16.14.11.20.20.22.24.21.19.23.25.18.20.18,5895353.103,2750218.295,13163137.75,2470219.514,11536172.49,1478904.433,5130554.019,4327155.995,15437444.36,2087019.397,2076348.153,2304905.041,1601633.778,3973222.72,2339539.225,2015022.924,2723975.646,1434516.128
J9VXA5,CNAG_03120,"Alpha-1,3-glucan synthase OS=Cryptococcus neoformans var. grubii serotype A (strain H99 / ATCC 208821 / CBS 10515 / FGSC 9487) GN=CNAG_03120 PE=4 SV=2",2,-.-.2.-.-.-.-.-.-.1.-.1.2.2.2.1.-.1.1.-.-.-,9689.074388,6216.868426,44000.31843,13859.23911,17630.05647,4912.1403,20179.9014,7802.195814,6897.001439,14560.34447,28113.16576,16558.31293,40145.47877,35176.27657,46181.10201,12949.60774,5759.175377,15144.02205
J9VXB8,CNAG_01846,Flavoprotein OS=Cryptococcus neoformans var. grubii serotype A (strain H99 / ATCC 208821 / CBS 10515 / FGSC 9487) GN=CNAG_01846 PE=4 SV=2,5,-.-.5.-.-.1.1.-.-.3.4.5.5.3.5.3.5.5.3.3.3.3,22727.92406,17529.55332,87134.55871,35230.50149,26508.92471,37554.7842,40019.54425,29525.78031,30838.93363,158822.6112,102793.8528,212576.561,175119.6324,173418.5339,175628.8527,117770.8946,76384.08126,120669.0701
J9VXD6,CNAG_01870,Electron transfer flavoprotein beta subunit OS=Cryptococcus neoformans var. grubii serotype A (strain H99 / ATCC 208821 / CBS 10515 / FGSC 9487) GN=CNAG_01870 PE=4 SV=1,2,1.1.2.1.-.1.-.1.-.1.1.1.2.2.2.2.2.1.1.2.1.1,220793.3493,663006.2883,84713.80395,580407.5734,705765.0357,246639.4991,12067.03342,10086.9818,16322.96405,306247.9792,46205.096,44337.09163,239045.1141,304276.0437,163113.9922,271494.5651,281698.7147,47760.50897
J9VXD7,CNAG_05463,Uncharacterized protein OS=Cryptococcus neoformans var. grubii serotype A (strain H99 / ATCC 208821 / CBS 10515 / FGSC 9487) GN=CNAG_05463 PE=4 SV=1,5,3.1.5.1.1.3.2.2.1.4.4.4.4.4.5.4.3.4.4.3.4.4,38978.59349,51905.97182,91442.92155,30797.29328,36470.89177,130035.7781,24937.30409,48269.75532,34210.08708,78657.96903,80352.71384,64614.09862,56149.43526,52657.04103,67353.06977,62170.04713,45557.18634,48308.74743
J9VXE3,CNAG_04914,Small nuclear ribonucleoprotein G OS=Cryptococcus neoformans var. grubii serotype A (strain H99 / ATCC 208821 / CBS 10515 / FGSC 9487) GN=CNAG_04914 PE=4 SV=1,2,1.-.2.-.-.1.1.1.-.2.2.2.2.2.2.2.2.2.2.2.2.2,44166.4768,173898.9537,120400.4716,4146.034305,12572.01296,78375.35024,56594.41034,35726.39027,34188.40966,122355.9728,94788.82327,113063.7453,143672.9681,108665.1786,170225.4685,189680.4299,84173.62588,110041.6451
J9VXE8,CNAG_01884,Large subunit ribosomal protein L3 OS=Cryptococcus neoformans var. grubii serotype A (strain H99 / ATCC 208821 / CBS 10515 / FGSC 9487) GN=CNAG_01884 PE=3 SV=1,37,34.33.37.29.35.36.33.34.31.28.30.32.35.35.36.28.33.34.33.32.34.29,30892826.84,38090184.13,25655169.99,26920915.57,31104752.73,41306073.35,24633033.25,25191261.6,22191328.55,7090025.576,9213478.534,11069304.12,6981437.714,10299218.1,9110774.784,5806214.843,9466782.226,7278771.967
J9VXF1,CNAG_01890,5-methyltetrahydropteroyltriglutamate-homocysteine S-methyltransferase OS=Cryptococcus neoformans var. grubii serotype A (strain H99 / ATCC 208821 / CBS 10515 / FGSC 9487) GN=CNAG_01890 PE=3 SV=1,42,35.8.40.35.23.27.34.30.26.30.25.32.34.37.41.38.29.36.35.31.35.32,18759434.97,17111367.46,6848077.05,13806713.08,5707974.674,6850875.741,9630795.086,10684263.64,10115080.62,4511194.207,4051644.994,5553957.432,4401962.397,6725520.747,5186832.133,6818707.395,4720798.843,4053679.484
J9VXH5,CNAG_04883,Small subunit ribosomal protein S18 OS=Cryptococcus neoformans var. grubii serotype A (strain H99 / ATCC 208821 / CBS 10515 / FGSC 9487) GN=CNAG_04883 PE=3 SV=1,21,12.12.20.14.13.17.12.12.11.16.16.16.15.17.19.20.15.16.16.16.16.15,6191592.408,2738579.728,17163129.31,5279957.598,5126673.52,18691731.43,6161383.076,3772119.511,6170509.703,5850450.903,6558590.182,5842857.448,5781401.366,5926422.143,6525441.331,6779665.429,4040357.152,5670150.968
J9VXH6,CNAG_01920,Polyubiquitin OS=Cryptococcus neoformans var. grubii serotype A (strain H99 / ATCC 208821 / CBS 10515 / FGSC 9487) GN=CNAG_01920 PE=4 SV=1,1,1.1.1.-.1.1.1.1.1.1.1.1.1.1.1.1.1.1.1.1.1.1,57368.44469,313699.1147,158925.9791,352578.3082,616370.0496,131998.9516,125720.7271,158485.8019,244304.2476,319353.3981,260828.5741,135039.6186,115476.8008,138719.4262,79519.28808,89013.46497,289302.8287,485944.0064
J9VXI8,CNAG_03168,Sulfite reductase (NADPH) flavoprotein alpha-component OS=Cryptococcus neoformans var. grubii serotype A (strain H99 / ATCC 208821 / CBS 10515 / FGSC 9487) GN=CNAG_03168 PE=4 SV=1,3,2.1.3.1.2.2.1.1.2.3.3.2.3.3.3.2.2.3.3.3.2.1,108744.0055,319032.8213,91967.90128,142764.2881,154430.9836,47971.64164,73003.18254,62140.52556,79101.49894,69490.91982,48251.61806,73955.06397,28072.10107,90142.49452,100539.0612,177175.4329,85355.57392,83406.81944
J9VXK4,CNAG_05556,Uncharacterized protein OS=Cryptococcus neoformans var. grubii serotype A (strain H99 / ATCC 208821 / CBS 10515 / FGSC 9487) GN=CNAG_05556 PE=3 SV=1,8,3.4.8.3.3.6.3.4.2.4.2.4.7.4.8.5.2.3.6.6.5.5,1076898.925,1557073.389,803674.9441,1551948.119,1931894.335,848293.0459,327728.686,273969.4388,158442.6477,204334.3735,253484.8877,211499.8045,258687.1279,304251.4191,309020.483,373698.5931,284132.3492,206454.9531
J9VXK6,CNAG_01951,Small subunit ribosomal protein S22-A OS=Cryptococcus neoformans var. grubii serotype A (strain H99 / ATCC 208821 / CBS 10515 / FGSC 9487) GN=CNAG_01951 PE=3 SV=1,10,8.6.10.8.4.9.8.3.8.9.9.10.10.10.10.8.8.10.10.9.8.8,1941786.463,2195927.257,4892884.049,2090364.166,2139976.307,1413693.006,904428.0036,778295.4351,1323703.206,1667528.924,1517488.155,1648200.039,1246279.117,1639360.742,1732265.223,1506959.321,1080511.776,1418214.704
J9VXL1,CNAG_04851,Transitional endoplasmic reticulum ATPase OS=Cryptococcus neoformans var. grubii serotype A (strain H99 / ATCC 208821 / CBS 10515 / FGSC 9487) GN=CNAG_04851 PE=3 SV=1,31,8.5.26.5.5.5.8.7.5.22.13.27.26.25.31.23.22.29.21.20.23.15,535420.4885,864771.634,909732.9655,621345.1325,1316309.617,587321.301,819942.0739,634900.5412,816185.4838,1483808.681,1249066.327,1909766.287,1622804.938,2065354.381,2508754.889,2373986.581,2029297.04,2403591.349
J9VXL5,CNAG_01961,MSP domain-containing protein OS=Cryptococcus neoformans var. grubii serotype A (strain H99 / ATCC 208821 / CBS 10515 / FGSC 9487) GN=CNAG_01961 PE=4 SV=1,1,1.-.1.1.-.-.1.1.1.1.1.1.1.1.1.1.1.1.1.1.1.1,18920.01071,63263.41144,30294.03912,26172.50164,1892.160446,4323.510399,6709.752746,14181.77073,11895.2211,14449.20057,19397.53689,49287.54971,15008.60813,33326.04393,38608.16888,54303.96447,54313.76313,61290.12841
J9VXL7,CNAG_03198,40S ribosomal protein S8 OS=Cryptococcus neoformans var. grubii serotype A (strain H99 / ATCC 208821 / CBS 10515 / FGSC 9487) GN=CNAG_03198 PE=3 SV=1,20,14.13.20.13.13.13.11.12.12.14.14.11.16.16.18.18.13.16.15.14.14.15,6362888.398,3764236.344,9859055.107,3751505.883,5454034.672,5793208.995,4322549.378,3495138.173,3615671.57,3175139.531,3486293.436,3297776.314,3515533.844,3829221.818,3848400.494,2753323.771,2951226.258,2912005.035
J9VXM1,CNAG_03203,DNA polymerase epsilon p12 subunit OS=Cryptococcus neoformans var. grubii serotype A (strain H99 / ATCC 208821 / CBS 10515 / FGSC 9487) GN=CNAG_03203 PE=4 SV=2,2,1.1.2.1.1.2.1.1.1.1.1.1.1.2.2.2.1.1.1.1.1.1,18160.20668,9714.592453,29672.62374,29849.76044,41804.17998,23129.42983,19228.92304,15516.05402,14774.20622,11056.90389,14327.54457,10185.70504,24994.88082,30868.91938,13967.21779,15237.1898,51509.25858,25684.71963
J9VXN5,CNAG_03225,Malate dehydrogenase OS=Cryptococcus neoformans var. grubii serotype A (strain H99 / ATCC 208821 / CBS 10515 / FGSC 9487) GN=CNAG_03225 PE=3 SV=1,19,14.3.17.12.7.10.13.11.8.15.13.15.17.16.19.18.16.18.17.17.15.17,5107670.249,3716864.514,3466210.663,2831349.658,4427448.439,1890639.145,3003431.017,3319789.188,4532257.028,1985027.685,2362786.089,2884853.009,3203066.347,4491640.864,3966654.924,4815784.583,3760649.223,3614247.628
J9VXN6,CNAG_05595,Uncharacterized protein OS=Cryptococcus neoformans var. grubii serotype A (strain H99 / ATCC 208821 / CBS 10515 / FGSC 9487) GN=CNAG_05595 PE=4 SV=1,2,-.1.2.-.-.-.-.-.-.1.1.-.1.1.1.1.-.2.1.1.1.1,133205.7303,27353.43661,46655.38834,11512.66103,14844.60751,7700.224953,7169.886244,8568.774343,4017.664712,46124.24804,39008.00682,20068.55542,39027.76221,56738.96869,51691.20863,26156.16569,99931.24008,53351.7463
J9VXP0,CNAG_05600,Indigoidine synthase A family protein OS=Cryptococcus neoformans var. grubii serotype A (strain H99 / ATCC 208821 / CBS 10515 / FGSC 9487) GN=CNAG_05600 PE=3 SV=2,4,-.1.3.-.-.-.-.-.-.-.1.1.4.2.3.4.1.2.1.-.1.1,49870.53313,24621.6616,60478.08461,11281.22305,27785.88322,11552.37754,27645.65366,20367.04417,30480.29505,16032.22955,36250.71123,36142.56414,68413.96997,87106.60437,94473.64819,81737.36168,58438.3588,50977.20886
J9VXQ3,CNAG_03249,THO complex subunit 4 OS=Cryptococcus neoformans var. grubii serotype A (strain H99 / ATCC 208821 / CBS 10515 / FGSC 9487) GN=CNAG_03249 PE=4 SV=1,7,2.2.7.3.1.3.2.1.1.6.4.6.5.5.7.7.5.6.6.6.5.6,194081.2336,207910.2591,353635.8359,219184.4646,137942.9347,110642.6327,152909.032,193987.4068,154253.9464,330481.4442,284114.3275,527618.0469,440501.3817,414372.3944,509910.3442,941570.8937,436189.1839,529794.6509
J9VXQ9,CNAG_05623,Chorismate synthase OS=Cryptococcus neoformans var. grubii serotype A (strain H99 / ATCC 208821 / CBS 10515 / FGSC 9487) GN=CNAG_05623 PE=3 SV=1,6,3.1.5.3.2.3.2.2.1.4.4.4.5.5.6.6.5.6.4.5.4.4,472953.9445,1967838.405,216573.9671,1060125.911,1122457.521,756395.8761,652049.8896,798447.8797,909013.9689,1516880.49,633215.0295,614839.8391,690811.9169,280238.4933,412625.7993,888169.2074,418242.7006,373832.8239
J9VXT4,CNAG_07846,Ran-binding protein 3 OS=Cryptococcus neoformans var. grubii serotype A (strain H99 / ATCC 208821 / CBS 10515 / FGSC 9487) GN=CNAG_07846 PE=4 SV=1,1,-.-.-.-.-.-.-.-.-.-.-.-.1.1.1.1.-.1.-.1.-.-,4411.210815,4823.497785,729.9259002,6217.554785,3114.301053,4104.626471,3930.116139,5780.856318,3834.465118,1451.407409,6716.545349,1335.703393,13828.44083,14545.59537,20975.77702,42906.03771,95520.59798,36054.94033
J9VXU0,CNAG_03299,Coatomer subunit beta OS=Cryptococcus neoformans var. grubii serotype A (strain H99 / ATCC 208821 / CBS 10515 / FGSC 9487) GN=CNAG_03299 PE=4 SV=2,3,-.1.2.-.1.-.-.-.1.-.-.-.1.1.3.3.1.2.1.1.1.2,29311.57991,22158.3834,26259.48034,16770.99718,33254.42482,16319.29323,7021.708537,22346.69774,30733.99134,4797.008928,6052.0943,7945.247596,21865.05512,18723.87706,37408.1462,91052.31384,124257.2877,48512.51592
J9VXU8,CNAG_03309,Pre-mRNA-splicing factor CWC21 OS=Cryptococcus neoformans var. grubii serotype A (strain H99 / ATCC 208821 / CBS 10515 / FGSC 9487) GN=CNAG_03309 PE=4 SV=1,2,-.2.2.-.-.1.1.-.-.1.1.-.1.-.2.1.1.-.-.-.1.1,134665.283,48500.47939,61493.20289,9931.775834,4555.168463,60763.00506,25090.33374,10255.60276,10290.1955,15620.63049,26254.1505,19005.67305,18011.95189,21218.05229,40126.28356,1661.676639,13600.45959,4300.95443
J9VXV1,PSD2 CNAG_04792,Phosphatidylserine decarboxylase proenzyme 2 OS=Cryptococcus neoformans var. grubii serotype A (strain H99 / ATCC 208821 / CBS 10515 / FGSC 9487) GN=PSD2 PE=3 SV=2,2,-.1.1.1.1.2.1.-.-.2.2.-.1.1.1.1.2.1.2.1.-.1,9622.673942,3817.710475,9701.098764,112787.8707,205693.7841,179435.5415,23242.67005,11677.60604,15590.69865,9699.57662,63982.6128,19414.50386,3729.766002,16913.99345,4768.102998,42378.65148,90816.6341,93991.56271
J9VXV6,CNAG_06012,NADH-cytochrome b5 reductase OS=Cryptococcus neoformans var. grubii serotype A (strain H99 / ATCC 208821 / CBS 10515 / FGSC 9487) GN=CNAG_06012 PE=3 SV=1,2,-.-.2.-.-.-.1.-.-.1.-.1.2.2.2.2.2.2.2.2.1.1,11539.68226,13419.29122,14392.04099,6663.883799,11642.07309,8888.629578,8123.779269,10384.61009,7560.586761,8136.379493,5157.154154,23213.67558,25778.32889,27670.52524,24640.64499,34090.67574,24486.9925,27931.01316
J9VXW3,CNAG_07851,"Isocitrate dehydrogenase, NAD-dependent OS=Cryptococcus neoformans var. grubii serotype A (strain H99 / ATCC 208821 / CBS 10515 / FGSC 9487) GN=CNAG_07851 PE=4 SV=1",9,6.5.9.3.2.4.3.4.3.7.5.4.7.6.9.6.6.6.8.6.6.2,1394031.513,1024930.392,1385902.654,375916.2309,473500.7072,361053.6289,465029.0363,416883.8882,509607.6198,645697.1188,633755.5765,638044.4835,379202.1361,544741.3712,508825.333,383043.801,353074.0279,396285.8213
J9VY02,CNAG_06067,Uncharacterized protein OS=Cryptococcus neoformans var. grubii serotype A (strain H99 / ATCC 208821 / CBS 10515 / FGSC 9487) GN=CNAG_06067 PE=4 SV=2,1,1.-.1.-.-.-.1.1.-.-.-.1.-.-.-.-.-.-.-.-.-.-,37827.42333,98462.2709,16607.89016,5096.47472,5932.23064,2671.445897,24133.24078,27338.70565,35967.05227,2511.356188,6100.008212,14712.80993,666.0958114,605.3639553,273.1505192,1258.760429,3105.710227,525.6170288
J9VY05,CNAG_03370,Calcium-binding protein NCS-1 OS=Cryptococcus neoformans var. grubii serotype A (strain H99 / ATCC 208821 / CBS 10515 / FGSC 9487) GN=CNAG_03370 PE=4 SV=1,5,1.4.3.-.1.2.2.1.-.4.4.2.4.3.3.4.2.3.3.3.2.3,147452.3264,108031.1911,282596.7006,23142.77155,80587.22506,142057.9137,90654.16177,54161.36056,28009.57527,211795.6138,216365.5672,136920.4381,219944.4101,175429.6001,177355.3775,204716.6864,112315.6486,201233.8343
J9VY09,CNAG_03375,"Succinate--CoA ligase [ADP-forming] subunit alpha, mitochondrial OS=Cryptococcus neoformans var. grubii serotype A (strain H99 / ATCC 208821 / CBS 10515 / FGSC 9487) GN=CNAG_03375 PE=3 SV=1",7,3.1.4.4.2.3.3.2.3.3.4.2.6.5.7.5.5.7.4.4.4.3,189170.1591,427624.6418,237835.4063,303910.7949,209497.1883,230027.0934,172797.3184,154342.5532,176550.9164,179170.3024,196752.4406,207645.4377,362544.4791,432169.2838,555453.3539,553870.3559,298751.2509,380222.158
J9VY17,CNAG_04709,Uncharacterized protein OS=Cryptococcus neoformans var. grubii serotype A (strain H99 / ATCC 208821 / CBS 10515 / FGSC 9487) GN=CNAG_04709 PE=4 SV=1,1,1.-.1.1.-.-.1.-.-.1.-.1.1.1.1.1.1.-.1.1.1.1,4935.532166,5181.761311,8719.651842,4900.379022,5087.984645,3668.388724,5238.780079,7160.485532,7014.366806,5793.072554,5945.408739,3727.359024,6634.175044,5856.371216,8129.645972,9808.144742,4360.343486,4031.181328
J9VY28,CNAG_06096,Tricarboxylate carrier OS=Cryptococcus neoformans var. grubii serotype A (strain H99 / ATCC 208821 / CBS 10515 / FGSC 9487) GN=CNAG_06096 PE=3 SV=1,3,2.1.2.1.1.1.1.1.1.2.2.3.2.1.3.2.2.3.1.1.3.2,39489.46512,47753.21317,46754.95866,71851.7125,146649.7017,37097.46806,25481.71925,38896.97404,43648.19205,54770.83584,44939.95176,57508.94552,37916.72013,46052.54649,42571.2153,85851.46269,95353.03656,69750.76538
J9VY31,CNAG_04694,Periodic tryptophan protein 1 OS=Cryptococcus neoformans var. grubii serotype A (strain H99 / ATCC 208821 / CBS 10515 / FGSC 9487) GN=CNAG_04694 PE=4 SV=1,1,-.-.-.-.-.-.-.-.-.-.-.-.-.-.1.1.1.-.-.-.-.-,5981.520574,1345.745883,1141.588101,2698.259241,12759.4,2773.034648,2283.758567,2634.753256,4210.027711,5709.432881,1804.040307,3623.121053,1041.053674,3613.278145,1201.311527,30016.95527,24461.42877,25914.51753
J9VY34,CNAG_06101,"ADP,ATP carrier protein OS=Cryptococcus neoformans var. grubii serotype A (strain H99 / ATCC 208821 / CBS 10515 / FGSC 9487) GN=CNAG_06101 PE=3 SV=1",23,12.6.23.16.9.9.13.11.11.18.14.18.22.21.23.21.21.22.18.20.19.18,3342202.333,2969270.965,9394451.632,3940741.691,1920192.526,1671072.191,3298843.029,2589369.286,2487623.546,3805605.284,2678245.009,4800576.51,5082807.438,6163106.024,6863351.499,8593747.526,4733210.655,6028040.173
J9VY38,CNAG_04684,Protein transporter SEC23 OS=Cryptococcus neoformans var. grubii serotype A (strain H99 / ATCC 208821 / CBS 10515 / FGSC 9487) GN=CNAG_04684 PE=4 SV=1,3,1.-.-.1.1.1.-.1.-.1.-.1.2.2.3.3.2.2.-.2.1.2,30432.86543,9030.548646,8106.485686,40535.08231,50784.61517,28903.14166,20905.29863,41162.27484,11536.84367,23353.50498,36956.54826,23281.92486,36586.51969,44836.22269,32310.08952,75702.27179,38736.84909,32285.90024
J9VY39,CNAG_06106,Chaperone regulator OS=Cryptococcus neoformans var. grubii serotype A (strain H99 / ATCC 208821 / CBS 10515 / FGSC 9487) GN=CNAG_06106 PE=4 SV=2,7,1.-.5.-.-.1.1.2.-.6.1.5.7.4.7.7.5.7.4.6.3.5,69945.12468,93599.67236,71799.84914,47556.67764,45433.73517,53167.27061,67834.6278,112794.2832,39543.2253,213048.4788,231880.4882,193573.0447,219639.3888,274970.1664,334341.5853,637958.3409,286867.8204,318773.7799
J9VY44,CNAG_06112,Carbamoyl-phosphate synthase arginine-specific large chain OS=Cryptococcus neoformans var. grubii serotype A (strain H99 / ATCC 208821 / CBS 10515 / FGSC 9487) GN=CNAG_06112 PE=4 SV=1,6,3.1.5.4.2.1.3.3.3.5.5.4.6.4.6.6.3.4.6.5.6.4,217797.6484,743869.7141,213578.3503,347216.0234,419844.873,455429.3241,490792.6864,338783.9677,381871.2701,443631.3154,917440.7627,285722.5428,301264.525,346428.7178,328848.5012,325844.8132,280686.3219,192916.2372
J9VY51,CNAG_03416,Uncharacterized protein OS=Cryptococcus neoformans var. grubii serotype A (strain H99 / ATCC 208821 / CBS 10515 / FGSC 9487) GN=CNAG_03416 PE=4 SV=2,1,-.-.-.-.-.-.-.-.-.-.-.1.-.1.1.1.-.1.-.-.-.1,2895.986849,1502.606584,1872.766485,4225.143923,10995.56539,1796.905202,11765.95997,4219.413727,11152.72785,1382.3052,3343.265918,11181.88016,15121.3647,10622.4224,14979.22232,20472.15493,36407.32644,10784.76028
J9VY76,CNAG_06140,Long-chain fatty acid transporter OS=Cryptococcus neoformans var. grubii serotype A (strain H99 / ATCC 208821 / CBS 10515 / FGSC 9487) GN=CNAG_06140 PE=4 SV=1,9,4.4.9.3.3.6.4.1.3.7.6.6.6.7.8.6.7.5.6.7.5.4,1327249.05,942015.9126,1484470.939,161678.0545,224754.5986,375331.8795,85592.28069,68235.58096,113965.775,299255.1946,232769.1626,467492.0011,424836.3944,483179.9714,534683.0213,452102.4852,251851.7321,234079.2812
J9VY95,CNAG_04601,Serine hydroxymethyltransferase OS=Cryptococcus neoformans var. grubii serotype A (strain H99 / ATCC 208821 / CBS 10515 / FGSC 9487) GN=CNAG_04601 PE=3 SV=1,31,23.17.31.21.16.22.21.19.20.26.21.27.27.27.29.29.26.26.26.27.25.25,6584361.262,5435137.224,14408550.71,4803240.829,4162844.607,4859489.99,4678898.478,2884668.301,3824277.447,4166890.778,4009836.745,4707182.854,3452719.772,4067536.281,5531089.266,6114557.462,3318970.466,3908576.546
J9VYB5,CNAG_06169,Uncharacterized protein OS=Cryptococcus neoformans var. grubii serotype A (strain H99 / ATCC 208821 / CBS 10515 / FGSC 9487) GN=CNAG_06169 PE=3 SV=1,2,1.1.2.1.1.1.1.1.1.2.2.2.2.2.2.2.2.2.2.2.2.2,61913965.95,81819493.47,34714400.76,51426512.86,67493994.59,39512580.77,57457263.92,48611399.36,73627760.75,19206249.23,30873507.21,53767602.65,31179343.19,39229488.2,17696195.47,23112823.28,20279413.98,32184255.7
J9VYC1,CNAG_03507,Mitochondrial-processing peptidase subunit beta OS=Cryptococcus neoformans var. grubii serotype A (strain H99 / ATCC 208821 / CBS 10515 / FGSC 9487) GN=CNAG_03507 PE=3 SV=2,12,6.2.11.4.3.6.5.4.5.7.6.9.11.9.12.11.7.11.8.8.7.5,1037194.554,834663.384,1036549.954,533980.5658,296479.2971,367252.1174,482381.6977,415458.7383,502442.7743,777192.9913,531387.9239,1381073.432,1075559.667,1332823.957,2307054.955,2613325.9,1272016.336,1468320.488
J9VYI2,CLU1 TIF31 CNAG_06248,Clustered mitochondria protein homolog OS=Cryptococcus neoformans var. grubii serotype A (strain H99 / ATCC 208821 / CBS 10515 / FGSC 9487) GN=CLU1 PE=3 SV=1,3,2.-.2.2.1.1.1.1.1.1.1.1.2.2.2.2.2.1.1.2.1.2,81325.70169,73551.39675,35186.77783,70695.46063,33899.74758,11300.29687,26896.53876,24124.9152,33088.84797,26929.48254,26470.42394,25332.8568,60143.29318,44031.1943,46530.8157,67378.64936,30056.56643,29144.46615
J9VYK4,CNAG_03588,L-aminoadipate-semialdehyde dehydrogenase OS=Cryptococcus neoformans var. grubii serotype A (strain H99 / ATCC 208821 / CBS 10515 / FGSC 9487) GN=CNAG_03588 PE=4 SV=1,4,2.1.3.2.1.1.2.3.1.3.1.3.3.3.4.4.3.3.2.1.2.1,745387.5567,628223.5576,268453.0424,875560.7452,545318.3357,749792.6495,1176241.929,1258449.191,764005.2235,348730.0285,493175.9076,374916.3196,187100.1044,261713.8635,136841.6805,185811.6445,263074.5795,178402.608
J9VYL3,INO1 CNAG_01539,Myo-inositol-1-phosphate synthase OS=Cryptococcus neoformans var. grubii serotype A (strain H99 / ATCC 208821 / CBS 10515 / FGSC 9487) GN=CNAG_01539 PE=4 SV=1,11,6.3.10.5.1.5.5.2.5.8.7.6.6.7.9.9.4.7.8.7.9.6,4148608.755,2099051.829,2161717.813,3377394.711,6596283.504,2795171.901,3371768.743,3257178.079,6164843.623,361527.2475,347244.0678,360989.1644,424947.9436,488227.9734,553472.2977,373087.1392,390649.9729,262702.9771
J9VYL9,CNAG_01544,Histidyl-tRNA synthetase OS=Cryptococcus neoformans var. grubii serotype A (strain H99 / ATCC 208821 / CBS 10515 / FGSC 9487) GN=CNAG_01544 PE=4 SV=2,2,2.2.2.2.2.2.2.2.2.2.2.2.2.2.2.1.2.2.2.2.2.2,93146.88995,102060.6526,77238.49232,97589.48248,119895.7942,90302.07607,85467.48643,69277.12735,72606.05583,82484.70319,81294.82083,74176.60774,81647.26114,77744.93496,87229.28179,127994.0423,101659.8649,91604.38538
J9VYM4,CNAG_01549,Splicing factor 3A subunit 3 OS=Cryptococcus neoformans var. grubii serotype A (strain H99 / ATCC 208821 / CBS 10515 / FGSC 9487) GN=CNAG_01549 PE=4 SV=1,3,-.-.2.-.-.-.-.-.-.1.1.1.1.1.2.3.1.1.1.2.1.1,13860.75658,11320.03723,28016.16731,10695.1103,18749.76873,7621.856041,26928.34899,18360.24566,8246.960459,24163.37908,16286.5944,30248.5041,26100.25065,29427.27243,32553.29663,66965.97546,21380.19803,35741.9136
J9VYP1,RPS0 CNAG_04114,40S ribosomal protein S0 OS=Cryptococcus neoformans var. grubii serotype A (strain H99 / ATCC 208821 / CBS 10515 / FGSC 9487) GN=RPS0 PE=3 SV=1,15,9.6.15.9.8.8.9.8.10.10.10.10.12.14.14.13.10.13.14.12.12.11,6257074.092,6520707.151,11766795,4148846.139,2884231.281,4394713.29,4848601.133,4081458.64,3589069.506,3595012.864,3371718.151,4835682.42,3947307.305,4237414.762,5353115.378,4968403.345,3153749.124,3898293.72
J9VYP5,"ADE57 ADE5,7 CNAG_06314",Phosphoribosylamine-glycine ligase OS=Cryptococcus neoformans var. grubii serotype A (strain H99 / ATCC 208821 / CBS 10515 / FGSC 9487) GN=CNAG_06314 PE=3 SV=1,4,2.-.4.-.-.1.-.1.-.2.2.2.4.3.4.4.1.3.1.2.2.2,159308.3418,498971.5595,153175.2473,17525.6393,22278.15786,24444.5397,17583.10047,78462.32851,21706.45619,46515.98542,60153.75266,101517.5172,82501.87463,120652.2527,123432.0137,142850.4704,143605.2158,86729.44085
J9VYR2,CNAG_01590,Large subunit ribosomal protein L32 OS=Cryptococcus neoformans var. grubii serotype A (strain H99 / ATCC 208821 / CBS 10515 / FGSC 9487) GN=CNAG_01590 PE=3 SV=1,1,-.-.1.-.1.1.-.-.1.1.-.1.1.-.1.-.1.1.1.-.1.-,2380.474036,4405.80083,14595.39054,40222.78901,38848.63369,23689.74344,1856.475996,6179.065487,9978.676806,11912.29459,6392.167804,2832.569062,11118.04588,10852.90464,6101.405833,6958.692254,7797.395869,5768.756711
J9VZ01,CNAG_04207,Homeobox protein cut-like OS=Cryptococcus neoformans var. grubii serotype A (strain H99 / ATCC 208821 / CBS 10515 / FGSC 9487) GN=CNAG_04207 PE=4 SV=1,2,1.-.1.1.-.-.-.-.-.1.1.2.2.1.2.2.2.2.1.1.2.1,6861.669882,15654.7529,12760.18498,9168.651156,12594.36235,6029.416598,7306.610852,7702.212523,11419.92469,11211.44301,11991.41822,18450.05539,24330.17667,40294.35767,24624.91674,45169.12079,18079.24064,28145.23233
J9VZ02,CNAG_06447,Large subunit ribosomal protein L22 OS=Cryptococcus neoformans var. grubii serotype A (strain H99 / ATCC 208821 / CBS 10515 / FGSC 9487) GN=CNAG_06447 PE=3 SV=1,17,11.11.17.10.10.14.10.8.11.15.13.14.15.15.17.14.13.14.16.16.16.16,3820782.578,2335809.369,10277741.58,2954905.802,2334788.718,6616283.478,3406326.994,2081205.972,2868875.965,3007684.669,2995959.9,2990901.969,3083136.465,3159151.721,3757636.595,3203864.614,2013518.292,2535015.686
J9VZ03,CNAG_04212,Uncharacterized protein OS=Cryptococcus neoformans var. grubii serotype A (strain H99 / ATCC 208821 / CBS 10515 / FGSC 9487) GN=CNAG_04212 PE=4 SV=1,4,3.-.4.1.3.2.2.1.1.4.3.4.4.4.4.4.4.4.3.4.4.4,249921.5564,820567.1208,467533.7467,90189.29761,111579.5002,50892.32589,70458.20134,53005.10822,65410.70255,355392.4719,209667.9424,376848.5303,243709.0037,302275.6471,398776.4396,579085.871,232063.4481,328654.9782
J9VZ23,CNAG_06474,RNA-binding protein Musashi OS=Cryptococcus neoformans var. grubii serotype A (strain H99 / ATCC 208821 / CBS 10515 / FGSC 9487) GN=CNAG_06474 PE=4 SV=2,5,2.-.5.3.-.2.1.1.1.5.2.3.3.5.5.5.5.5.4.3.4.4,59169.90555,39372.00991,57345.50814,113807.9987,84589.12008,85112.65987,53102.70455,48196.8843,91939.71062,168523.324,223235.5605,180912.9397,137800.8615,160903.6146,245307.5689,271055.9769,162261.7022,222094.1695
J9VZ38,CNAG_04265,Uncharacterized protein OS=Cryptococcus neoformans var. grubii serotype A (strain H99 / ATCC 208821 / CBS 10515 / FGSC 9487) GN=CNAG_04265 PE=4 SV=1,2,-.-.1.-.1.1.1.-.-.1.1.2.1.-.1.1.1.2.1.1.1.1,5391.518257,11059.08496,6391.011282,29629.16804,19269.53251,35222.39005,25771.517,13754.25111,13106.60599,13764.82115,12704.89101,27377.52758,6807.438284,3448.463746,860.3963352,49031.89196,136500.7252,52843.4855
J9VZ43,CNAG_04270,Syntaxin 8 OS=Cryptococcus neoformans var. grubii serotype A (strain H99 / ATCC 208821 / CBS 10515 / FGSC 9487) GN=CNAG_04270 PE=4 SV=1,2,1.1.1.1.-.1.1.1.1.-.-.1.1.2.2.2.2.1.1.1.1.1,1853436.419,110649.198,268026.5069,141261.8178,188269.2039,501985.2662,2623841.584,54559.33043,45618.44679,2760.238871,8436.788051,6189.319965,24463.42748,43248.08687,42885.86431,33595.2075,199167.5996,88590.34763
J9VZ46,CNAG_07598,Importin-alpha export receptor OS=Cryptococcus neoformans var. grubii serotype A (strain H99 / ATCC 208821 / CBS 10515 / FGSC 9487) GN=CNAG_07598 PE=4 SV=1,2,1.1.2.2.1.2.2.2.2.2.1.1.2.2.2.2.2.2.2.2.2.2,100989.5349,238289.1944,59062.02146,154892.9383,291959.1996,314606.4651,94323.45495,77712.85208,176418.542,596435.8653,256633.9573,295248.1716,169929.3448,77581.99313,14196.95973,137845.695,68958.23901,71097.86713
J9VZ55,CNAG_04284,Uncharacterized protein OS=Cryptococcus neoformans var. grubii serotype A (strain H99 / ATCC 208821 / CBS 10515 / FGSC 9487) GN=CNAG_04284 PE=4 SV=1,5,3.1.4.2.1.2.3.2.3.3.1.3.1.2.2.2.2.3.3.1.3.2,660882.3203,712327.9961,310304.3895,351071.2864,251645.461,195382.1372,588286.8316,475117.1619,434122.7678,200737.7347,207850.9504,356541.7133,89861.80677,136765.2605,170903.0059,188715.327,180981.7249,182383.0682
J9VZ56,CNAG_06511,Uncharacterized protein OS=Cryptococcus neoformans var. grubii serotype A (strain H99 / ATCC 208821 / CBS 10515 / FGSC 9487) GN=CNAG_06511 PE=4 SV=2,4,-.-.2.-.-.-.-.-.-.1.-.2.3.1.4.4.3.4.1.2.1.3,24888.77172,14731.36188,17601.36203,16633.33066,25269.18149,16528.93087,19890.29978,24492.87117,12578.38899,12684.77099,15898.00954,42054.53425,41224.01799,66791.56347,73570.47288,128520.1371,140975.2082,98210.95542
J9VZ58,CNAG_01711,Glycerol-3-phosphate O-acyltransferase/dihydroxyacetone phosphate acyltransferase OS=Cryptococcus neoformans var. grubii serotype A (strain H99 / ATCC 208821 / CBS 10515 / FGSC 9487) GN=CNAG_01711 PE=4 SV=2,2,1.-.2.1.1.1.1.1.1.1.-.1.1.1.2.2.1.2.1.-.2.-,7537.303336,11419.62561,10980.35182,8323.568673,14838.66698,19213.09974,12237.35605,17170.96756,10020.12331,5866.267187,7064.378904,7093.346488,4941.258565,9530.801058,8366.780396,19115.78754,14057.61408,11050.93687
J9VZ70,SSA1 CNAG_01727,Hsp71-like protein OS=Cryptococcus neoformans var. grubii serotype A (strain H99 / ATCC 208821 / CBS 10515 / FGSC 9487) GN=CNAG_01727 PE=3 SV=1,61,41.28.60.36.28.32.32.30.28.51.47.50.54.58.59.53.54.56.55.53.54.51,23330656.62,18207752.59,31523932.96,23144521.12,27182792.86,22313851.55,16836306.07,16048770.36,19591027.3,35021925.46,29035732.33,30720611.43,30953254.09,26999607.12,36527777.09,42938322.5,22663941.63,34486369.87
J9VZ71,CNAG_04304,T-complex protein 1 subunit zeta OS=Cryptococcus neoformans var. grubii serotype A (strain H99 / ATCC 208821 / CBS 10515 / FGSC 9487) GN=CNAG_04304 PE=3 SV=1,6,3.1.4.2.-.-.2.1.2.1.3.4.5.2.5.6.3.3.2.4.3.4,184632.6042,204672.6664,134277.4401,31624.21043,40248.47164,26150.09992,42064.96846,31204.53296,59490.06645,59373.93277,43124.16632,90469.16383,88628.97086,113990.1676,146453.893,91583.30312,63380.24755,86214.03063
J9VZA0,CNAG_01761,Uncharacterized protein OS=Cryptococcus neoformans var. grubii serotype A (strain H99 / ATCC 208821 / CBS 10515 / FGSC 9487) GN=CNAG_01761 PE=4 SV=1,3,2.-.3.2.1.1.2.1.1.2.2.3.2.2.2.3.2.2.2.2.3.3,218983.2858,222167.9744,149312.0667,63933.85338,50579.0453,90909.6193,139231.832,131449.2173,133744.3704,101703.8497,80720.05309,111907.1786,47722.28324,42314.25153,88216.79591,100460.42,51385.90378,45566.3276
J9VZA8,CNAG_05365,Ribose-phosphate pyrophosphokinase OS=Cryptococcus neoformans var. grubii serotype A (strain H99 / ATCC 208821 / CBS 10515 / FGSC 9487) GN=CNAG_05365 PE=4 SV=1,1,1.-.1.1.-.1.1.1.1.1.1.1.1.1.1.1.1.1.1.1.1.1,42653.89825,144292.3117,32729.57724,29282.99389,23075.25302,11933.43443,19289.92513,24238.96985,20033.47618,18136.32579,9774.239444,22115.88725,19743.19768,23251.60135,22526.85596,50685.12728,18417.46124,17807.44798
J9VZB5,CNAG_04354,Exopolyphosphatase OS=Cryptococcus neoformans var. grubii serotype A (strain H99 / ATCC 208821 / CBS 10515 / FGSC 9487) GN=CNAG_04354 PE=4 SV=1,3,2.3.2.-.1.-.1.1.1.2.3.1.3.2.3.3.2.3.2.2.2.3,95798.7392,324235.5302,36435.57168,6805.137769,16511.68083,11436.70678,61885.75888,50117.14444,109513.3429,67475.46158,103532.7994,77226.29278,92479.50554,127624.3437,102776.3835,107139.8996,122080.8566,92989.01715
J9VZC3,CNAG_01797,Uncharacterized protein OS=Cryptococcus neoformans var. grubii serotype A (strain H99 / ATCC 208821 / CBS 10515 / FGSC 9487) GN=CNAG_01797 PE=4 SV=1,2,-.-.1.1.1.1.1.-.1.1.-.1.1.1.2.2.1.1.2.2.1.1,5184.305088,12318.04097,18351.46976,14363.97382,13643.01486,15990.84002,13806.89575,10230.64688,14002.1586,19694.10019,24028.81725,15528.55061,19539.10624,20642.2995,20567.27971,32375.37469,13393.88283,16638.02727
J9VZC4,CNAG_04364,Dolichyl-diphosphooligosaccharide-protein glycosyltransferase OS=Cryptococcus neoformans var. grubii serotype A (strain H99 / ATCC 208821 / CBS 10515 / FGSC 9487) GN=CNAG_04364 PE=4 SV=2,1,-.-.1.-.-.-.-.-.-.1.-.-.1.1.1.1.-.1.1.-.1.-,8783.128388,1770.777643,3390.646243,2840.448392,3804.648404,6839.602287,2366.833031,2215.781592,6111.380151,4809.738377,990.6654266,3395.598095,5867.716624,4857.456337,8447.702499,9226.842124,17282.66697,7295.725974
J9VZC5,CNAG_05379,Regucalcin OS=Cryptococcus neoformans var. grubii serotype A (strain H99 / ATCC 208821 / CBS 10515 / FGSC 9487) GN=CNAG_05379 PE=4 SV=2,3,2.1.3.-.2.1.-.1.1.1.3.3.2.2.2.3.1.1.2.1.1.2,114861.2024,94644.71623,84680.1474,58519.43082,173502.3734,51438.96864,76468.21504,29332.4751,163053.9868,125144.7672,134601.3925,116407.856,105751.3397,73425.72359,85424.0381,36654.64914,11995.994,47087.21312
J9VZC6,CNAG_01802,Fe-S cluster assembly protein DRE2 OS=Cryptococcus neoformans var. grubii serotype A (strain H99 / ATCC 208821 / CBS 10515 / FGSC 9487) GN=DRE2 PE=3 SV=1,1,-.-.-.1.-.1.1.-.1.1.1.-.1.1.1.1.1.1.1.1.1.1,8077.492561,8022.075185,1169.592986,27611.8139,30001.54309,12141.44901,17209.96873,31510.26029,33553.30655,28824.79065,18819.72766,14679.36846,27778.05903,39991.02843,25081.72731,33576.97998,32936.36089,52491.2869
J9VZD5,CNAG_01813,Mannose-1-phosphate guanyltransferase OS=Cryptococcus neoformans var. grubii serotype A (strain H99 / ATCC 208821 / CBS 10515 / FGSC 9487) GN=CNAG_01813 PE=4 SV=2,8,1.-.8.2.-.-.3.1.-.6.3.8.6.7.8.6.5.7.4.4.4.4,96555.55258,84605.56719,155388.6452,106262.0389,40702.65489,35258.55597,108540.3745,73206.68499,70781.81225,242865.5084,213923.5532,358320.1062,377515.1012,376620.321,498018.2822,732698.1375,400827.5765,493860.6149
J9VZD9,CNAG_01818,ATP synthase mitochondrial F1 complex assembly factor 2 OS=Cryptococcus neoformans var. grubii serotype A (strain H99 / ATCC 208821 / CBS 10515 / FGSC 9487) GN=CNAG_01818 PE=4 SV=1,1,-.-.-.1.1.-.-.-.-.-.-.-.-.1.1.1.-.1.-.-.-.1,6685.782854,1326.523867,1163.033612,43435.10992,41692.0182,28655.91605,2531.865687,5815.455292,5456.320208,786.3324633,1066.555407,3091.889131,10548.2484,10761.13878,9236.977618,30828.04127,26574.37909,13100.72527
J9VZE2,CNAG_04384,Peptidyl-tRNA hydrolase OS=Cryptococcus neoformans var. grubii serotype A (strain H99 / ATCC 208821 / CBS 10515 / FGSC 9487) GN=CNAG_04384 PE=4 SV=1,4,1.1.4.1.2.2.2.1.2.1.2.1.2.2.3.4.1.3.3.2.2.1,260608.5623,777033.2341,112936.4344,401639.4178,3015841.249,623994.4089,123398.8208,443527.8509,201061.1068,204066.1737,218474.8379,153929.2322,186821.4477,300627.3313,250988.5639,214654.5771,276656.0224,147568.2017
J9VZE5,CNAG_05398,Phosphoserine transaminase OS=Cryptococcus neoformans var. grubii serotype A (strain H99 / ATCC 208821 / CBS 10515 / FGSC 9487) GN=CNAG_05398 PE=3 SV=1,3,-.-.3.2.-.-.-.1.-.-.-.1.3.3.3.3.-.3.1.2.2.2,20190.90924,9250.824505,81215.21717,75791.30192,11633.14825,12722.94935,16360.61401,29305.11657,10491.16006,6221.581864,6944.344458,15104.86435,43790.9821,50715.6833,87568.97676,154366.2559,156583.6321,58686.88288
J9VZE9,CNAG_01833,Translation initiation factor 4E OS=Cryptococcus neoformans var. grubii serotype A (strain H99 / ATCC 208821 / CBS 10515 / FGSC 9487) GN=CNAG_01833 PE=3 SV=1,4,-.-.3.1.-.1.2.1.-.2.1.-.3.2.3.4.1.3.1.-.2.2,14697.52114,17933.59281,27965.6228,19842.99812,29585.0698,103161.444,150449.9864,155298.3286,56087.09338,89915.91663,58150.36858,45014.32615,135908.5124,151814.5763,150142.4443,204628.1465,352204.519,120340.751
J9VZF4,CNAG_01839,Peptidyl-prolyl cis-trans isomerase OS=Cryptococcus neoformans var. grubii serotype A (strain H99 / ATCC 208821 / CBS 10515 / FGSC 9487) GN=CNAG_01839 PE=4 SV=1,4,-.-.2.2.1.1.-.1.1.2.-.2.3.1.4.4.2.4.1.1.2.3,12295.85074,18640.60053,28618.70886,128468.0954,102453.6583,141844.0081,24897.28642,46722.24174,17368.93454,113000.2651,80273.22236,76650.21646,150623.4087,196643.1045,124136.4506,421142.7622,440713.3343,275629.0598
J9VZF5,CNAG_04399,YggS family pyridoxal phosphate enzyme OS=Cryptococcus neoformans var. grubii serotype A (strain H99 / ATCC 208821 / CBS 10515 / FGSC 9487) GN=CNAG_04399 PE=3 SV=1,2,-.-.1.-.-.-.-.-.-.-.-.1.1.2.2.2.1.2.1.1.-.2,9967.127863,7456.765085,3265.896117,12601.16033,14958.11783,10791.35915,7294.385837,18823.26528,11975.30691,4106.723986,10036.63204,36070.13854,60892.30926,52724.04573,80971.92018,100082.0221,54238.52652,67399.13742
J9VZG6,CNAG_01854,Heparinase II/III family protein OS=Cryptococcus neoformans var. grubii serotype A (strain H99 / ATCC 208821 / CBS 10515 / FGSC 9487) GN=CNAG_01854 PE=4 SV=2,4,-.-.3.1.-.1.1.-.-.2.-.3.3.2.4.3.2.2.2.2.3.2,16667.69187,14494.24532,3268.043172,30563.70919,48857.29918,49931.63163,45000.72587,19951.64507,11525.56672,81695.63562,125031.2185,145514.0877,122237.6551,168957.0809,270450.5504,33496.21776,63913.99762,115937.6485
J9VZI7,CNAG_04445,Small subunit ribosomal protein S7e OS=Cryptococcus neoformans var. grubii serotype A (strain H99 / ATCC 208821 / CBS 10515 / FGSC 9487) GN=CNAG_04445 PE=4 SV=1,17,10.8.16.8.8.11.10.8.10.14.11.14.11.14.17.13.11.12.13.13.12.12,4054569.001,2650287.643,6487642.198,4536347.927,4228408.407,3452598.22,2734313.721,2236271.989,5412889.328,4619718.756,3532245.756,3207246.363,2538767.884,2676463.487,2825959.508,2524437.129,1896197.223,1968007.388
J9VZJ8,CNAG_01893,Glutathione S-transferase Gst3 OS=Cryptococcus neoformans var. grubii serotype A (strain H99 / ATCC 208821 / CBS 10515 / FGSC 9487) GN=CNAG_01893 PE=4 SV=2,6,-.-.5.1.-.1.-.-.-.2.2.4.6.5.6.6.3.6.2.3.4.2,25337.03413,17714.45956,40009.06662,79240.39329,42577.71481,59919.49844,12060.46154,32281.21683,39018.04849,126301.9161,86983.42451,253399.8372,318298.9371,307701.4361,373777.8486,250210.3481,276859.8561,325554.7492
J9VZK4,CNAG_04465,Small nuclear ribonucleoprotein OS=Cryptococcus neoformans var. grubii serotype A (strain H99 / ATCC 208821 / CBS 10515 / FGSC 9487) GN=CNAG_04465 PE=4 SV=2,2,1.-.1.-.-.-.-.-.-.-.-.1.-.1.2.1.1.2.-.-.-.1,60429.22322,85584.09127,97084.70428,17850.29407,18089.39566,7002.567766,4933.29621,11456.75897,21714.12616,7114.982387,3357.497703,5590.189656,118654.3945,87026.89294,65713.83855,73405.70161,139814.9572,96586.60463
J9VZL1,CNAG_04475,Uncharacterized protein OS=Cryptococcus neoformans var. grubii serotype A (strain H99 / ATCC 208821 / CBS 10515 / FGSC 9487) GN=CNAG_04475 PE=4 SV=1,2,1.1.2.-.1.1.1.-.1.1.1.2.2.2.2.2.1.2.2.1.1.2,106619.404,100054.8756,36180.0557,60291.78089,158806.2429,25432.07218,10179.20603,11304.59255,8644.746565,60034.93405,43840.7555,43489.27055,39608.23064,33646.9575,59733.3719,57835.58549,48141.04187,28152.46666
J9VZQ9,CNAG_04531,Enoyl-CoA hydratase OS=Cryptococcus neoformans var. grubii serotype A (strain H99 / ATCC 208821 / CBS 10515 / FGSC 9487) GN=CNAG_04531 PE=3 SV=1,2,1.1.2.-.-.-.-.1.-.2.1.1.2.2.2.2.2.2.2.2.2.2,6956.129489,14497.99884,25046.89641,16744.64153,13602.84425,13404.35101,6384.029049,8814.457028,8661.217893,27805.06775,11963.97994,16213.26583,27845.62625,24437.46511,42988.28848,55834.22777,22996.19853,35918.57564
J9VZR6,CNAG_05496,2-isopropylmalate synthase OS=Cryptococcus neoformans var. grubii serotype A (strain H99 / ATCC 208821 / CBS 10515 / FGSC 9487) GN=CNAG_05496 PE=3 SV=1,2,1.1.1.1.1.1.1.1.1.1.1.1.1.1.2.2.1.1.1.1.1.1,2133988.981,7076343.812,707700.0929,928013.4961,747621.1252,1693915.201,385857.5708,636312.8008,649272.0451,891495.5151,3309627.083,972559.3291,380708.6354,317183.761,261233.1016,202976.3404,215421.8755,167020.2348
J9VZR8,CNAG_04541,Cleavage stimulation factor subunit 2 OS=Cryptococcus neoformans var. grubii serotype A (strain H99 / ATCC 208821 / CBS 10515 / FGSC 9487) GN=CNAG_04541 PE=4 SV=2,3,1.-.3.1.-.-.-.-.-.2.1.2.2.1.1.2.1.3.2.2.1.2,10728.47256,15313.58669,31449.33863,17463.27556,22072.40531,10183.98175,23997.83114,26066.75959,22227.88612,16747.21264,44443.72654,43653.38688,14343.34194,9039.661545,8171.576442,45831.54277,36774.96711,16811.71069
J9VZS2,CNAG_01990,Small subunit ribosomal protein S5 OS=Cryptococcus neoformans var. grubii serotype A (strain H99 / ATCC 208821 / CBS 10515 / FGSC 9487) GN=CNAG_01990 PE=3 SV=1,14,9.10.14.10.7.12.9.9.8.12.12.13.12.13.12.13.11.11.13.12.12.12,5112092.186,2725567.228,7095874.963,2530616.845,2355167.298,2871206.993,3797030.758,3487667.69,4018843.719,4364942.345,4434522.742,4448971.293,3713738.864,3528947.657,3807339.834,3435431.02,4088271.856,2767018.48
J9VZT6,CNAG_05525,40S ribosomal protein S26 OS=Cryptococcus neoformans var. grubii serotype A (strain H99 / ATCC 208821 / CBS 10515 / FGSC 9487) GN=CNAG_05525 PE=3 SV=1,8,8.6.8.6.8.8.8.8.7.6.8.8.8.8.8.6.8.8.8.8.8.6,3657021.394,2484542.091,2977970.061,2390061.582,3817356.824,5050257.021,2485663.261,3698116.422,2294444.291,827919.9665,1263878.934,1637821.734,1158608.291,1226214.594,1089394.59,1060149.544,1038439.043,840203.4687
J9VZU1,AIM41 CNAG_05530,Uncharacterized protein OS=Cryptococcus neoformans var. grubii serotype A (strain H99 / ATCC 208821 / CBS 10515 / FGSC 9487) GN=CNAG_05530 PE=4 SV=1,3,-.-.2.-.-.-.-.-.-.1.1.-.1.-.3.2.-.1.1.-.-.-,12906.63388,10998.14554,2792.102041,21673.54247,7446.03641,13861.85275,11318.27194,14170.3848,11987.38947,28353.67785,31457.00217,20532.93128,27211.665,54612.30016,32639.72654,48181.99333,44354.14517,29905.68256
J9VZW0,CNAG_05554,Cytochrome b5 OS=Cryptococcus neoformans var. grubii serotype A (strain H99 / ATCC 208821 / CBS 10515 / FGSC 9487) GN=CNAG_05554 PE=3 SV=1,2,1.-.2.1.-.-.-.-.-.1.-.2.2.1.2.1.-.2.1.2.2.2,29506.43321,66817.36561,59065.15105,40439.65295,8699.962075,12090.79408,4760.198259,8397.800787,13338.0044,49205.83736,81736.38489,71664.56084,54382.3948,61001.63407,60206.44463,60177.41919,47166.43915,50173.50599
J9W007,CNAG_04861,Transglycosylase SLT domain-containing protein OS=Cryptococcus neoformans var. grubii serotype A (strain H99 / ATCC 208821 / CBS 10515 / FGSC 9487) GN=CNAG_04861 PE=4 SV=1,1,1.1.1.1.1.1.1.1.1.1.1.1.1.1.1.1.1.1.1.1.1.1,11453.84748,30142.69493,37632.59634,20524.04202,84080.95533,72490.8283,70779.21743,87104.67339,46931.98161,85118.00486,66604.94335,60609.86305,34995.14616,228487.1247,35717.57202,3985.594713,118352.8061,101744.2631
J9W025,CNAG_06075,Uncharacterized protein OS=Cryptococcus neoformans var. grubii serotype A (strain H99 / ATCC 208821 / CBS 10515 / FGSC 9487) GN=CNAG_06075 PE=4 SV=1,10,1.5.9.4.1.2.5.4.1.9.8.9.10.10.10.9.7.9.9.10.10.8,2691088.149,449194.5812,2240696.295,201350.9168,192960.6333,676833.9603,263038.759,152616.2099,194488.0207,2438441.95,2405507.852,2740708.227,3403775.988,2141661.989,2840940.363,2496762.569,1673566.335,2854630.996
J9W030,CNAG_05650,Ubiquitin carboxyl-terminal hydrolase 7 OS=Cryptococcus neoformans var. grubii serotype A (strain H99 / ATCC 208821 / CBS 10515 / FGSC 9487) GN=CNAG_05650 PE=3 SV=2,9,2.2.7.2.2.1.2.5.2.6.4.5.6.5.9.8.7.6.6.5.4.5,315827.1907,667012.4879,222280.4827,81259.72078,283113.3819,371619.8096,599652.5367,871349.3696,568808.7972,335897.6827,525576.0472,461424.0198,307297.6939,430997.3742,371673.3445,530064.1901,346833.7649,469609.599
J9W045,CNAG_04840,Small nuclear ribonucleoprotein B and B OS=Cryptococcus neoformans var. grubii serotype A (strain H99 / ATCC 208821 / CBS 10515 / FGSC 9487) GN=CNAG_04840 PE=4 SV=2,3,1.2.3.1.1.1.2.-.1.1.2.2.2.2.2.3.2.3.3.1.2.1,89357.13586,44162.04508,186391.5172,35476.58564,22717.15992,44909.06873,51855.99336,47922.25471,52419.41654,98459.93045,50946.99683,108556.4555,132244.7018,248230.1727,180223.0339,166548.7432,329026.5508,174752.7851
J9W049,CNAG_06109,Uncharacterized protein OS=Cryptococcus neoformans var. grubii serotype A (strain H99 / ATCC 208821 / CBS 10515 / FGSC 9487) GN=CNAG_06109 PE=4 SV=1,16,4.4.8.4.2.4.3.3.2.12.11.11.15.14.16.12.13.16.14.12.13.13,1749165.139,446899.0436,450953.6201,337047.6034,602243.977,499969.9886,443725.6916,369503.3955,329607.2642,1654899.504,1581792.078,2184030.961,5480566.313,3817956.648,1903161.408,1395595.932,3706687.876,6604795.572
J9W081,CNAG_04806,Golgi phosphoprotein 3 OS=Cryptococcus neoformans var. grubii serotype A (strain H99 / ATCC 208821 / CBS 10515 / FGSC 9487) GN=CNAG_04806 PE=4 SV=2,1,-.-.1.-.-.-.-.-.-.1.-.1.1.1.1.1.1.1.1.1.1.-,2434.919058,4738.89989,10734.94646,3804.841919,1880.199989,6513.635617,3048.757158,10207.58638,4008.581593,8133.968965,9754.0257,9673.548243,10491.90387,8640.906283,14054.04013,23534.45164,6339.482772,13503.91401
J9W086,CNAG_06147,Uncharacterized protein OS=Cryptococcus neoformans var. grubii serotype A (strain H99 / ATCC 208821 / CBS 10515 / FGSC 9487) GN=CNAG_06147 PE=4 SV=1,5,1.1.4.-.-.-.1.1.-.4.2.4.1.3.5.5.3.4.3.4.3.4,71121.94868,139807.5459,75543.20367,18537.33546,27618.81545,23155.71393,176324.9284,125474.6252,153629.7023,124467.0354,91039.42163,147488.2364,91483.99517,79959.59335,149894.7579,273313.1044,116673.7336,115680.5222
J9W087,CNAG_04801,Uncharacterized protein OS=Cryptococcus neoformans var. grubii serotype A (strain H99 / ATCC 208821 / CBS 10515 / FGSC 9487) GN=CNAG_04801 PE=4 SV=2,1,1.1.1.1.1.1.1.1.1.1.1.1.1.1.1.1.1.1.1.1.1.1,472093.5005,1097748.373,83715.69705,1421014.981,1438213.367,498488.8334,333423.7188,197170.722,483150.2715,534711.1076,1077521.476,247425.2797,314320.5283,363434.9047,299519.3125,312445.2795,230932.398,277557.8206
J9W0B1,CNAG_04762,Large subunit ribosomal protein L4e OS=Cryptococcus neoformans var. grubii serotype A (strain H99 / ATCC 208821 / CBS 10515 / FGSC 9487) GN=CNAG_04762 PE=4 SV=1,26,20.18.26.18.18.21.18.19.17.21.20.21.24.24.26.21.19.22.24.25.23.19,12796307.77,11119752.53,29456581.86,14140719.11,30939554.75,30627066.6,14971961.26,14606126.9,19411622.01,17768400.05,12410911.68,9332286.238,10467136.03,10084945.23,9021573.852,8323172.516,11617580.99,6888176.13
J9W0B9,CNAG_04749,Uncharacterized protein OS=Cryptococcus neoformans var. grubii serotype A (strain H99 / ATCC 208821 / CBS 10515 / FGSC 9487) GN=CNAG_04749 PE=4 SV=1,1,-.-.-.-.-.-.-.-.-.-.-.1.-.-.1.1.-.-.-.-.1.1,3684.873959,9602.357182,614.6403626,2511.405284,3117.274086,2429.621298,2575.467289,1987.690503,3719.971466,1354.856207,4244.494236,23903.11572,1395.53397,673.4290423,1737.898545,445.5915998,1054.035233,479.6865992
J9W0C1,CNAG_04744,"Mannose-6-phosphate isomerase, class I OS=Cryptococcus neoformans var. grubii serotype A (strain H99 / ATCC 208821 / CBS 10515 / FGSC 9487) GN=CNAG_04744 PE=3 SV=1",6,-.-.3.1.-.2.1.-.1.3.2.3.5.4.5.6.2.4.2.3.3.2,42097.88748,23010.39124,43355.84208,67839.63029,77781.80731,59381.99279,84642.09299,92825.58751,111311.8418,80723.76626,107779.1152,114520.4261,177737.0025,132920.5062,127995.4961,121203.9844,97838.88284,127128.6933
J9W0E6,CNAG_04708,Uncharacterized protein OS=Cryptococcus neoformans var. grubii serotype A (strain H99 / ATCC 208821 / CBS 10515 / FGSC 9487) GN=CNAG_04708 PE=4 SV=1,2,1.2.1.1.2.1.1.2.1.1.1.1.2.1.2.1.2.2.2.2.2.2,220416.8301,493935.3013,163983.8512,283950.1189,348776.4347,320390.3973,285085.7538,191921.0267,112032.9293,266010.7107,270135.4577,96745.86762,252242.7225,186472.3736,23465.0264,174229.3364,193387.5106,146962.7197
J9W0F1,CNAG_04698,Cytoplasmic protein OS=Cryptococcus neoformans var. grubii serotype A (strain H99 / ATCC 208821 / CBS 10515 / FGSC 9487) GN=CNAG_04698 PE=4 SV=1,2,-.-.2.-.-.-.1.-.1.2.-.2.2.2.2.1.2.2.2.1.1.1,7377.337261,8604.83859,27463.86036,8801.395723,8091.2196,9406.652226,14153.23542,9916.572073,36120.90854,43456.97047,79829.17529,64187.50705,43329.07936,39225.23955,57321.62507,58081.08186,35331.47381,51375.53718
J9W0F9,CNAG_06196,"Synaptosomal-associated protein, 23kDa OS=Cryptococcus neoformans var. grubii serotype A (strain H99 / ATCC 208821 / CBS 10515 / FGSC 9487) GN=CNAG_06196 PE=4 SV=2",11,-.1.8.6.2.2.7.5.4.5.4.4.10.11.9.11.9.10.10.7.9.7,67100.84114,52803.14214,106915.4718,258816.2811,112503.4598,106716.626,249294.2889,187097.8664,187942.4044,151662.3214,142341.1922,105159.4873,761448.8986,942973.6345,416973.708,497462.1321,797181.9527,1301251.247
J9W0H1,CNAG_07914,"Protein phosphatase 2 (Formerly 2A), regulatory subunit A OS=Cryptococcus neoformans var. grubii serotype A (strain H99 / ATCC 208821 / CBS 10515 / FGSC 9487) GN=CNAG_07914 PE=4 SV=2",4,-.-.4.2.-.1.-.-.-.1.1.2.2.2.4.4.3.3.1.3.2.3,12838.51609,13876.93845,44869.07944,184212.4907,501491.569,452349.5649,20573.77722,18187.9612,20764.77734,51458.59447,38977.01475,48184.54763,125373.2884,78067.59219,110854.1356,274676.8411,416365.2654,150083.1431
J9W0I3,CNAG_06226,NADH dehydrogenase (Ubiquinone) 1 alpha subcomplex 5 OS=Cryptococcus neoformans var. grubii serotype A (strain H99 / ATCC 208821 / CBS 10515 / FGSC 9487) GN=CNAG_06226 PE=4 SV=1,1,-.-.1.-.-.-.-.-.-.-.-.1.1.1.1.-.1.1.1.1.1.-,1886.562596,3245.70701,705.4884742,3030.179259,11190.38434,2922.716323,6003.656313,2689.398635,2206.897993,2998.52959,1365.750368,2149.80927,13085.4208,37216.67222,30986.81506,8995.22774,27154.73948,9970.162414
J9W0I6,CNAG_06231,Large subunit ribosomal protein L13 OS=Cryptococcus neoformans var. grubii serotype A (strain H99 / ATCC 208821 / CBS 10515 / FGSC 9487) GN=CNAG_06231 PE=3 SV=1,21,19.19.20.16.17.18.14.18.16.15.17.17.18.16.19.16.16.16.16.17.19.17,12706183.15,12143614.13,7933899.663,11058094.93,8770571.473,13623083.98,10930488.8,12946976.31,11730174.01,2852316.127,3927400.555,5338327.011,2750147.262,4019728.414,2784256.987,3138068.988,5070951.658,2874097.057
J9W0I8,CNAG_04657,Short-chain dehydrogenase OS=Cryptococcus neoformans var. grubii serotype A (strain H99 / ATCC 208821 / CBS 10515 / FGSC 9487) GN=CNAG_04657 PE=4 SV=2,8,5.2.7.-.-.-.2.-.-.5.7.6.8.7.8.6.7.8.7.8.6.7,453796.2617,290766.3564,146017.3957,39953.02339,42444.19005,41510.11188,113820.283,54466.39501,66186.15816,481155.9901,414636.4983,525672.194,1547046.603,1526078.824,581218.6675,646293.6345,1231648.862,1938218.493
J9W0K1,CNAG_04640,ATP-citrate synthase OS=Cryptococcus neoformans var. grubii serotype A (strain H99 / ATCC 208821 / CBS 10515 / FGSC 9487) GN=CNAG_04640 PE=3 SV=1,40,31.6.36.29.10.20.24.23.25.29.22.30.38.35.38.38.32.35.31.29.29.32,8283379.746,13077769.95,6332706.481,4821825.968,5031885.081,4018983.334,4247195.558,4990116.277,5063543.384,6372490.25,4221019.533,5444313.345,5449462.074,5824136.088,7008930.206,7828191.095,5967114.78,6014744.828
J9W0L4,CNAG_04625,Cerevisin OS=Cryptococcus neoformans var. grubii serotype A (strain H99 / ATCC 208821 / CBS 10515 / FGSC 9487) GN=CNAG_04625 PE=3 SV=1,5,3.1.5.3.3.4.4.3.2.5.5.5.5.5.5.5.5.5.5.5.4.5,323038.7726,826450.8888,633018.5281,447652.4148,508456.865,349694.6106,253355.2842,250560.1242,263167.4424,691305.3575,685371.2707,682147.2597,781325.8359,628111.1595,711053.4591,628739.7218,482944.6406,781476.2232
J9W0M7,CNAG_07926,Glycylpeptide N-tetradecanoyltransferase OS=Cryptococcus neoformans var. grubii serotype A (strain H99 / ATCC 208821 / CBS 10515 / FGSC 9487) GN=CNAG_07926 PE=3 SV=2,2,-.-.2.-.-.-.2.1.1.1.1.2.1.1.2.2.2.2.1.2.2.2,8104.240882,4471.524446,42769.7405,10629.40095,13099.69414,8682.222606,61859.42074,28509.37365,31858.73117,29057.8194,16370.59711,48448.0452,69754.4999,54577.79467,33727.51579,79633.82362,34286.84544,98147.73939
J9W0N0,CNAG_04605,Sterol-4alpha-carboxylate 3-dehydrogenase (Decarboxylating) OS=Cryptococcus neoformans var. grubii serotype A (strain H99 / ATCC 208821 / CBS 10515 / FGSC 9487) GN=CNAG_04605 PE=4 SV=1,1,-.-.-.-.-.-.-.-.-.-.-.-.-.-.1.1.1.1.1.-.-.-,1861.366194,3306.549192,844.7105198,3452.185892,10573.39164,6144.150936,4937.89499,4013.84535,3316.7984,3318.121911,3267.088083,1408.773683,836.2647454,1447.651065,904.1665893,12725.45148,24407.90772,19907.02467
J9W0Q9,CNAG_04577,Nucleoside-diphosphate kinase OS=Cryptococcus neoformans var. grubii serotype A (strain H99 / ATCC 208821 / CBS 10515 / FGSC 9487) GN=CNAG_04577 PE=3 SV=1,4,1.1.4.-.2.1.1.1.1.3.2.4.4.4.4.4.3.4.3.2.3.3,124167.057,489277.2352,165631.546,21050.73745,63409.63208,110493.2386,21384.18291,670504.1167,404421.1375,243915.9157,201378.303,285536.1167,506387.8468,426809.0348,601556.9895,860393.2256,367218.2101,471596.054
J9W0R4,CNAG_07863,26S proteasome regulatory subunit N1 OS=Cryptococcus neoformans var. grubii serotype A (strain H99 / ATCC 208821 / CBS 10515 / FGSC 9487) GN=CNAG_07863 PE=4 SV=2,8,3.1.6.2.2.4.2.4.3.5.4.7.7.6.8.6.5.8.7.5.6.6,655522.4671,1431246.311,336784.6869,281507.073,1598532.064,568282.7907,306559.186,1566955.188,528561.0288,352154.3098,430762.5435,374381.0783,572651.0156,498545.3826,452470.2746,296935.2181,368300.7748,267868.1944
J9W0U2,CNAG_06341,Uncharacterized protein OS=Cryptococcus neoformans var. grubii serotype A (strain H99 / ATCC 208821 / CBS 10515 / FGSC 9487) GN=CNAG_06341 PE=4 SV=1,2,1.1.1.2.2.2.2.2.2.-.-.1.2.1.1.1.-.2.1.2.1.1,166789.9989,462531.0161,111192.154,353757.0249,584911.1519,849571.1514,257728.9837,240446.9984,202965.9427,4920.516655,5863.997846,21823.24869,43834.36503,40222.48171,13551.0354,7943.514443,15718.87435,24356.34247
J9W0V8,CNAG_06361,26S proteasome regulatory subunit N6 OS=Cryptococcus neoformans var. grubii serotype A (strain H99 / ATCC 208821 / CBS 10515 / FGSC 9487) GN=CNAG_06361 PE=4 SV=1,2,-.-.2.-.-.-.-.-.-.-.-.-.1.1.2.2.2.2.1.1.-.1,12308.58792,5764.381016,51496.17367,10886.78237,15912.69774,4520.696438,5877.427896,9876.766469,19515.11523,4908.33444,4448.654634,5539.779451,43156.32858,65029.28825,65548.39766,123351.8021,60508.90877,69017.63678
J9W0X6,CNAG_06381,Uncharacterized protein OS=Cryptococcus neoformans var. grubii serotype A (strain H99 / ATCC 208821 / CBS 10515 / FGSC 9487) GN=CNAG_06381 PE=4 SV=1,3,1.-.3.1.1.-.1.1.-.3.2.2.3.3.3.3.2.3.3.3.3.2,15692.62086,22065.40332,29545.27385,16655.18482,25057.56313,20605.35377,7193.572218,22502.70251,18823.40327,40723.51485,13258.41753,35167.10426,47392.21026,74708.3263,111091.9187,66611.31178,97300.00793,82236.58396
J9W108,CNAG_06421,"Acetolactate synthase, small subunit OS=Cryptococcus neoformans var. grubii serotype A (strain H99 / ATCC 208821 / CBS 10515 / FGSC 9487) GN=CNAG_06421 PE=4 SV=1",5,3.-.5.1.1.1.2.-.1.2.1.5.3.4.5.3.4.5.3.4.5.4,201024.6878,642564.7493,630069.4941,135168.1027,146550.6638,407242.2198,152869.7011,138274.3355,126502.0772,372180.5868,306440.0281,280574.7814,534125.3511,364596.1588,587779.1942,870499.9108,269714.9507,496440.493
J9W132,CNAG_01575,ATP-binding cassette transporter OS=Cryptococcus neoformans var. grubii serotype A (strain H99 / ATCC 208821 / CBS 10515 / FGSC 9487) GN=CNAG_01575 PE=4 SV=2,2,-.-.2.-.2.2.1.2.2.2.2.1.1.2.1.1.2.1.2.2.1.2,5642.710888,4048.203574,18370.25425,281580.0612,382359.241,288409.5428,137677.2855,222194.747,232617.8142,300507.2822,245495.6503,259088.083,124829.2656,88238.1666,15360.05207,43578.42941,75392.9703,52642.43403
J9W140,CNAG_01585,Uncharacterized protein OS=Cryptococcus neoformans var. grubii serotype A (strain H99 / ATCC 208821 / CBS 10515 / FGSC 9487) GN=CNAG_01585 PE=4 SV=1,3,-.-.1.-.-.-.-.1.-.2.-.2.3.2.3.2.2.3.2.2.2.1,7488.037059,12034.21787,7440.539757,15584.79036,17950.70731,14751.52212,12076.67552,51490.96245,6670.357254,133949.5515,191180.7096,157520.6121,299808.3753,303997.1187,168553.8185,95698.93449,396937.7027,365292.3924
J9W1A7,CNAG_01655,Dynamin GTPase OS=Cryptococcus neoformans var. grubii serotype A (strain H99 / ATCC 208821 / CBS 10515 / FGSC 9487) GN=CNAG_01655 PE=3 SV=1,4,1.1.4.1.1.1.1.1.1.1.1.2.4.4.4.3.3.3.3.2.3.3,1007950.766,697482.1436,385534.8344,779454.6424,3491135.253,1052439.911,819657.6874,1010585.487,835384.102,580227.1613,1234509.366,450653.0057,813333.195,623047.2765,429411.4763,329690.294,417448.9984,505325.018
J9W1B8,CNAG_05363,Pre-mRNA-splicing factor SYF2 OS=Cryptococcus neoformans var. grubii serotype A (strain H99 / ATCC 208821 / CBS 10515 / FGSC 9487) GN=CNAG_05363 PE=4 SV=2,2,-.-.2.-.-.-.-.-.-.1.1.-.-.1.1.2.1.-.1.-.-.-,19202.87221,9042.524064,16601.36323,11498.47332,6575.086697,4376.306043,18449.03042,10373.81069,8921.26962,18447.30163,14472.42572,15318.26681,11275.75264,8714.401769,12011.1826,6957.531576,13555.90488,8213.509549
J9W1G1,CNAG_01686,Uncharacterized protein OS=Cryptococcus neoformans var. grubii serotype A (strain H99 / ATCC 208821 / CBS 10515 / FGSC 9487) GN=CNAG_01686 PE=4 SV=1,6,1.2.4.1.2.2.2.2.1.4.2.3.5.3.5.5.5.5.5.3.2.3,63898.16096,79222.17582,135499.1556,33084.90388,82064.74958,106625.5275,104954.2126,53575.11747,67470.62583,269747.6532,170756.7466,207871.6047,282299.8113,292946.0327,310940.4685,474611.4747,162898.0938,265855.3959
J9W1G2,CNAG_05416,Pre-mRNA-processing protein 45 OS=Cryptococcus neoformans var. grubii serotype A (strain H99 / ATCC 208821 / CBS 10515 / FGSC 9487) GN=CNAG_05416 PE=4 SV=1,4,1.2.3.2.-.1.1.1.2.2.3.2.2.2.3.3.2.3.2.3.3.2,124534.7128,72515.86583,64864.33265,102120.5962,74697.89412,57540.51022,89497.28999,86153.48489,136472.0363,91964.3918,119763.4797,101287.0624,128315.2997,90076.34983,86289.04602,170611.3395,75485.24993,93639.13989
J9W1I8,CNAG_01728,Uncharacterized protein OS=Cryptococcus neoformans var. grubii serotype A (strain H99 / ATCC 208821 / CBS 10515 / FGSC 9487) GN=CNAG_01728 PE=4 SV=1,9,2.1.2.3.-.1.5.4.3.3.-.6.8.8.8.7.9.9.7.8.8.8,109606.6332,121002.7366,34535.02371,176393.1973,54480.39654,41890.54994,120546.1657,171794.1881,176167.5825,99033.21848,143841.3458,139416.3266,280653.8734,351904.1954,212795.8862,455600.8602,570812.8177,845716.9426
J9W1J2,CNAG_01733,Pre-mRNA-processing factor 19 OS=Cryptococcus neoformans var. grubii serotype A (strain H99 / ATCC 208821 / CBS 10515 / FGSC 9487) GN=CNAG_01733 PE=4 SV=1,6,2.1.5.1.-.2.1.-.-.2.1.3.6.6.6.4.3.6.3.3.1.4,82725.13269,112838.6269,62112.85284,97561.63056,53411.33393,59230.91378,61559.50997,29858.90414,38907.01131,64498.87527,60016.40691,89486.47054,273115.4504,284753.7108,302644.0812,186767.9155,172028.957,143517.2786
J9W1K2,CNAG_01753,Uncharacterized protein OS=Cryptococcus neoformans var. grubii serotype A (strain H99 / ATCC 208821 / CBS 10515 / FGSC 9487) GN=CNAG_01753 PE=4 SV=1,10,2.2.9.3.1.7.6.5.5.6.8.9.10.10.10.9.9.10.9.9.9.9,136860.8925,105637.3911,141790.4352,191405.005,280004.6181,410365.1715,182888.4875,290372.1936,213687.2856,281289.9085,413508.0476,390959.6124,1137803.483,879174.5571,416229.388,576344.3784,1009934.858,1369585.469
J9W1P7,CNAG_05473,Uncharacterized protein OS=Cryptococcus neoformans var. grubii serotype A (strain H99 / ATCC 208821 / CBS 10515 / FGSC 9487) GN=CNAG_05473 PE=4 SV=1,2,-.1.2.-.-.-.1.1.1.-.1.-.1.2.2.1.-.2.1.2.2.2,16116.39412,17201.19836,16813.83117,5709.785379,9272.653402,14936.17526,37536.74192,50330.71989,27593.21032,7027.047542,12962.79206,5503.824802,29344.19719,23176.83308,19903.12995,15242.86966,20574.59193,19893.05584
J9W1P9,CNAG_01824,Transmembrane protein OS=Cryptococcus neoformans var. grubii serotype A (strain H99 / ATCC 208821 / CBS 10515 / FGSC 9487) GN=CNAG_01824 PE=4 SV=2,4,-.-.3.1.-.-.1.1.1.2.1.2.2.3.4.4.3.4.2.2.2.2,23841.85913,15779.27092,29174.62353,16195.31127,21131.94661,22426.17771,15164.57269,25203.41666,20294.8154,20468.85716,18249.9082,27394.5257,24243.64249,21558.87327,33409.08567,75981.09747,44147.91378,49868.3043
J9W1R2,CNAG_01840,Tubulin beta chain OS=Cryptococcus neoformans var. grubii serotype A (strain H99 / ATCC 208821 / CBS 10515 / FGSC 9487) GN=CNAG_01840 PE=3 SV=2,16,5.4.14.4.3.3.6.2.6.10.6.12.14.15.14.15.12.15.11.14.11.12,691895.9621,771129.1789,915965.448,454661.1694,601890.5411,193276.5982,425963.1929,332030.2275,447875.1494,513388.7824,420063.429,608108.9715,825705.7613,886837.2851,867790.4624,1577769.407,1013577.953,1146611.064
J9W1R8,CNAG_05504,GDSL Lipase/Acylhydrolase OS=Cryptococcus neoformans var. grubii serotype A (strain H99 / ATCC 208821 / CBS 10515 / FGSC 9487) GN=CNAG_05504 PE=4 SV=1,4,2.2.2.-.-.1.1.-.2.1.1.3.2.2.3.4.2.3.3.2.2.2,183752.6279,28757.82858,71653.18331,17566.27312,20981.45062,13415.97396,34736.81098,74155.83746,369840.4634,63152.19209,129373.2888,83147.30598,51496.34114,68465.64613,114073.3678,90361.45705,70124.63016,76761.66513
J9W1Y7,CNAG_05596,Nuclear transport factor 2 OS=Cryptococcus neoformans var. grubii serotype A (strain H99 / ATCC 208821 / CBS 10515 / FGSC 9487) GN=CNAG_05596 PE=4 SV=1,2,1.1.2.1.1.1.1.-.1.1.1.1.1.1.2.2.2.1.1.1.1.1,167154.0684,115093.3178,492674.8964,97313.38537,103239.6228,199180.6418,227734.4049,134468.1047,138143.575,226128.3431,216786.4928,465457.13,190598.4442,213458.7173,262219.5236,401386.07,153548.3536,297736.4189
J9W1Z9,CNAG_05614,YbgI/family dinuclear metal center protein OS=Cryptococcus neoformans var. grubii serotype A (strain H99 / ATCC 208821 / CBS 10515 / FGSC 9487) GN=CNAG_05614 PE=4 SV=1,2,-.-.2.-.-.1.-.-.-.-.-.-.1.1.2.1.1.1.-.1.-.-,11430.66941,7261.493103,3144.361461,13806.77576,8765.577314,28450.85502,12200.59918,5354.533021,9757.043268,1793.22138,8079.209346,5840.750913,34049.01906,27028.79521,36980.99852,55423.72761,22048.07905,43826.63891
J9W219,CNAG_05638,Uncharacterized protein OS=Cryptococcus neoformans var. grubii serotype A (strain H99 / ATCC 208821 / CBS 10515 / FGSC 9487) GN=CNAG_05638 PE=4 SV=1,7,2.3.7.1.2.2.2.1.2.7.6.7.7.7.7.5.6.7.7.6.7.5,388579.451,608857.4891,721263.8532,590455.2216,503123.0648,464975.0616,331117.9259,473542.3219,479570.2307,861232.0825,866720.4642,997409.609,769827.8064,866816.7909,1028539.814,1246825.401,935896.717,946953.7414
J9W225,CNAG_01976,Large subunit ribosomal protein L23 OS=Cryptococcus neoformans var. grubii serotype A (strain H99 / ATCC 208821 / CBS 10515 / FGSC 9487) GN=CNAG_01976 PE=3 SV=1,10,9.2.10.9.6.8.7.8.7.7.7.8.9.9.10.10.8.7.8.8.9.8,3888483.052,6847136.39,5730936.641,3984807.927,1273332.903,3812061.836,2927239.312,2573712.623,2058380.709,1171383.937,970655.065,1470015.279,1373522.086,1576492.504,1642945.311,1703147.7,983797.6893,1211398.509
J9W230,CNAG_01981,Sulfide:quinone oxidoreductase OS=Cryptococcus neoformans var. grubii serotype A (strain H99 / ATCC 208821 / CBS 10515 / FGSC 9487) GN=CNAG_01981 PE=4 SV=2,12,2.2.12.3.3.5.4.-.2.5.5.6.6.11.9.7.4.9.8.9.9.5,354407.2083,196229.8567,480147.0523,206720.5521,247990.6982,338583.5915,251034.2988,210412.5717,224852.358,195561.3351,231196.3166,249390.5261,303377.6515,324165.4506,382811.2127,453522.8707,263587.3617,417943.6279
J9W232,CNAG_05653,Malate synthase OS=Cryptococcus neoformans var. grubii serotype A (strain H99 / ATCC 208821 / CBS 10515 / FGSC 9487) GN=CNAG_05653 PE=3 SV=1,3,2.1.2.2.-.1.1.1.1.3.2.2.3.3.3.3.2.2.1.1.1.1,169780.4305,78548.63763,55335.62902,39653.67077,21992.43919,31684.47178,21484.62289,80657.08483,28716.79025,60746.29552,61087.56623,62939.43839,1082660.038,55376.73701,64984.284,97127.73062,34720.13669,36921.99617
J9W241,CNAG_01991,Cytochrome c oxidase subunit 4 OS=Cryptococcus neoformans var. grubii serotype A (strain H99 / ATCC 208821 / CBS 10515 / FGSC 9487) GN=CNAG_01991 PE=4 SV=1,12,6.1.11.4.1.2.3.1.3.9.8.10.8.10.11.10.9.9.9.8.8.9,1364318.973,9823207.744,2133634.593,3843509.939,2860989.121,4521554.361,1711135.495,2263343.51,2930081.71,1648626.627,2452786.182,2479217.997,1643313.171,1958696.528,2067518.129,1718692.833,1774368.772,1886118.829
J9W286,CNAG_05997,Uncharacterized protein OS=Cryptococcus neoformans var. grubii serotype A (strain H99 / ATCC 208821 / CBS 10515 / FGSC 9487) GN=CNAG_05997 PE=4 SV=1,2,-.-.1.1.-.1.1.-.-.2.1.1.1.1.2.1.1.1.2.1.-.2,6110.302184,4770.740814,3792.807977,10889.49006,10477.0522,33766.1895,14364.26441,21599.26056,12119.46867,34764.81109,104534.9154,142261.1131,7932.425117,108447.2351,140058.3582,46723.73897,16347.70567,24990.7219
J9W2B5,CNAG_06026,Aspartate aminotransferase OS=Cryptococcus neoformans var. grubii serotype A (strain H99 / ATCC 208821 / CBS 10515 / FGSC 9487) GN=CNAG_06026 PE=4 SV=1,4,1.1.4.1.-.-.1.-.1.2.2.4.4.4.4.1.3.4.2.4.3.1,73473.48731,35005.07951,99474.90176,40879.67003,24459.14368,22170.79799,38548.07321,37734.1342,55050.89411,104382.1589,70535.50129,127775.4312,95576.32858,84713.01121,132538.4244,67755.0444,94681.08701,109505.5653
J9W2D7,INT6 CNAG_06061,Eukaryotic translation initiation factor 3 subunit E OS=Cryptococcus neoformans var. grubii serotype A (strain H99 / ATCC 208821 / CBS 10515 / FGSC 9487) GN=INT6 PE=3 SV=1,3,-.1.3.-.-.-.-.-.-.-.1.-.3.3.3.3.2.3.1.2.-.-,48995.67248,47354.73332,95044.8347,8411.885403,12693.93737,12951.29106,9776.199036,8670.038765,13461.96097,6841.211702,57814.76543,7432.154451,97160.32316,94473.39098,120175.0498,260223.8078,220524.3808,102938.0746
J9W2G0,CNAG_06088,Aspartate aminotransferase OS=Cryptococcus neoformans var. grubii serotype A (strain H99 / ATCC 208821 / CBS 10515 / FGSC 9487) GN=CNAG_06088 PE=4 SV=2,15,4.3.13.4.2.3.6.4.5.10.6.12.15.12.15.10.13.14.13.12.12.10,387748.7985,200726.0378,314534.4746,353032.0165,365356.1058,233030.9446,355238.6095,558135.852,358597.9775,493352.4069,600234.7921,738022.5792,828337.2895,933110.8344,1353865.014,1008904.946,636438.7261,930231.8394
J9W2G5,CNAG_06095,Large subunit ribosomal protein L13e OS=Cryptococcus neoformans var. grubii serotype A (strain H99 / ATCC 208821 / CBS 10515 / FGSC 9487) GN=CNAG_06095 PE=4 SV=1,20,16.16.19.18.16.17.15.15.16.17.19.18.18.20.20.18.18.20.19.17.17.19,59125970.62,63799208.8,44274711.65,61359776.46,113818196,170272404.9,79187131.36,71843635.29,51859643.16,65841976.5,107500559.2,43090028.09,62347783.23,58894221.73,26574424.07,26344426.94,51958010.86,61792210.72
J9W2J0,CNAG_06125,Elongation factor 1-alpha OS=Cryptococcus neoformans var. grubii serotype A (strain H99 / ATCC 208821 / CBS 10515 / FGSC 9487) GN=CNAG_06125 PE=3 SV=1,35,26.9.34.21.11.15.24.20.21.27.22.25.31.31.35.28.30.30.28.27.25.21,25191538.77,31514919.63,28379060.99,14546198.77,8675591.831,10023639.51,14983454.08,14796526.86,12316300.08,15119683.66,10121883.96,18883136.17,21584318.83,23154109.54,24571559.15,41836817.12,22956661.29,28202008.03
J9W2K7,CNAG_06144,Cytoplasmic protein OS=Cryptococcus neoformans var. grubii serotype A (strain H99 / ATCC 208821 / CBS 10515 / FGSC 9487) GN=CNAG_06144 PE=3 SV=1,9,5.4.9.2.3.4.3.2.4.8.8.8.8.8.8.9.5.8.9.8.7.7,1917814.998,1988946.355,3252670.743,1819613.177,1300708.992,1256273.189,1667318.014,2020208.45,1754842.755,2051016.978,2235511.97,2927656.712,1722664.989,1581603.21,1802390.332,2604912.259,1527597.391,1666424.475
J9W2N9,CNAG_06153,26S protease regulatory subunit 6A-B OS=Cryptococcus neoformans var. grubii serotype A (strain H99 / ATCC 208821 / CBS 10515 / FGSC 9487) GN=CNAG_06153 PE=3 SV=1,4,-.1.3.-.1.-.1.-.-.2.1.3.3.3.4.4.3.3.2.3.4.3,262229.5996,85710.01239,56515.11166,18364.91474,31896.56409,21101.97815,22749.28476,25068.17328,18063.18238,27794.05445,15378.97211,24285.43793,24861.56123,24639.56943,25366.60728,65293.2068,22995.79504,30263.92147
J9W2Q3,CNAG_06168,S-(hydroxymethyl)glutathione dehydrogenase OS=Cryptococcus neoformans var. grubii serotype A (strain H99 / ATCC 208821 / CBS 10515 / FGSC 9487) GN=CNAG_06168 PE=3 SV=1,2,2.1.1.-.1.1.1.-.-.1.1.1.2.1.2.2.2.2.1.1.1.1,156490.8045,49668.1344,49016.84059,20074.72639,27699.45966,37651.50364,21409.32893,17286.19603,8583.025169,31927.04178,14674.60608,23678.41087,53285.50953,61111.13834,77297.23462,97584.16743,17784.00729,40671.68701
J9W2T4,CNAG_06208,Heat shock 70kDa protein 4 OS=Cryptococcus neoformans var. grubii serotype A (strain H99 / ATCC 208821 / CBS 10515 / FGSC 9487) GN=CNAG_06208 PE=3 SV=1,36,19.3.28.14.4.8.14.12.11.24.17.31.27.24.35.34.25.29.27.27.23.23,2236118.605,3896659.906,2591918.026,1974268.753,1211205.765,631981.7697,1242878.526,1290964.266,1180937.597,2837982.264,2229196.777,3554822.409,2929350.812,3347545.141,4412791.869,6565035.805,3456973.515,4082178.951
J9W2U5,CNAG_06222,Large subunit ribosomal protein L32e OS=Cryptococcus neoformans var. grubii serotype A (strain H99 / ATCC 208821 / CBS 10515 / FGSC 9487) GN=CNAG_06222 PE=4 SV=1,17,16.16.17.14.17.16.15.14.13.15.16.14.15.16.16.14.15.15.16.15.17.13,20552441.71,9877035.81,12656129.08,24481125.01,44361210.36,46909667.89,33269353.51,33229222.06,24886007.37,20768266.68,31782099.31,14305903.96,15492542.34,20800937.84,9224395.228,7756907.457,16046801.66,14835551.77
J9W313,CNAG_06313,Phosphoglucomutase OS=Cryptococcus neoformans var. grubii serotype A (strain H99 / ATCC 208821 / CBS 10515 / FGSC 9487) GN=CNAG_06313 PE=3 SV=2,19,9.4.19.5.1.7.11.4.3.14.10.15.15.14.18.15.13.17.14.14.15.11,1245410.782,1981345.142,2960351.419,398642.0276,322210.0512,442490.9223,643673.8084,255222.7648,380360.6182,1623771.243,1305832.462,1798094.38,1485747.988,1402720.512,1954057.196,1860632.91,1119832.497,1485197.189
J9W340,CNAG_06352,Uncharacterized protein OS=Cryptococcus neoformans var. grubii serotype A (strain H99 / ATCC 208821 / CBS 10515 / FGSC 9487) GN=CNAG_06352 PE=4 SV=1,1,-.1.-.1.1.1.1.1.1.1.-.1.-.1.1.1.1.1.1.1.1.1,2871.331544,46238.21784,2067.738984,24571.82813,43712.3979,56629.15703,53510.0449,18885.91539,26340.5595,48586.44517,42079.38765,32790.40384,26619.38324,21387.33998,11587.1414,16248.12061,34618.69771,34444.00193
J9W350,CNAG_06367,U3 small nucleolar RNA-associated protein 3 OS=Cryptococcus neoformans var. grubii serotype A (strain H99 / ATCC 208821 / CBS 10515 / FGSC 9487) GN=CNAG_06367 PE=4 SV=1,2,2.1.2.2.2.2.2.2.2.2.2.2.2.2.2.2.2.2.2.2.2.2,311739.4539,196955.8843,162587.7753,407138.4682,847583.1052,943516.2461,448580.6411,577270.7891,651316.5843,366269.5439,544883.6266,215317.0898,471477.4703,466048.9194,119462.9874,68149.29235,296605.7759,317848.0008
J9W358,CNAG_06377,"Solute carrier family 25 (Mitochondrial phosphate transporter), member 3 OS=Cryptococcus neoformans var. grubii serotype A (strain H99 / ATCC 208821 / CBS 10515 / FGSC 9487) GN=CNAG_06377 PE=3 SV=1",19,8.2.19.11.4.6.10.6.10.12.5.12.17.17.18.16.14.16.16.14.15.15,4658348.703,7298549.127,2769105.863,5155706.016,10174274.35,8847454.876,4133776.906,5771724.756,4488814.238,4522424.722,3520926.122,3153812.973,3431008.047,3309475.489,2889186.72,4152488.783,3089446.611,3212467.565
J9W389,CNAG_06412,rRNA-processing protein EFG1 OS=Cryptococcus neoformans var. grubii serotype A (strain H99 / ATCC 208821 / CBS 10515 / FGSC 9487) GN=CNAG_06412 PE=4 SV=1,5,4.2.2.4.2.1.2.3.2.4.2.4.3.2.4.4.5.5.4.3.3.1,478544.7679,172717.4824,155855.1259,427421.54,145898.04,247131.0689,276040.5643,488367.8337,307503.7966,368235.2452,326837.6293,351618.7371,143853.9131,180225.0205,167772.2433,375370.6292,481375.2437,340677.1107
J9W3A6,CNAG_06432,Probable acetate kinase OS=Cryptococcus neoformans var. grubii serotype A (strain H99 / ATCC 208821 / CBS 10515 / FGSC 9487) GN=CNAG_06432 PE=1 SV=1,4,-.-.3.-.-.-.1.-.-.4.2.4.4.3.4.1.3.3.3.2.3.2,20132.41788,18672.01547,41729.30109,13347.14453,23784.90163,20016.61961,21895.97031,28695.24394,23224.22389,63279.3467,68146.08033,92791.84766,55326.84316,76378.32684,83815.6745,47283.89599,53946.59889,58637.4478
J9W3D8,CNAG_06468,Nucleolar GTP-binding protein 1 OS=Cryptococcus neoformans var. grubii serotype A (strain H99 / ATCC 208821 / CBS 10515 / FGSC 9487) GN=CNAG_06468 PE=3 SV=1,2,2.-.2.-.-.-.1.1.-.1.1.1.2.2.2.2.1.2.1.2.2.2,33849.52214,99658.87263,39555.96475,5362.6233,8927.141169,5728.489438,21620.60149,7733.562471,7652.210022,14244.43701,13990.90488,14540.42216,16861.61035,18420.48025,25134.09661,24957.39301,19352.44533,14767.17756
J9W3F0,CNAG_06489,Adenosine kinase OS=Cryptococcus neoformans var. grubii serotype A (strain H99 / ATCC 208821 / CBS 10515 / FGSC 9487) GN=CNAG_06489 PE=4 SV=1,4,1.1.4.1.2.1.1.1.1.2.1.1.2.1.2.4.1.1.2.1.1.2,385477.7817,220572.8523,144779.1574,327716.8417,306879.9658,178391.4108,356935.3159,517734.7369,691577.8111,120826.4362,169700.7767,131840.4201,58275.32705,79675.55238,30765.57892,34985.72093,58878.8993,63804.16776
J9W3S6,CNAG_05437,Nascent polypeptide-associated complex subunit beta OS=Cryptococcus neoformans var. grubii serotype A (strain H99 / ATCC 208821 / CBS 10515 / FGSC 9487) GN=CNAG_05437 PE=3 SV=1,5,4.2.5.2.-.2.2.1.3.5.4.5.3.4.5.5.4.4.4.3.3.3,487229.3745,495926.4246,876082.4019,32152.12695,30993.94225,76034.64525,82064.34505,423219.8921,144078.7634,317742.3342,450338.4934,422329.588,481181.4542,495056.3763,565981.9771,693463.5935,312744.1587,327040.2493
J9W3X8,CNAG_05465,Guanine nucleotide-binding protein subunit beta-like protein OS=Cryptococcus neoformans var. grubii serotype A (strain H99 / ATCC 208821 / CBS 10515 / FGSC 9487) GN=CNAG_05465 PE=1 SV=1,17,13.11.16.12.7.12.10.10.9.12.13.11.16.15.16.14.13.15.15.14.15.13,3967760.252,2278235.346,8026485.193,3325189.877,2235006.543,3216141.427,2778382.866,2168802.098,2004904.881,1954134.619,2303381.582,1815761.177,1991739.006,2379145.138,3128427.192,2652233.693,1504026.839,2110043.665
J9W3Z0,CNAG_05478,Charged multivesicular body protein 2A OS=Cryptococcus neoformans var. grubii serotype A (strain H99 / ATCC 208821 / CBS 10515 / FGSC 9487) GN=CNAG_05478 PE=3 SV=2,2,-.-.2.-.-.-.-.-.-.1.-.1.2.1.2.2.1.2.1.1.2.1,9387.160653,6307.046946,51570.14228,9239.313322,6733.495446,19908.79547,7381.715385,8117.374467,8863.70653,19383.55898,34348.01703,21898.08528,41564.05585,57275.54687,62497.32776,93629.00216,51188.06225,52956.95317
J9W404,CNAG_05509,Imidazoleglycerol-phosphate dehydratase OS=Cryptococcus neoformans var. grubii serotype A (strain H99 / ATCC 208821 / CBS 10515 / FGSC 9487) GN=CNAG_05509 PE=3 SV=1,2,-.-.2.-.-.-.1.-.-.-.1.-.-.1.2.2.2.2.1.1.-.-,4082.076583,5454.725638,1168.34001,4988.444085,11685.72731,5276.720111,41127.49032,21346.95304,15499.99226,6981.228988,24224.96108,5188.991632,20848.9677,25096.49063,13653.93089,49428.58565,48917.92622,72247.75814
J9W420,CNAG_05534,Pyridoxal reductase OS=Cryptococcus neoformans var. grubii serotype A (strain H99 / ATCC 208821 / CBS 10515 / FGSC 9487) GN=CNAG_05534 PE=4 SV=1,2,-.1.1.-.-.-.-.-.1.1.-.1.1.2.1.2.1.1.2.1.1.1,3916.415793,5089.94879,32066.40205,7692.761603,7453.948129,21510.6731,12023.75866,4980.134676,10359.86916,19488.80764,17834.07933,18979.89078,15488.80833,16831.50885,27890.09835,29130.65053,17607.01492,25359.33698
J9W451,CNAG_05578,Uncharacterized protein OS=Cryptococcus neoformans var. grubii serotype A (strain H99 / ATCC 208821 / CBS 10515 / FGSC 9487) GN=CNAG_05578 PE=4 SV=2,1,-.-.-.-.-.-.-.-.-.-.-.-.-.-.1.1.-.-.-.-.-.-,1991.650784,1378.547747,1056.989806,4318.059586,1911.745978,4774.267287,5122.240218,2818.566158,5466.51403,4367.154364,1299.765222,3412.87751,999.2587714,3216.509824,815.5862024,1291.676838,1384.668748,716.4378754
J9W462,CNAG_05592,"Potassium/sodium efflux P-type ATPase, fungal-type OS=Cryptococcus neoformans var. grubii serotype A (strain H99 / ATCC 208821 / CBS 10515 / FGSC 9487) GN=CNAG_05592 PE=3 SV=1",7,1.-.6.-.-.-.-.-.-.4.2.5.4.4.7.6.4.5.4.4.4.4,57482.72156,153541.641,90992.82928,33225.97776,52046.35254,32956.61591,33791.04385,38243.92527,38569.90378,161939.7424,145165.8689,214317.9018,134787.4822,122273.8731,200312.2654,206226.5956,129906.9702,143784.7597
J9W480,CNAG_05615,Syntaxin 1B/2/3 OS=Cryptococcus neoformans var. grubii serotype A (strain H99 / ATCC 208821 / CBS 10515 / FGSC 9487) GN=CNAG_05615 PE=4 SV=1,4,-.-.4.2.1.1.2.-.2.3.3.4.3.3.4.4.3.4.3.3.3.4,9275.210343,11536.17516,35175.59113,138025.9149,66228.00963,78796.82751,49192.35429,60873.63474,63729.26777,115833.8583,107117.201,188579.0982,126739.2814,91068.59217,183577.4798,231336.3164,218340.2248,134156.8257
O13465,URE1 CNAG_05540,Urease OS=Cryptococcus neoformans var. grubii serotype A (strain H99 / ATCC 208821 / CBS 10515 / FGSC 9487) GN=URE1 PE=3 SV=3,2,1.-.2.1.-.2.2.-.1.2.1.2.1.-.2.1.-.2.2.2.2.1,19567.01469,24851.05276,67545.27206,20356.57829,19700.26985,63493.93321,37012.66624,42368.28588,75841.16611,41104.56691,71498.94869,51426.77711,23190.52703,30493.21891,17930.52499,22730.74753,43650.63735,32339.75147
O42773,CNA1 CNAG_04796,Serine/threonine-protein phosphatase 2B catalytic subunit A1 OS=Cryptococcus neoformans var. grubii serotype A (strain H99 / ATCC 208821 / CBS 10515 / FGSC 9487) GN=CNA1 PE=3 SV=1,18,2.2.10.4.3.4.10.13.12.2.3.5.17.17.16.15.17.18.16.14.16.14,102789.8907,101842.2488,127523.7735,214129.3787,343700.7212,262821.3178,1092109.347,1269680.02,1072623.587,72184.29707,125534.9793,139610.5537,1538396.894,1656143.078,687938.7688,1243221.822,3022445.528,4458574.54
O94746,FRR1 CNAG_03682,FK506-binding protein 1 OS=Cryptococcus neoformans var. grubii serotype A (strain H99 / ATCC 208821 / CBS 10515 / FGSC 9487) GN=FRR1 PE=3 SV=1,7,3.2.6.2.1.2.2.3.3.5.5.5.5.7.7.5.5.7.6.6.6.5,318499.9324,761091.9261,795174.5681,55685.4338,84390.92039,246233.2641,341656.0051,201421.1635,316027.8115,595808.492,605246.3456,716877.5313,731483.0301,744967.8489,1046661.218,2111613.168,833354.6958,1011271.702
P0C017,ADE2 CNAG_02294,Phosphoribosylaminoimidazole carboxylase OS=Cryptococcus neoformans var. grubii serotype A (strain H99 / ATCC 208821 / CBS 10515 / FGSC 9487) GN=ADE2 PE=2 SV=1,2,1.-.2.1.-.-.-.-.1.-.1.1.-.1.1.1.-.2.-.1.2.2,22174.60989,50593.64294,24129.58064,27638.14025,6111.736769,13335.55203,7513.17666,10811.28706,19581.94679,2185.714134,14136.4318,17846.75159,7910.223789,12300.61751,8310.79661,13060.542,7993.505664,19071.68325
P27710,TRP1 CNAG_04501,Multifunctional tryptophan biosynthesis protein OS=Cryptococcus neoformans var. grubii serotype A (strain H99 / ATCC 208821 / CBS 10515 / FGSC 9487) GN=TRP1 PE=3 SV=2,2,2.1.2.1.1.1.-.2.1.2.1.1.2.2.2.2.2.2.2.2.2.1,84240.95878,125928.3489,62076.81301,132001.8434,383808.2395,145398.702,83891.61648,135857.5517,48008.88824,67547.03382,125490.9787,43249.20208,81788.33469,66462.36643,73473.35089,98771.40956,79450.90399,63944.39682
P48465,CNAG_00483,Actin OS=Cryptococcus neoformans var. grubii serotype A (strain H99 / ATCC 208821 / CBS 10515 / FGSC 9487) GN=CNAG_00483 PE=3 SV=2,23,16.15.22.17.15.16.15.15.16.21.21.21.20.22.23.22.22.22.22.20.22.20,7906219.514,7416443.231,7659881.518,8498302.468,15698641.47,6015490.681,6605633.018,7196199.483,10736624.04,8555396.55,6742700.347,7612195.611,6660794.903,7162408.918,6045089.507,7496444.306,7453819.239,10003691.57
P82476,CDA3 CNAG_01239,Chitin deacetylase OS=Cryptococcus neoformans var. grubii serotype A (strain H99 / ATCC 208821 / CBS 10515 / FGSC 9487) GN=CNAG_01239 PE=1 SV=3,1,-.-.1.-.-.-.-.-.-.1.-.1.-.-.1.-.-.-.1.1.1.-,4968.756748,6278.42229,711.7513487,1678.379664,3557.446372,1594.881374,9862.900313,12602.52968,2825.771307,24223.84177,65243.84359,79087.8778,1235.536725,2550.946295,442.8698447,656.0711311,2711.785481,1175.077349
Q059G6,TPS2 CNAG_03765,Trehalose-6-phosphate phosphatase OS=Cryptococcus neoformans var. grubii serotype A (strain H99 / ATCC 208821 / CBS 10515 / FGSC 9487) GN=TPS2 PE=1 SV=1,9,1.-.8.-.-.-.1.-.-.5.2.7.6.7.9.9.7.9.8.7.7.4,70769.40904,45404.72938,92484.85583,51833.57738,57564.27927,43814.38303,95667.68887,78885.56521,60426.38332,162398.8232,174661.5806,225450.9987,236999.8445,173317.1199,273072.519,631119.1149,399133.8198,387586.5873
Q56R42,HOG1 CNAG_01523,Mitogen-activated protein kinase HOG1 OS=Cryptococcus neoformans var. grubii serotype A (strain H99 / ATCC 208821 / CBS 10515 / FGSC 9487) GN=HOG1 PE=1 SV=1,7,2.1.5.2.1.1.2.-.1.5.2.4.6.5.6.6.4.6.4.4.5.5,138723.3848,345498.1602,145593.1939,95626.71296,74917.13539,45545.90426,69059.42804,70513.42954,77561.08638,130826.8764,141053.0566,227160.9343,321274.9612,354072.9167,517422.8677,348400.0704,465787.3432,361085.3861
Q58Z64,VAD1 DHH1 CNAG_01537,ATP-dependent RNA helicase VAD1 OS=Cryptococcus neoformans var. grubii serotype A (strain H99 / ATCC 208821 / CBS 10515 / FGSC 9487) GN=VAD1 PE=1 SV=1,2,1.-.1.1.-.-.-.-.-.1.1.1.1.1.2.2.1.2.2.1.1.1,35133.16288,5894.923453,3897.73643,109963.5732,15759.40421,10087.78671,12698.87182,15050.69935,15208.02732,62031.99039,31845.88459,152675.7366,56056.35453,78521.8231,92347.4425,143336.9013,162999.3745,138633.9973
Q6URB0,CCP1 CNAG_01138,"Cytochrome c peroxidase, mitochondrial OS=Cryptococcus neoformans var. grubii serotype A (strain H99 / ATCC 208821 / CBS 10515 / FGSC 9487) GN=CCP1 PE=3 SV=1",12,3.2.7.5.2.3.2.3.3.6.4.10.8.6.10.11.8.8.6.8.6.8,141159.0023,134296.6866,181655.9346,200681.2846,139695.0321,110520.2137,189373.1368,231791.2115,248044.6945,409075.9922,478184.1499,597989.3338,470950.2422,347301.0664,497542.9771,755850.5687,337915.6498,417260.7383
Q85SZ4,COII CNAG_09012,Cytochrome c oxidase subunit 2 OS=Cryptococcus neoformans var. grubii serotype A (strain H99 / ATCC 208821 / CBS 10515 / FGSC 9487) GN=COII PE=3 SV=1,4,3.1.4.3.-.-.2.1.1.3.3.4.4.3.4.3.3.4.4.4.4.4,405847.277,278590.7201,901871.0326,82611.51175,15705.7411,22202.76149,96736.74776,71106.96623,86577.07437,433924.2073,252828.9575,528807.6851,608544.333,727096.8555,734396.2747,581478.105,326068.1825,422401.4659
Q8NKE2,AOX1 CNAG_00162,"Alternative oxidase, mitochondrial OS=Cryptococcus neoformans var. grubii serotype A (strain H99 / ATCC 208821 / CBS 10515 / FGSC 9487) GN=AOX1 PE=3 SV=2",1,-.-.1.-.-.-.-.-.-.1.1.-.1.-.1.1.1.1.1.1.1.1,3358.734433,2944.958359,601.0392474,2725.412172,3709.556776,4640.703729,9620.278177,8314.58995,10404.96083,30127.63537,23066.47353,19383.91099,34639.22714,29792.66177,24600.25074,113644.2771,54239.42881,61022.00872
Q8TG24,MET3 CNAG_04215,Sulfate adenylyltransferase OS=Cryptococcus neoformans var. grubii serotype A (strain H99 / ATCC 208821 / CBS 10515 / FGSC 9487) GN=MET3 PE=2 SV=1,11,10.3.10.9.4.6.4.7.9.5.4.8.8.10.11.8.6.7.10.8.8.9,3043459.959,3761124.021,1327629.49,2193458.824,1570980.029,1034061.203,1874197.061,1937971.341,2253757.646,611035.838,829091.956,925982.4594,1275775.673,986431.6443,1841418.273,722429.4175,904298.7679,556773.1789
T2BMD1,CNAG_01130,Uncharacterized protein OS=Cryptococcus neoformans var. grubii serotype A (strain H99 / ATCC 208821 / CBS 10515 / FGSC 9487) GN=CNAG_01130 PE=4 SV=1,5,4.1.4.3.3.2.3.4.4.4.3.2.2.3.3.3.3.3.3.4.4.4,654611.8026,967960.7695,1126482.384,693790.2051,736142.948,637976.4042,1070779.601,959151.8907,1036940.447,389681.3089,423527.6221,259544.8225,305194.4828,377533.7888,276184.1407,349690.6312,242579.5314,288025.3853
T2BME6,CNAG_00995,Uncharacterized protein OS=Cryptococcus neoformans var. grubii serotype A (strain H99 / ATCC 208821 / CBS 10515 / FGSC 9487) GN=CNAG_00995 PE=4 SV=1,9,1.-.6.1.-.-.1.-.1.9.5.9.9.7.9.7.5.9.9.9.7.7,58644.25456,25653.0476,67236.75478,90823.72468,42051.45712,51317.11056,62853.95426,77449.84897,56863.8145,601877.0127,520824.0487,744788.4411,614814.5369,413767.8584,670437.8661,473475.2177,499253.8912,483413.4993
T2BN03,CNAG_03345,DIS3-like exonuclease 2 OS=Cryptococcus neoformans var. grubii serotype A (strain H99 / ATCC 208821 / CBS 10515 / FGSC 9487) GN=CNAG_03345 PE=3 SV=1,11,5.1.5.6.2.2.4.5.2.7.3.6.10.9.10.11.8.9.6.7.8.8,149403.4102,115438.1547,88150.29411,265862.0677,300701.7125,205617.1449,140149.0076,293644.0741,175172.069,217885.7177,190457.3277,136859.3754,719275.3621,680014.124,369015.9415,377546.2714,356254.7901,612830.2264
T2BN16,CNAG_03281,"Glycine-rich RNA binding protein, variant 2 OS=Cryptococcus neoformans var. grubii serotype A (strain H99 / ATCC 208821 / CBS 10515 / FGSC 9487) GN=CNAG_03281 PE=4 SV=1",2,-.-.2.-.1.-.-.-.1.1.2.2.1.2.1.2.1.2.2.1.2.2,8565.903438,3605.369605,3214.947653,8719.908616,101003.7165,6698.238529,17083.97235,16855.59843,59197.89919,59350.40882,42249.17924,47061.16258,35192.35551,65846.14427,33773.33926,57033.17249,49428.98932,33349.91021
T2BN17,CNAG_03482,"Peroxiredoxin (Alkyl hydroperoxide reductase subunit C), variant OS=Cryptococcus neoformans var. grubii serotype A (strain H99 / ATCC 208821 / CBS 10515 / FGSC 9487) GN=CNAG_03482 PE=4 SV=1",15,10.8.15.9.11.9.9.10.10.14.14.13.15.15.15.14.15.15.15.14.12.13,3601817.407,2861365.463,10329448.89,3257847.219,2950863.381,4887710.716,3752491.622,2798624.786,3247231.671,6186446.776,5131687.771,6477708.197,6201046.881,5920373.247,7028887.658,7507150.829,4303385.531,7636437.79
T2BN71,CNAG_02943,"Cytoplasmic protein, variant OS=Cryptococcus neoformans var. grubii serotype A (strain H99 / ATCC 208821 / CBS 10515 / FGSC 9487) GN=CNAG_02943 PE=4 SV=1",22,12.2.20.15.3.8.9.4.8.18.12.18.19.20.22.19.19.22.19.20.17.18,1331282.594,1150456.44,1268897.672,1671030.091,915196.2401,717346.5808,511801.4306,609565.7218,555332.2641,1897907.389,1677212.903,2556312.612,1936608.488,1519933.054,2609783.863,3891028.131,2117154.166,2842382.487
T2BN73,CNAG_02810,"Pumilio-family RNA binding protein, variant OS=Cryptococcus neoformans var. grubii serotype A (strain H99 / ATCC 208821 / CBS 10515 / FGSC 9487) GN=CNAG_02810 PE=4 SV=1",3,2.1.1.1.1.1.1.1.2.1.2.1.2.3.3.3.1.2.3.2.2.2,64304031.23,1139922.431,11860075.53,54799326.2,45021861.36,72260699.52,82775380.25,113042748.5,129943828.9,4685766.185,4153270.519,8062927.217,6088103.67,14118227.21,2970188.716,1407152.133,5137568.752,3499069.915
T2BNE3,CNAG_05109,"CBS and PB1 domain-containing protein, variant OS=Cryptococcus neoformans var. grubii serotype A (strain H99 / ATCC 208821 / CBS 10515 / FGSC 9487) GN=CNAG_05109 PE=4 SV=1",11,3.2.8.3.3.3.2.3.2.5.4.7.11.6.11.10.6.11.7.6.8.4,258312.2366,138381.0113,142701.1732,930603.8795,531889.1742,476453.0515,201476.6431,240873.4968,214175.2573,239173.0443,302100.9282,410194.2879,622864.1424,752099.1939,722297.6746,1283231.77,1303915.208,695447.4559
T2BNH7,CNAG_01823,Inositol-1-monophosphatase OS=Cryptococcus neoformans var. grubii serotype A (strain H99 / ATCC 208821 / CBS 10515 / FGSC 9487) GN=CNAG_01823 PE=3 SV=1,2,1.-.2.1.1.1.1.1.1.2.1.1.2.1.2.2.1.2.1.1.1.1,2713883.558,3528651.856,269253.461,4866915.925,1097101.092,1621364.339,3404366.698,2548911.614,302581.9882,115044.4638,949254.1113,1749635.063,238625.6992,387353.9283,96802.63878,112219.5953,130369.0895,452347.3658
T2BNJ0,CNAG_06840,"Elongation factor 2, variant OS=Cryptococcus neoformans var. grubii serotype A (strain H99 / ATCC 208821 / CBS 10515 / FGSC 9487) GN=CNAG_06840 PE=4 SV=1",46,37.14.42.31.19.22.27.26.26.32.24.39.41.39.45.40.36.43.39.36.37.34,11995020.52,7775686.367,7374004.342,9016778.293,4323501.427,3675300.357,5606720.05,7036736.778,6349395.708,5266534.356,4034885.179,6910890.077,6043398.513,6368667.961,8557362.936,10018784.28,6971668.107,7200486.003
T2BNW0,CNAG_08025,Uncharacterized protein OS=Cryptococcus neoformans var. grubii serotype A (strain H99 / ATCC 208821 / CBS 10515 / FGSC 9487) GN=CNAG_08025 PE=4 SV=1,2,-.-.1.-.-.1.-.-.-.1.-.1.2.1.2.2.1.2.1.2.1.1,7207.936988,15357.03077,16934.81089,17331.51466,14846.74733,13141.62821,9499.208394,13077.37173,12783.56586,10136.15559,15944.8718,9572.089194,28668.05922,39005.52553,27881.36844,41707.12269,48654.26857,27378.23009
T2BP43,CNAG_00305,"Chaperone activator, variant OS=Cryptococcus neoformans var. grubii serotype A (strain H99 / ATCC 208821 / CBS 10515 / FGSC 9487) GN=CNAG_00305 PE=4 SV=1",7,2.2.6.1.2.1.1.1.1.3.4.3.6.5.7.7.5.7.6.5.4.3,101430.5741,100293.4269,235886.9778,81204.6209,42857.00515,123886.3213,59240.72095,66819.11256,53605.26205,171111.6267,171778.3721,240724.3119,318996.4565,308450.5608,335902.95,861486.572,344939.8195,561339.2076
T2BP57,CNAG_02080,Uncharacterized protein OS=Cryptococcus neoformans var. grubii serotype A (strain H99 / ATCC 208821 / CBS 10515 / FGSC 9487) GN=CNAG_02080 PE=4 SV=1,1,-.-.1.-.-.-.-.-.-.1.-.-.1.1.1.1.-.1.1.1.1.-,10699.75383,5486.988034,25039.34824,8896.244926,4229.191787,6194.091891,4330.035903,10083.65473,11322.21379,26638.04054,6124.45652,1864.547101,24428.46141,15722.82222,21958.25514,43641.84704,73605.09285,19879.79892
T2BP75,CNAG_00834,"Phosphatidylserine decarboxylase, variant OS=Cryptococcus neoformans var. grubii serotype A (strain H99 / ATCC 208821 / CBS 10515 / FGSC 9487) GN=CNAG_00834 PE=4 SV=1",2,-.-.2.-.-.-.-.-.-.1.-.1.-.-.2.2.-.2.-.-.1.-,6490.433919,4786.364474,55247.30958,15851.32872,15540.25389,12540.50811,10341.56919,5325.672055,8058.559337,19003.98538,33709.2819,33851.12595,3407.691846,3418.753128,16744.24375,44451.61612,96952.35882,51629.74327
T2BP87,CNAG_05882,"Class E vacuolar protein-sorting machinery protein HSE1, variant OS=Cryptococcus neoformans var. grubii serotype A (strain H99 / ATCC 208821 / CBS 10515 / FGSC 9487) GN=CNAG_05882 PE=4 SV=1",2,-.-.-.-.-.-.-.-.-.1.-.-.1.-.2.2.-.2.-.-.1.-,15337.81663,6941.383327,1920.964986,8122.944459,12781.00361,5463.720951,13738.60641,14440.02425,4669.96254,28856.15789,2565.676844,3572.31814,39365.26475,78799.95126,41469.35231,61541.81058,141854.7999,69811.11876
T2BP90,CNAG_03621,Peptidyl-prolyl cis-trans isomerase OS=Cryptococcus neoformans var. grubii serotype A (strain H99 / ATCC 208821 / CBS 10515 / FGSC 9487) GN=CNAG_03621 PE=3 SV=1,2,2.1.2.2.1.2.2.1.2.1.1.2.2.1.2.2.1.1.1.2.2.2,287417.3858,251063.1363,398048.9437,275566.4425,361528.8161,155311.9292,209046.3832,193579.7904,202846.3821,539130.9309,404302.4944,485539.6841,541158.1484,405664.3687,608622.2807,1076865.7,312039.8466,600873.6335
T2BPA6,CNAG_07965,Uncharacterized protein OS=Cryptococcus neoformans var. grubii serotype A (strain H99 / ATCC 208821 / CBS 10515 / FGSC 9487) GN=CNAG_07965 PE=4 SV=1,8,4.1.7.3.-.-.2.1.2.3.3.5.3.5.8.8.7.7.6.6.4.5,346251.2508,395140.3451,250375.5175,161681.6861,39072.6909,49450.77563,111849.1524,69624.76186,124166.3224,197084.5748,168550.9114,177998.4676,201033.7391,189170.6639,236309.1454,433605.3517,369280.6352,378123.1899
T2BPD2,CNAG_04028,"RNA binding protein, variant OS=Cryptococcus neoformans var. grubii serotype A (strain H99 / ATCC 208821 / CBS 10515 / FGSC 9487) GN=CNAG_04028 PE=4 SV=1",4,2.-.4.-.-.1.1.-.-.3.3.3.3.3.4.4.2.4.3.3.3.1,48331.04661,79325.20807,48880.94678,21170.82024,18616.57684,40098.21069,27252.22384,20215.51539,19944.40036,79079.65334,81718.79237,104297.3116,135270.1876,119327.3253,150752.9341,201641.6536,187310.705,148108.5878
T2BPD8,CNAG_03153,"Sec14 cytosolic factor, variant OS=Cryptococcus neoformans var. grubii serotype A (strain H99 / ATCC 208821 / CBS 10515 / FGSC 9487) GN=CNAG_03153 PE=4 SV=1",5,3.2.5.1.3.3.2.2.2.5.3.4.5.5.5.4.4.4.4.3.5.5,268824.9275,326274.589,571275.4124,304489.2904,339468.0067,332082.1966,352794.3744,180081.2051,303331.0139,263731.5066,333452.1312,319760.008,319399.5647,330272.1513,481118.998,372224.5131,154709.6749,258539.0043
T2BPN6,CNAG_04848,"mRNA binding protein, variant OS=Cryptococcus neoformans var. grubii serotype A (strain H99 / ATCC 208821 / CBS 10515 / FGSC 9487) GN=CNAG_04848 PE=4 SV=1",3,3.-.3.2.1.3.3.2.1.2.3.3.3.3.2.2.3.3.3.3.2.3,453167.2639,462557.7601,252812.3265,324901.3518,728934.0963,1038127.093,478642.0533,790937.4284,423525.9571,114463.5816,160686.9217,157972.0974,206607.0655,187029.5173,138219.0101,130210.8425,128464.4512,128385.5807
T2BPP0,CNAG_04786,Uncharacterized protein OS=Cryptococcus neoformans var. grubii serotype A (strain H99 / ATCC 208821 / CBS 10515 / FGSC 9487) GN=CNAG_04786 PE=4 SV=1,2,1.1.2.2.1.1.1.1.1.2.1.2.2.2.2.2.2.2.1.1.2.2,63191.41836,98559.01056,18669.82003,99704.56727,177250.9015,142247.9529,86278.51028,111191.6774,59249.88089,36070.24778,70969.77857,33919.98528,41431.53139,48395.51757,22019.10375,36269.09838,38740.9253,41108.18273
T2BQ06,CNAG_06450,Uncharacterized protein OS=Cryptococcus neoformans var. grubii serotype A (strain H99 / ATCC 208821 / CBS 10515 / FGSC 9487) GN=CNAG_06450 PE=4 SV=1,2,2.-.1.2.-.-.1.2.-.-.-.1.1.1.1.2.1.1.1.1.1.1,15311.52147,11915.80412,10155.75768,14951.09536,10003.0077,6218.343434,17089.43507,16533.81584,12197.16641,3589.37676,4530.939562,7788.139748,17002.15269,21450.36842,14585.28682,33805.00875,15068.9038,28423.14244
T2BQ66,CNAG_03771,"DNA binding protein Ncp1, variant OS=Cryptococcus neoformans var. grubii serotype A (strain H99 / ATCC 208821 / CBS 10515 / FGSC 9487) GN=CNAG_03771 PE=4 SV=1",17,8.2.12.8.6.5.4.6.6.15.12.16.16.16.16.17.16.17.14.13.14.15,3891288.957,6284550.114,832881.815,2313688.941,2375606.273,1431864.836,1929108.546,2877094.131,2784187.896,4602863.445,3901722.417,3638729.972,2400198.475,3459388.883,2567834.065,1966507.543,3445897,3216147.155
T2BQU2,CNAG_03863,"Protein arginine N-methyltransferase 1, variant OS=Cryptococcus neoformans var. grubii serotype A (strain H99 / ATCC 208821 / CBS 10515 / FGSC 9487) GN=CNAG_03863 PE=3 SV=1",3,2.1.3.2.1.1.1.1.-.1.1.2.3.3.2.2.3.2.3.3.2.2,77982.90079,96940.83182,114193.7957,181507.7873,212704.4598,143807.8862,75256.28112,39816.67053,58621.02724,84403.73521,24930.28895,85244.87698,149964.5829,160419.3232,143487.8012,129442.6259,93930.73613,107382.6252
